ExternalRiskEstimate,MSinceOldestTradeOpen,MSinceMostRecentTradeOpen,AverageMInFile,NumSatisfactoryTrades,NumTrades60Ever2DerogPubRec,NumTrades90Ever2DerogPubRec,PercentTradesNeverDelq,MSinceMostRecentDelq,MaxDelq2PublicRecLast12M,MaxDelqEver,NumTotalTrades,NumTradesOpeninLast12M,PercentInstallTrades,MSinceMostRecentInqexcl7days,NumInqLast6M,NumInqLast6Mexcl7days,NetFractionRevolvingBurden,NetFractionInstallBurden,NumRevolvingTradesWBalance,NumInstallTradesWBalance,NumBank2NatlTradesWHighUtilization,PercentTradesWBalance,RiskPerformance
84,379,2,59,43,0,0,100,150,7,7,72,4,22,2,2,2,8,24,3,2,0,26,0
56,139,21,98,19,1,1,81,1,6,2,12,0,43,21,0,0,60,66,4,3,1,88,0
72,140,25,52,22,0,0,100,150,7,7,22,0,27,9,0,0,90,6,7,2,5,82,0
58,157,10,50,5,0,0,80,5,6,6,5,3,60,0,1,0,54,83,0,3,0,75,0
63,203,41,111,11,1,1,69,13,1,3,13,0,38,0,0,0,93,37,8,2,3,100,0
70,165,15,90,26,1,1,87,15,1,6,31,0,81,150,0,0,19,51,1,4,0,100,0
70,117,3,65,29,0,0,100,150,7,7,29,4,34,6,0,0,69,94,8,3,5,71,0
61,143,4,103,2,2,2,25,35,1,2,4,1,50,150,2,2,61,77,2,1,0,100,0
66,307,6,125,38,3,1,79,24,1,2,49,2,48,4,1,1,45,75,8,3,4,65,0
79,298,8,87,30,0,0,90,18,1,6,34,2,29,7,0,0,14,18,5,2,0,64,0
60,92,16,58,19,4,3,78,5,5,2,23,0,57,150,2,2,51,57,2,1,0,60,0
51,186,13,96,22,3,1,84,2,2,2,25,0,56,0,4,3,79,50,5,3,3,100,0
70,44,3,27,22,1,1,91,6,2,2,23,4,17,0,1,1,17,89,7,3,0,61,0
67,162,34,95,16,0,0,94,3,6,6,17,0,19,15,0,0,67,44,2,1,1,60,0
75,146,14,73,8,0,0,75,5,6,6,57,0,38,22,0,0,0,49,0,1,0,50,0
66,255,13,54,11,1,1,100,150,1,7,11,0,18,0,0,0,83,64,6,1,3,78,0
58,120,8,67,22,1,0,74,6,5,5,23,1,26,0,2,2,87,79,7,3,4,92,0
70,373,4,101,23,0,0,96,7,6,6,25,4,52,0,5,5,49,100,2,1,0,75,0
73,176,15,47,14,0,0,100,150,7,7,14,0,7,150,0,0,62,54,7,2,4,100,0
67,142,3,69,31,1,1,92,7,4,4,38,2,34,3,5,4,32,39,6,3,0,69,0
65,305,4,74,18,6,6,60,12,1,2,25,2,48,0,1,1,8,98,1,2,0,60,0
65,12,7,10,2,0,0,100,150,7,7,2,1,50,0,1,1,103,80,1,2,1,100,0
66,64,2,41,21,0,0,95,41,1,6,22,2,27,0,3,2,67,47,3,3,2,50,0
83,221,11,67,19,0,0,100,150,7,7,21,1,21,10,0,0,4,36,1,3,0,29,0
57,200,5,57,8,5,4,62,11,2,2,13,3,46,4,2,2,54,52,4,3,1,88,0
63,163,7,42,17,1,1,89,25,1,2,20,3,44,150,0,0,58,87,4,4,2,100,0
70,137,7,51,27,0,0,93,12,1,6,27,3,30,0,1,1,43,81,6,2,3,53,0
80,216,7,92,26,0,0,100,150,7,7,23,1,31,0,7,6,2,43,3,4,0,57,0
69,29,3,10,14,0,0,100,150,7,7,14,10,14,16,0,0,21,91,8,1,0,77,0
60,187,5,74,23,0,0,75,4,6,6,24,4,38,0,1,1,44,91,3,2,0,50,0
56,146,3,41,37,0,0,100,150,7,7,41,4,24,4,1,1,75,75,15,2,5,90,0
60,141,4,61,16,0,0,94,5,6,6,17,2,47,0,1,1,64,56,9,3,2,100,0
81,333,27,132,12,0,0,100,150,7,7,12,0,25,0,1,1,51,89,3,1,0,80,0
74,319,3,54,32,0,0,100,150,7,7,32,4,31,0,4,4,69,33,6,3,2,90,0
54,107,2,23,18,0,0,100,150,7,7,20,12,30,150,11,11,71,92,10,3,1,87,0
85,253,2,82,15,0,0,94,69,1,6,18,4,33,150,1,1,6,101,1,2,0,38,0
69,142,6,43,12,0,0,93,23,1,6,15,2,87,5,0,0,53,87,2,3,0,100,0
66,46,4,78,51,0,0,98,5,6,6,3,4,68,1,3,3,32,35,6,4,0,91,0
65,35,10,19,6,0,0,100,150,7,7,6,2,17,150,3,3,76,78,5,1,2,100,0
61,141,3,72,24,1,1,74,4,6,4,27,2,33,150,1,1,35,89,6,3,3,77,0
89,175,29,94,4,0,0,100,150,7,7,6,0,20,150,4,4,0,55,0,1,0,0,0
70,315,3,108,7,2,1,80,48,1,4,10,2,30,0,2,2,94,78,2,1,1,100,0
88,217,21,134,16,0,0,100,150,7,7,0,0,13,150,0,0,7,61,3,1,0,57,0
62,178,5,67,28,0,0,80,5,6,6,30,3,30,1,2,2,21,79,2,4,1,46,0
73,61,1,83,33,6,6,91,36,1,6,25,5,51,4,1,1,8,95,5,3,0,67,0
65,107,4,42,37,0,0,97,11,6,6,37,5,19,9,0,0,26,94,9,1,2,43,0
77,51,4,29,19,0,0,100,150,7,7,22,1,32,1,2,2,0,95,2,3,0,64,0
74,124,11,80,36,4,2,91,23,1,3,45,1,69,0,0,0,7,66,3,9,0,75,0
56,168,26,65,7,0,0,57,2,6,6,7,0,57,0,2,2,126,42,2,3,1,100,0
69,126,2,48,20,0,0,100,150,7,7,21,2,43,0,1,1,79,73,5,3,3,67,0
61,187,8,95,18,1,1,82,2,6,3,22,2,18,0,1,1,21,39,5,1,0,86,0
69,165,4,62,12,0,0,92,75,1,6,12,2,58,0,1,1,97,71,4,1,3,100,0
60,294,2,75,11,3,2,56,2,2,2,16,1,25,150,0,0,28,74,5,2,0,78,0
61,229,21,114,20,3,1,68,8,6,4,25,0,36,0,2,2,63,86,6,3,1,90,0
82,256,6,77,17,0,0,100,150,7,7,51,1,22,1,1,1,37,73,3,1,2,80,0
59,167,24,116,28,2,0,75,0,6,5,32,0,13,0,0,0,92,57,11,1,8,93,0
86,272,7,150,17,1,0,94,81,1,5,18,1,11,6,0,0,7,72,4,1,0,42,0
65,141,3,25,12,3,3,100,150,1,7,18,1,50,0,7,7,16,65,3,4,0,78,0
59,194,10,54,14,1,1,79,10,6,6,15,1,29,0,1,1,74,72,6,1,1,70,0
63,11,2,7,10,0,0,100,150,7,7,12,12,25,0,10,10,18,90,7,1,0,80,0
61,272,1,70,8,1,1,78,20,1,6,10,4,22,0,9,9,22,65,3,2,0,63,0
56,300,13,86,29,1,0,78,1,6,5,32,0,56,0,0,0,42,76,5,5,3,71,0
75,31,8,15,5,0,0,100,150,7,7,5,3,20,150,1,1,12,77,3,1,0,100,0
88,222,10,98,23,0,0,100,150,7,7,38,1,29,150,2,2,1,35,6,2,0,73,0
67,89,1,36,16,0,0,100,150,7,7,19,5,26,0,4,4,63,29,6,2,3,73,0
62,77,9,43,9,2,1,64,14,1,2,11,1,64,0,0,0,51,84,2,4,1,100,0
66,111,14,54,14,1,0,94,42,1,5,16,0,6,0,0,0,96,78,7,2,5,100,0
59,224,17,122,13,3,2,58,8,4,2,33,0,32,150,0,0,55,47,4,4,0,62,0
67,132,2,57,18,0,0,100,150,7,7,8,2,10,150,5,5,74,81,5,2,2,71,0
85,364,16,129,14,0,0,93,58,1,6,14,0,36,150,2,1,3,73,1,1,0,67,0
67,43,1,21,9,0,0,100,150,7,7,11,3,9,0,2,2,52,81,6,1,1,86,0
72,38,6,17,17,0,0,100,150,7,7,17,4,12,0,0,0,59,76,3,1,0,57,0
70,37,4,20,19,0,0,100,150,7,7,20,2,20,0,3,3,42,73,2,2,1,50,0
66,310,3,95,24,1,0,96,3,5,5,28,2,46,0,1,1,43,55,4,3,1,78,0
64,174,16,63,17,1,1,89,1,6,6,19,0,44,0,0,0,6,80,1,2,0,33,0
56,160,23,80,16,0,0,83,6,6,6,18,0,44,0,0,0,112,91,6,2,6,89,0
54,157,7,68,26,0,0,90,20,1,6,30,2,52,150,0,0,94,87,10,4,6,93,0
71,237,9,45,24,0,0,100,150,7,7,50,3,25,150,3,3,32,73,5,4,1,53,0
78,193,23,100,24,1,0,81,13,1,5,26,0,19,0,2,1,0,55,3,1,0,42,0
66,173,5,89,2,0,0,50,65,1,6,2,1,50,0,13,12,66,98,1,1,0,100,0
71,201,5,71,34,0,0,100,150,7,7,37,3,43,0,2,2,49,98,6,3,1,82,0
66,95,0,54,14,0,0,94,19,1,6,16,3,19,0,3,3,53,86,8,1,2,69,0
70,206,3,96,18,3,0,59,11,6,5,22,1,41,0,2,2,10,37,4,1,0,50,0
61,328,3,98,15,1,1,94,33,2,6,16,2,31,14,0,0,48,43,2,2,0,50,0
63,240,15,73,22,0,0,82,2,6,6,2,0,14,150,0,0,37,57,6,2,1,57,0
61,358,9,95,31,0,0,91,10,6,6,33,1,39,0,0,0,70,77,10,1,2,85,0
77,46,5,27,7,0,0,100,150,7,7,7,2,43,0,1,1,0,96,0,2,0,67,0
70,105,5,38,12,1,1,100,150,7,7,13,1,17,0,1,1,21,71,3,1,0,57,0
66,157,7,78,32,4,4,86,7,1,2,0,3,19,0,1,1,33,19,7,3,1,65,0
57,206,1,84,53,1,1,94,61,2,6,83,1,31,1,2,2,60,97,11,3,3,75,0
55,179,1,75,22,1,0,83,2,6,5,24,1,29,0,1,1,57,81,8,2,3,64,0
71,132,9,63,29,0,0,90,2,6,6,31,1,58,0,2,2,23,82,1,4,0,71,0
72,331,5,80,24,0,0,88,55,1,6,25,4,20,0,0,0,76,92,3,2,2,89,0
60,188,31,136,12,1,0,65,4,6,5,17,0,47,0,3,3,51,54,4,2,1,100,0
63,157,5,58,17,0,0,76,6,6,6,76,2,53,4,4,4,30,32,3,4,2,78,0
62,153,3,68,27,1,1,86,1,4,4,28,3,25,0,2,2,22,30,7,3,2,50,0
62,88,8,32,5,1,0,83,11,5,5,0,2,50,1,3,3,37,75,3,1,1,100,0
55,253,3,74,31,1,1,97,2,2,6,31,1,42,0,2,2,11,92,4,6,0,80,0
61,170,3,78,18,3,0,71,36,1,2,21,3,57,0,0,0,111,90,4,3,3,100,0
70,84,8,40,15,1,0,88,60,1,5,16,1,25,150,0,0,7,69,2,3,0,56,0
61,210,4,64,28,0,0,93,9,6,6,28,3,46,0,0,0,52,95,10,2,4,86,0
75,198,4,69,30,0,0,100,150,7,7,30,3,13,0,0,0,46,97,4,2,2,67,0
62,193,3,78,15,2,2,100,150,1,7,16,2,40,0,3,3,99,38,5,2,3,100,0
58,183,32,95,8,8,8,67,3,2,2,5,0,0,0,0,0,0,37,0,2,0,25,0
59,361,6,103,22,0,0,87,41,1,6,24,3,17,0,5,5,70,85,9,2,4,79,0
58,149,13,68,31,0,0,91,1,6,6,32,0,34,150,1,1,62,64,4,5,2,75,0
73,73,8,56,15,0,0,100,150,7,7,4,1,47,150,1,1,96,68,2,3,1,100,0
74,176,9,64,22,0,0,100,150,7,7,23,1,32,1,1,1,23,91,6,5,1,61,0
68,144,2,41,19,0,0,100,150,7,7,21,4,24,0,1,1,63,78,10,3,3,93,0
64,193,9,70,17,0,0,94,22,1,6,17,1,24,0,1,1,67,65,6,1,3,100,0
63,151,9,50,29,0,0,97,3,6,6,30,2,70,0,1,1,52,90,4,4,0,100,0
67,87,12,44,20,0,0,90,11,6,6,20,0,35,0,1,1,31,73,3,3,1,60,0
69,61,8,80,24,0,0,100,150,7,7,8,2,4,150,7,7,29,64,8,1,3,56,0
77,252,4,54,24,0,0,100,150,7,7,37,3,42,3,2,2,15,78,4,5,1,64,0
65,249,2,70,32,1,1,94,14,1,6,33,2,18,150,2,2,48,64,8,1,1,45,0
71,162,6,58,12,1,1,100,150,1,7,13,2,46,0,2,2,73,42,4,3,1,88,0
47,204,16,100,25,2,2,89,1,2,6,28,0,21,150,1,0,76,67,9,1,3,85,0
69,208,23,125,7,2,0,73,24,1,5,11,0,73,150,5,5,46,77,2,1,0,100,0
65,26,2,13,8,0,0,100,150,7,7,11,4,45,0,2,2,39,83,5,2,0,88,0
63,183,13,74,13,2,2,75,7,2,2,17,0,81,0,0,0,0,71,0,1,0,50,0
65,258,5,73,62,0,0,97,7,6,6,60,7,25,3,2,2,20,54,11,9,1,49,0
91,449,4,149,11,0,0,100,150,7,7,11,2,9,0,0,0,0,90,1,1,0,25,0
77,275,0,63,15,1,0,89,29,1,5,18,4,22,0,2,2,18,76,4,1,0,56,0
68,122,13,63,20,0,0,91,2,6,6,23,0,65,0,1,1,0,49,0,6,0,86,0
72,152,2,62,9,1,1,100,150,7,7,11,2,40,0,0,0,28,80,1,1,0,40,0
70,258,3,43,27,1,1,100,150,1,7,41,8,15,0,6,6,5,58,12,2,0,67,0
59,290,7,70,9,2,1,70,14,1,5,10,2,50,12,0,0,73,52,3,3,1,86,0
69,187,2,88,11,0,0,100,150,7,7,15,2,53,0,2,2,86,71,4,1,3,100,0
57,160,1,70,6,3,2,45,13,1,3,11,1,73,0,2,2,64,52,1,4,1,71,0
75,305,2,95,38,2,1,95,39,1,5,40,3,20,0,4,3,26,79,5,1,1,50,0
69,82,13,57,15,5,4,67,23,1,2,21,0,71,5,2,2,6,66,1,2,0,75,0
64,185,8,96,31,2,0,88,17,1,5,33,1,21,16,0,0,73,92,8,3,6,73,0
73,300,32,143,12,0,0,77,0,6,6,13,0,23,0,2,2,7,66,3,1,0,67,0
78,267,3,73,35,0,0,97,52,1,6,35,2,43,2,2,2,27,91,4,4,1,80,0
65,182,2,50,18,1,0,90,6,5,5,21,5,57,150,8,7,58,88,4,3,0,88,0
64,179,13,70,17,0,0,78,1,6,6,18,0,50,4,1,1,57,22,4,2,0,75,0
64,144,5,64,30,0,0,97,150,1,1,30,3,53,0,1,1,88,74,8,4,2,92,0
56,95,2,24,15,0,0,100,150,7,7,19,4,44,4,1,1,73,87,5,6,2,85,0
59,134,6,48,11,1,1,60,3,6,4,26,2,40,17,0,0,49,91,4,3,0,70,0
67,85,2,40,23,1,1,100,150,1,7,24,3,83,150,2,1,82,79,1,9,1,92,0
75,160,2,66,36,1,0,95,16,1,5,38,1,18,0,4,4,19,78,4,2,1,32,0
71,151,2,34,10,0,0,100,150,7,7,12,7,25,0,4,4,53,81,6,2,1,67,0
65,265,11,64,16,0,0,88,37,1,6,17,1,24,0,1,1,76,74,8,1,2,100,0
73,131,3,84,20,0,0,100,150,7,7,14,6,60,150,4,4,48,50,4,8,2,93,0
74,204,14,88,51,0,0,100,150,7,7,64,0,40,150,0,0,34,53,6,9,1,75,0
74,115,13,31,10,0,0,100,150,7,7,35,0,40,150,1,1,21,73,3,2,1,86,0
60,71,2,26,18,1,1,95,44,1,6,20,4,21,0,2,2,30,78,6,2,1,62,0
77,217,19,97,13,0,0,92,46,1,6,13,0,23,0,3,3,29,58,1,1,0,20,0
85,122,5,105,18,0,0,100,150,7,7,28,2,44,150,4,4,11,67,2,1,0,75,0
75,106,2,41,8,0,0,100,150,7,7,9,2,44,2,5,5,42,79,3,2,1,83,0
59,185,15,97,21,5,5,75,1,3,2,28,0,25,0,1,1,9,67,2,2,1,44,0
60,214,8,86,29,1,1,94,1,6,4,31,2,26,0,1,1,71,23,3,4,1,62,0
63,43,10,27,15,0,0,100,150,7,7,15,1,20,0,1,1,53,77,9,2,1,85,0
73,134,1,33,3,1,1,86,29,1,3,7,3,29,0,2,2,5,93,2,1,1,75,0
75,81,2,49,11,0,0,100,150,7,7,12,1,58,0,1,1,63,99,4,2,1,100,0
60,60,13,27,6,0,0,88,2,6,6,8,0,63,150,4,4,60,92,1,3,0,80,0
80,118,13,74,11,0,0,100,150,7,7,11,0,73,4,0,0,25,84,1,2,0,75,0
78,245,12,17,4,0,0,100,150,7,7,11,0,50,15,0,0,0,72,0,2,0,50,0
51,232,6,93,13,2,1,69,1,2,2,16,3,38,0,0,0,94,88,2,3,1,83,0
73,71,12,47,9,0,0,89,14,1,6,9,0,67,0,2,2,17,93,1,3,0,100,0
69,105,3,30,17,0,0,100,150,7,7,17,7,12,4,1,1,32,100,6,1,2,64,0
74,172,0,82,14,0,0,81,5,6,6,16,2,38,0,2,2,3,77,2,1,0,43,0
73,288,11,61,8,0,0,88,8,6,6,24,2,50,1,1,1,46,70,2,1,0,100,0
70,270,9,76,14,0,0,100,150,7,7,14,2,7,150,0,0,59,90,6,1,4,54,0
57,47,9,35,5,1,0,50,16,1,5,10,1,30,0,2,2,66,70,2,2,0,57,0
57,108,15,68,21,1,1,95,8,2,6,19,0,57,150,0,0,68,80,3,5,0,89,0
59,30,2,15,10,0,0,100,150,7,7,12,1,25,0,3,3,62,32,6,2,3,89,0
65,235,3,65,28,0,0,90,40,1,6,29,5,31,0,2,2,31,71,12,4,1,80,0
70,122,2,43,13,0,0,100,150,7,7,15,2,36,2,1,1,52,46,4,3,2,88,0
70,115,3,48,18,0,0,95,61,1,6,19,2,26,150,5,5,72,50,3,3,1,86,0
83,255,3,72,29,0,0,100,150,7,7,34,2,21,150,2,2,2,72,5,1,0,38,0
80,224,2,67,39,0,0,95,14,1,6,40,2,15,0,2,2,2,37,4,3,0,39,0
88,272,29,137,5,0,0,100,150,7,7,5,0,20,150,1,1,3,60,1,1,0,33,0
70,178,6,114,16,0,0,88,12,1,6,16,2,31,150,0,0,43,16,7,3,3,92,0
56,193,46,88,22,0,0,78,3,6,6,23,0,22,0,1,1,64,37,8,2,4,83,0
63,127,4,57,16,2,2,88,5,6,6,17,1,35,150,1,1,91,58,2,1,1,100,0
54,169,32,61,9,1,1,78,1,2,6,9,0,56,150,1,1,77,59,3,1,2,100,0
68,284,1,78,45,0,0,100,150,7,7,47,5,19,1,7,7,27,57,9,3,1,48,0
77,216,8,137,10,0,0,100,150,7,7,10,1,0,0,3,3,49,60,4,2,2,50,0
65,257,1,96,18,0,0,90,64,1,6,21,2,29,5,1,1,81,89,8,3,5,100,0
86,321,10,104,10,0,0,100,150,7,7,11,1,45,4,0,0,2,75,4,1,2,83,0
70,52,17,42,8,0,0,100,150,7,7,8,0,38,150,0,0,95,64,3,1,2,67,0
82,161,1,52,23,0,0,100,150,7,7,25,3,48,0,4,4,2,78,2,4,0,43,0
68,21,7,13,7,0,0,100,150,7,7,7,2,86,2,2,2,19,90,1,5,0,100,0
62,192,6,127,18,1,1,95,17,2,6,0,2,26,0,2,2,3,71,4,1,0,50,0
77,159,1,61,27,0,0,100,150,7,7,31,6,6,0,8,8,10,70,7,1,0,42,0
66,116,4,17,4,0,0,100,150,7,7,5,2,80,4,4,4,97,196,1,2,1,75,0
65,142,3,69,15,0,0,93,5,6,6,15,1,27,0,0,0,25,70,4,1,3,50,0
71,60,9,29,12,1,1,92,44,1,6,12,2,75,0,2,1,0,59,0,2,0,75,0
64,30,5,19,6,1,0,86,14,1,5,7,1,57,0,1,1,71,92,3,3,1,100,0
73,192,4,60,19,0,0,95,40,1,6,19,3,42,0,2,2,29,95,4,3,2,88,0
61,252,24,127,32,1,1,86,1,6,3,43,0,47,150,0,0,38,71,7,1,1,53,0
74,161,17,70,34,0,0,97,31,1,6,0,0,47,3,1,1,14,26,5,5,1,71,0
76,56,7,39,6,0,0,100,150,7,7,6,1,17,0,0,0,21,22,3,1,1,67,0
68,195,3,70,41,1,1,98,69,1,4,45,6,71,2,3,3,74,83,6,7,3,100,0
63,235,7,123,4,13,9,44,17,1,4,9,1,44,7,0,0,1,48,1,2,0,60,0
54,121,9,57,20,1,1,88,5,6,6,0,2,67,9,0,0,68,79,2,6,1,90,0
63,98,23,50,5,1,1,67,19,1,2,0,0,33,8,1,0,6,57,2,1,0,100,0
68,167,0,68,30,1,0,88,16,1,5,32,4,34,150,2,2,25,31,4,2,0,43,0
68,180,1,91,9,1,1,82,22,1,3,11,2,9,0,2,2,27,78,4,1,1,67,0
61,60,13,41,19,0,0,100,150,7,7,21,0,38,0,0,0,89,66,5,1,4,100,0
67,145,6,57,18,1,1,100,150,1,7,0,3,44,150,5,5,31,77,4,2,1,86,0
55,223,23,107,12,2,1,79,2,6,5,15,0,36,0,0,0,86,50,4,3,2,100,0
79,42,7,23,9,0,0,100,150,7,7,9,1,33,150,0,0,5,26,1,2,0,50,0
89,383,383,383,1,1,1,100,150,1,7,1,0,100,150,1,1,54,36,5,1,2,82,0
76,384,6,87,24,1,1,96,32,1,3,27,2,26,150,0,0,4,61,4,1,0,45,0
69,160,5,109,11,1,1,92,20,1,3,13,1,31,150,0,0,94,85,3,2,3,100,0
68,141,8,45,28,0,0,93,24,1,6,32,3,13,4,1,1,26,83,8,2,2,63,0
61,257,20,120,27,0,0,87,3,6,6,30,0,57,150,2,2,41,57,4,1,0,71,0
81,220,12,36,5,0,0,100,150,7,7,35,0,60,7,0,0,0,71,0,1,0,33,0
71,248,70,93,5,1,1,100,150,1,7,5,0,40,14,0,0,47,39,1,2,0,50,0
63,45,5,28,16,0,0,100,150,7,7,16,2,19,0,10,10,47,80,6,3,2,75,0
85,59,21,90,9,0,0,100,150,7,7,19,0,56,8,0,0,0,70,0,2,0,67,0
65,134,5,79,16,5,2,61,9,6,2,23,2,30,150,0,0,18,96,2,2,0,57,0
65,77,17,52,18,1,0,95,4,5,5,14,0,42,150,1,1,30,68,6,4,1,77,0
74,271,4,65,32,0,0,100,150,7,7,33,8,18,0,1,1,18,67,4,2,1,20,0
72,5,3,46,10,1,0,91,28,1,5,1,2,36,1,2,2,68,63,1,1,1,50,0
73,158,7,62,17,1,1,89,13,1,2,19,1,37,20,0,0,19,47,1,3,0,80,0
58,183,2,47,29,0,0,93,25,1,6,24,4,40,150,0,0,53,77,8,5,3,72,0
54,161,25,70,14,1,0,80,9,6,5,15,0,60,150,0,0,97,45,4,3,3,100,0
73,70,2,31,20,0,0,100,150,7,7,21,4,10,0,5,5,45,97,4,2,0,55,0
70,153,7,79,32,0,0,89,17,1,6,36,3,36,0,2,1,77,75,7,1,1,89,0
58,168,3,112,14,4,0,74,4,5,5,19,1,26,0,1,1,104,55,2,1,1,100,0
61,188,10,90,21,2,0,76,3,6,5,25,1,28,150,5,5,60,71,4,1,0,86,0
55,186,6,96,42,4,2,84,4,2,5,45,1,11,150,4,4,30,48,7,3,0,44,0
89,496,8,140,20,0,0,100,150,7,7,22,1,0,0,2,1,7,67,3,1,0,27,0
83,210,3,74,24,0,0,100,150,7,7,24,3,29,0,3,3,11,87,2,2,0,40,0
48,155,26,79,32,10,10,82,1,2,2,40,0,29,0,2,2,88,86,7,10,3,77,0
73,104,3,39,18,0,0,100,150,7,7,18,4,33,0,0,0,33,69,5,6,0,92,0
62,331,3,70,14,0,0,94,150,1,1,18,7,50,0,5,5,90,100,7,2,4,100,0
68,46,12,31,11,0,0,91,13,1,6,11,0,36,0,0,0,33,56,4,2,0,86,0
61,46,2,23,9,1,1,100,150,1,7,10,2,40,1,5,4,56,72,5,2,0,88,0
56,158,1,63,10,1,0,71,1,6,5,14,3,14,150,1,1,46,49,6,1,2,100,0
62,139,2,41,11,0,0,93,3,6,6,15,2,80,150,2,2,92,92,1,4,1,100,0
72,150,20,43,7,1,0,88,11,5,5,25,0,25,0,3,3,4,64,4,2,0,75,0
62,102,2,69,6,1,1,75,44,1,2,8,1,50,150,1,1,65,68,4,2,1,100,0
72,186,13,55,25,1,1,92,37,1,6,43,0,24,150,0,0,29,64,4,1,1,71,0
57,14,5,8,3,0,0,100,150,7,7,3,2,33,0,6,5,96,78,2,1,1,100,0
63,187,23,110,12,2,2,80,67,1,4,15,0,53,16,0,0,81,87,2,3,1,100,0
77,59,19,41,6,0,0,100,150,7,7,6,0,50,4,2,1,0,93,0,2,0,67,0
74,99,8,51,16,0,0,100,150,7,7,16,1,56,0,0,0,15,49,5,3,1,89,0
78,110,6,54,26,0,0,100,150,7,7,27,2,52,0,3,3,0,89,2,4,0,50,0
62,170,3,34,15,0,0,100,150,7,7,13,7,20,150,0,0,67,100,10,2,3,100,0
71,175,8,46,14,0,0,93,25,1,6,14,1,57,0,1,1,76,76,2,2,0,80,0
64,264,3,86,10,1,1,79,14,1,3,14,1,36,0,1,1,79,88,4,1,1,83,0
58,206,3,81,32,2,0,91,35,1,5,34,1,50,1,2,2,54,85,4,2,1,64,0
70,167,15,80,2,2,0,50,22,1,5,4,0,25,2,1,1,0,81,0,1,0,50,0
59,81,6,41,27,5,5,100,150,2,7,27,2,44,1,4,4,49,73,6,4,2,71,0
66,124,8,58,33,0,0,94,1,6,6,35,1,39,0,2,2,54,56,3,3,0,89,0
78,181,16,48,16,0,0,94,52,1,6,8,0,13,0,1,1,13,66,3,1,0,40,0
65,519,7,87,22,0,0,92,8,6,6,24,1,33,1,2,2,65,60,4,1,1,83,0
63,78,1,35,5,0,0,83,4,6,6,6,1,67,0,2,1,66,82,1,2,1,100,0
59,137,11,78,31,0,0,91,1,6,6,32,1,47,0,0,0,62,93,12,4,3,94,0
61,271,9,86,26,0,0,89,3,6,6,27,1,56,0,1,1,57,67,6,5,2,92,0
60,423,9,109,32,0,0,94,2,6,6,34,1,38,0,0,0,72,5,8,3,6,79,0
63,31,6,17,7,2,2,100,150,7,7,9,3,14,0,0,0,51,77,4,1,1,100,0
61,82,3,35,21,1,1,90,3,6,6,21,2,24,150,2,2,17,50,5,2,0,50,0
75,41,41,41,1,0,0,100,150,7,7,1,0,100,5,1,1,60,43,2,1,1,100,0
73,18,2,10,1,0,0,100,150,7,7,2,1,50,0,6,6,12,70,1,1,0,100,0
77,291,3,116,14,0,0,100,150,7,7,14,1,36,0,6,6,45,69,6,3,2,75,0
69,57,2,27,14,0,0,100,150,7,7,15,5,47,0,0,0,46,97,6,2,2,89,0
76,177,1,44,24,1,0,96,22,1,5,26,3,15,0,1,1,5,76,4,3,0,37,0
78,272,4,90,14,0,0,100,150,7,7,25,2,29,150,0,0,32,78,6,1,2,78,0
74,167,4,63,17,0,0,94,31,1,6,17,2,41,0,2,2,38,91,4,3,2,78,0
61,83,1,45,15,0,0,74,10,6,6,20,5,26,0,2,2,20,59,3,1,0,40,0
59,185,7,76,21,0,0,83,11,6,6,24,2,63,0,3,3,59,64,2,6,2,73,0
61,288,4,100,36,0,0,97,11,6,6,37,5,51,0,3,3,65,76,6,11,2,95,0
70,396,3,134,33,0,0,91,46,1,6,45,2,26,150,5,5,59,39,6,2,2,50,0
69,266,5,93,22,2,0,89,28,1,5,27,2,41,9,0,0,27,92,6,2,1,67,0
86,266,3,95,12,0,0,100,150,7,7,13,3,15,0,0,0,22,82,3,2,0,43,0
77,437,8,115,35,0,0,100,150,7,7,31,4,26,1,3,3,23,74,6,2,0,50,0
50,144,7,74,36,3,2,86,1,2,2,42,1,52,0,0,0,92,45,7,4,2,92,0
70,178,2,95,43,0,0,100,150,7,7,55,5,35,1,5,5,71,71,5,3,3,53,0
69,57,19,34,4,2,2,67,35,1,3,6,0,33,0,4,4,86,59,1,1,1,100,0
60,169,3,83,18,3,2,81,5,6,2,21,1,29,0,0,0,83,53,3,4,1,89,0
79,207,6,81,30,0,0,100,150,7,7,31,4,16,0,2,2,8,63,6,2,0,41,0
74,219,18,90,15,2,0,71,8,6,5,17,0,41,0,3,3,25,51,3,3,0,75,0
69,156,10,84,19,1,1,86,36,1,3,22,2,73,0,6,6,62,75,5,2,1,100,0
69,147,3,65,38,0,0,100,150,7,7,41,4,44,1,4,4,51,73,3,3,1,46,0
66,98,6,13,2,0,0,100,150,7,7,0,1,100,150,1,0,46,61,1,1,0,100,0
68,141,1,62,26,1,1,93,15,1,2,28,1,11,0,2,0,39,1,5,2,1,50,0
87,182,3,83,20,0,0,100,150,7,7,13,4,35,150,0,0,5,54,5,2,0,47,0
80,263,21,116,25,0,0,100,150,7,7,25,0,64,21,0,0,48,54,3,2,0,71,0
82,272,3,106,26,1,1,89,10,6,4,28,1,32,0,0,0,7,72,2,2,0,38,0
59,162,33,74,11,2,2,71,9,6,3,14,0,43,150,0,0,83,17,4,3,1,100,0
71,285,3,84,25,1,0,93,26,1,5,27,1,33,0,7,7,30,38,2,4,1,78,0
73,126,12,61,11,0,0,100,150,7,7,11,0,45,0,1,1,71,57,4,3,2,88,0
83,175,26,69,16,0,0,100,150,7,7,16,0,38,0,1,1,4,43,2,2,0,40,0
82,69,21,41,10,0,0,100,150,7,7,10,0,10,0,1,1,13,78,1,1,0,67,0
72,198,13,91,16,0,0,94,53,1,6,18,0,39,0,1,1,88,86,5,2,2,100,0
57,258,1,119,41,2,2,91,1,6,2,19,3,18,0,2,2,12,70,6,2,2,38,0
84,210,3,68,16,0,0,100,150,7,7,16,3,56,6,0,0,2,73,2,5,0,73,0
78,128,3,54,7,0,0,100,150,7,7,8,3,63,0,2,2,42,2,1,2,0,100,0
69,142,6,57,10,1,1,67,30,1,4,14,2,42,150,1,1,73,99,3,3,1,100,0
64,152,3,80,31,0,0,94,3,6,6,42,2,22,12,0,0,18,94,6,1,1,50,0
65,159,28,49,11,0,0,91,14,1,6,22,0,27,9,0,0,52,50,4,1,1,83,0
69,118,2,42,20,1,0,91,27,1,5,22,7,23,150,4,4,14,88,4,1,0,55,0
64,252,29,127,3,1,1,100,150,1,7,3,0,100,1,0,0,50,4,1,1,1,100,0
65,12,12,12,1,0,0,100,150,7,7,1,0,100,150,1,1,63,92,1,1,0,100,0
66,8,1,4,1,0,0,100,150,7,7,3,3,33,2,4,4,45,89,1,1,0,67,0
68,191,7,67,25,1,1,89,20,1,3,32,2,22,15,1,0,51,44,9,2,5,73,1
70,158,7,77,25,0,0,96,21,1,6,39,1,12,150,2,2,15,48,8,1,1,67,1
85,232,2,105,26,0,0,100,150,7,7,41,2,39,0,2,2,5,59,3,3,1,46,1
75,143,1,53,27,0,0,97,29,1,6,18,6,45,1,1,1,10,89,3,6,0,64,1
60,349,1,74,16,1,1,95,4,4,4,19,4,58,0,3,3,59,29,5,3,1,73,1
81,345,19,112,22,0,0,95,35,1,6,22,0,41,23,0,0,1,23,2,3,0,45,1
66,288,13,80,32,0,0,85,2,6,6,33,0,33,12,0,0,43,82,5,1,1,60,1
72,225,3,68,28,0,0,96,18,1,6,28,4,18,150,0,0,25,100,5,2,1,50,1
87,165,26,103,20,0,0,100,150,7,7,17,0,60,150,0,0,0,55,1,3,0,50,1
77,218,8,72,25,0,0,96,74,1,6,25,3,52,2,1,1,32,69,3,4,0,64,1
63,104,3,42,13,3,3,87,29,2,3,15,3,40,150,4,4,41,100,5,6,0,85,1
84,209,47,118,11,0,0,100,150,7,7,14,0,36,6,0,0,11,37,3,1,0,67,1
64,179,1,37,14,0,0,100,150,7,7,22,9,40,0,5,5,52,100,5,6,2,73,1
77,181,4,68,27,1,0,89,30,1,5,28,2,46,0,1,1,4,69,3,2,0,45,1
76,97,9,44,14,0,0,100,150,7,7,14,2,21,0,1,1,32,43,3,2,0,63,1
64,97,10,50,22,0,0,95,15,1,6,24,1,41,150,0,0,68,64,2,2,2,44,1
86,148,2,77,24,0,0,96,47,1,6,26,1,46,2,2,2,3,73,2,3,0,33,1
82,336,33,142,15,0,0,100,150,7,7,15,0,13,0,1,1,29,48,4,1,1,57,1
79,284,4,96,51,0,0,98,24,1,6,53,3,42,0,2,2,10,62,3,1,0,40,1
84,347,11,74,19,0,0,95,45,1,6,19,1,32,0,1,1,4,81,5,2,0,64,1
90,135,9,76,16,0,0,100,150,7,7,16,1,56,0,0,0,3,58,1,2,0,75,1
87,196,30,117,19,0,0,100,150,7,7,20,0,30,0,0,0,7,37,5,2,0,71,1
85,143,26,79,26,0,0,100,150,7,7,27,0,15,0,2,2,3,53,3,1,0,50,1
72,370,4,70,20,0,0,100,150,7,7,20,3,40,0,1,1,73,50,2,7,2,83,1
84,317,2,132,26,0,0,100,150,7,7,27,2,22,0,0,0,16,51,5,3,1,57,1
80,169,23,76,12,0,0,92,19,1,6,12,0,0,0,1,1,5,74,3,1,0,30,1
80,257,10,70,20,0,0,100,150,7,7,20,1,20,2,1,1,1,61,4,2,0,55,1
85,140,11,75,16,0,0,100,150,7,7,16,1,31,0,0,0,13,20,2,2,0,67,1
86,232,1,75,21,0,0,100,150,7,7,23,2,17,0,2,2,1,51,2,2,0,29,1
76,150,17,75,27,0,0,96,30,1,6,27,0,22,0,2,2,14,65,4,1,1,42,1
86,199,1,83,17,0,0,100,150,7,7,19,3,37,0,2,2,1,21,1,3,1,33,1
83,221,3,76,33,0,0,100,150,7,7,35,3,21,4,1,1,7,61,3,3,0,29,1
63,497,2,135,21,2,1,85,2,6,4,26,2,35,3,2,2,38,67,7,4,1,69,1
64,209,15,62,43,0,0,100,150,7,7,43,0,47,3,2,2,91,47,3,2,2,63,1
83,217,1,73,34,0,0,100,150,7,7,39,2,21,1,1,1,7,48,6,2,1,57,1
83,306,2,92,30,0,0,100,150,7,7,32,3,22,3,0,0,18,62,5,1,1,43,1
82,141,19,80,7,0,0,100,150,7,7,7,0,29,1,0,0,44,72,2,3,0,100,1
81,162,13,66,17,0,0,100,150,7,7,17,0,12,0,1,1,3,74,2,1,0,43,1
70,200,6,95,23,0,0,96,14,1,6,24,1,58,0,3,3,34,75,5,4,0,82,1
74,295,8,91,23,0,0,79,22,1,6,24,4,29,0,0,0,17,73,4,2,0,75,1
85,193,8,90,19,0,0,100,150,7,7,19,3,16,0,2,2,18,79,2,1,0,60,1
71,417,17,123,28,1,0,72,9,6,5,25,0,23,9,0,0,13,68,12,1,0,81,1
63,292,1,107,15,1,1,94,1,4,3,17,1,18,0,1,1,16,77,4,1,0,56,1
82,233,2,92,56,0,0,100,150,7,7,66,9,49,0,1,1,8,64,2,13,2,62,1
68,222,2,93,32,0,0,97,16,1,6,37,1,35,0,2,2,62,83,5,1,2,60,1
83,154,4,57,13,0,0,93,30,1,6,14,1,43,0,0,0,4,80,1,4,1,45,1
78,175,7,68,44,0,0,100,150,1,1,45,3,62,0,3,3,17,92,5,2,0,70,1
77,149,3,69,18,0,0,94,7,6,6,18,2,72,10,0,0,13,82,1,4,0,71,1
75,189,7,61,27,2,0,90,22,1,5,29,2,62,150,0,0,0,110,1,6,0,70,1
87,433,87,198,6,0,0,100,150,7,7,7,0,0,0,0,0,13,35,1,1,0,25,1
64,110,4,50,14,1,1,94,43,1,2,17,1,47,0,2,2,70,91,2,2,0,80,1
77,251,29,111,23,3,1,89,43,1,5,27,0,56,0,1,1,2,42,3,2,0,63,1
92,399,43,150,30,0,0,100,150,7,7,30,0,3,9,0,0,1,24,4,1,0,33,1
67,279,3,80,51,0,0,94,13,1,6,52,2,37,0,1,1,45,86,15,4,3,70,1
59,274,3,98,27,0,0,93,1,6,6,28,2,21,0,1,1,54,82,8,2,4,65,1
82,190,2,52,25,0,0,100,150,7,7,26,4,23,5,0,0,11,50,6,3,0,47,1
79,322,1,92,27,0,0,100,150,7,7,30,3,20,1,2,2,18,101,6,3,1,56,1
77,167,24,110,23,0,0,100,150,7,7,26,0,31,15,0,0,51,45,4,2,1,67,1
82,115,4,58,24,1,0,96,50,1,5,25,4,52,4,1,1,2,52,1,4,0,71,1
68,86,2,32,26,0,0,100,150,7,7,28,5,25,0,4,4,22,92,5,3,0,57,1
83,143,9,59,27,0,0,100,150,7,7,27,1,37,0,1,1,4,73,2,1,0,33,1
78,274,4,98,5,0,0,100,150,7,7,6,2,67,0,2,2,0,80,0,2,0,50,1
66,331,6,94,24,0,0,92,45,1,6,26,7,25,150,0,0,56,91,6,3,3,64,1
80,138,4,61,18,0,0,94,39,1,6,18,2,11,17,1,0,0,88,2,2,1,29,1
89,147,1,145,13,0,0,100,150,7,7,19,1,7,150,2,2,2,16,1,1,0,25,1
72,233,6,98,36,0,0,100,150,7,7,38,2,34,0,1,1,63,70,5,1,2,55,1
79,136,9,87,15,0,0,100,150,7,7,15,1,27,150,0,0,47,77,5,1,1,75,1
63,268,2,81,20,0,0,82,4,6,6,23,3,45,12,0,0,50,100,6,3,1,82,1
91,215,19,98,13,0,0,100,150,7,7,14,0,14,7,0,0,0,64,1,1,0,25,1
84,154,16,66,11,0,0,100,150,7,7,0,0,50,10,0,0,4,66,2,1,0,67,1
80,202,12,85,25,0,0,100,150,7,7,43,0,32,0,2,2,3,6,2,4,0,86,1
90,172,30,84,9,0,0,100,150,7,7,9,0,33,150,0,0,4,47,1,1,0,29,1
78,215,9,74,41,0,0,100,150,7,7,44,2,37,150,0,0,35,80,3,4,1,88,1
77,193,23,43,8,0,0,100,150,7,7,18,0,13,150,0,0,45,9,5,1,0,86,1
70,98,3,43,17,0,0,100,150,7,7,17,2,35,2,3,3,36,73,2,1,1,75,1
65,247,5,87,50,0,0,96,3,6,6,52,3,16,4,1,1,11,22,10,2,1,55,1
84,260,12,125,15,0,0,100,150,7,7,15,0,40,5,1,1,29,73,2,1,0,60,1
86,204,7,61,18,0,0,100,150,7,7,20,1,20,150,0,0,13,79,2,1,0,43,1
83,108,14,57,15,0,0,100,150,7,7,15,0,27,0,2,2,6,54,3,2,0,56,1
91,340,18,152,15,0,0,100,150,7,7,15,0,7,12,0,0,3,57,2,1,0,22,1
55,134,68,97,5,1,1,67,7,2,6,6,0,50,1,1,1,0,29,0,1,1,33,1
75,162,8,77,40,0,0,100,150,7,7,42,1,20,7,0,0,27,80,5,2,1,64,1
65,100,9,40,15,0,0,93,9,6,6,15,3,47,0,0,0,50,65,3,2,0,71,1
72,199,15,83,20,0,0,80,37,1,6,20,0,45,14,0,0,54,90,1,2,1,75,1
77,438,7,145,12,1,1,92,61,1,4,13,1,8,0,3,3,18,66,1,1,0,60,1
75,99,5,56,38,0,0,100,150,7,7,40,3,55,0,1,1,41,76,6,3,0,75,1
69,17,17,17,1,0,0,100,150,0,7,1,0,100,0,0,0,69,75,2,3,1,93,1
88,450,33,169,14,0,0,100,150,7,7,14,0,14,8,0,0,0,37,2,1,0,50,1
85,182,13,74,10,0,0,100,150,7,7,10,0,50,18,0,0,12,34,4,2,0,86,1
68,269,0,38,12,1,1,88,29,1,2,10,4,25,4,3,3,35,96,5,2,0,78,1
83,244,3,69,33,0,0,100,150,7,7,34,3,15,4,1,1,1,85,6,2,0,38,1
84,140,2,54,8,0,0,100,150,7,7,9,2,33,3,2,1,10,89,1,3,0,67,1
62,164,7,64,21,0,0,86,5,6,6,21,1,19,0,0,0,70,52,5,1,1,75,1
84,159,3,75,21,0,0,96,28,1,6,26,1,46,3,2,2,0,84,1,3,0,57,1
68,108,4,29,17,1,0,94,9,5,5,0,5,0,0,5,5,9,78,4,2,1,42,1
79,463,3,88,45,0,0,100,150,7,7,46,5,20,3,1,1,12,98,3,2,0,56,1
80,318,2,84,38,0,0,100,150,7,7,59,2,41,0,2,2,3,41,4,4,0,53,1
77,173,11,59,7,1,1,100,150,7,7,8,1,43,0,0,0,69,61,1,1,0,100,1
65,170,7,67,12,1,0,60,38,1,5,15,2,40,7,0,0,71,63,3,2,2,71,1
57,154,6,82,12,2,0,63,7,6,5,16,1,63,0,0,0,85,70,3,4,1,88,1
88,161,38,66,11,0,0,100,150,7,7,12,0,25,150,0,0,7,48,1,2,0,33,1
80,161,17,82,9,0,0,100,150,1,1,10,0,70,6,0,0,27,71,0,1,0,50,1
85,148,4,58,42,0,0,100,150,7,7,62,4,9,0,3,3,2,100,3,2,0,24,1
67,136,2,73,15,1,1,89,33,1,6,30,2,56,4,0,0,61,100,3,2,0,100,1
82,476,3,113,25,0,0,100,150,7,7,25,3,8,150,3,3,0,98,4,1,1,29,1
63,213,6,65,14,1,1,72,35,1,4,18,4,33,0,1,1,68,91,3,1,0,80,1
77,496,39,177,17,0,0,95,8,6,6,20,0,65,3,2,1,4,49,2,3,0,50,1
77,255,5,72,40,0,0,100,150,7,7,45,7,22,150,1,1,3,71,7,5,1,46,1
79,70,2,35,6,0,0,86,19,1,6,7,1,43,150,2,2,2,97,1,2,0,75,1
88,141,10,79,14,0,0,100,150,7,7,15,1,14,150,0,0,3,67,3,1,0,57,1
86,188,2,108,26,0,0,100,150,7,7,29,1,14,14,0,0,8,70,7,2,0,63,1
75,356,2,101,32,0,0,97,61,1,6,34,1,18,0,3,3,34,88,11,1,2,60,1
80,217,70,156,10,0,0,90,14,1,6,10,0,50,150,0,0,0,34,0,1,0,0,1
69,91,18,53,36,0,0,100,150,7,7,41,0,33,4,1,1,72,53,8,5,2,87,1
77,206,5,80,27,0,0,96,31,1,6,28,2,43,0,2,2,31,60,5,2,0,70,1
68,178,7,74,30,0,0,97,40,1,6,30,1,23,0,1,1,45,88,4,2,3,50,1
86,315,16,102,18,1,0,95,64,1,5,19,0,53,0,5,2,0,52,1,1,0,29,1
85,176,3,71,29,0,0,100,150,1,1,32,3,34,150,4,4,1,84,2,1,0,50,1
70,256,9,168,35,2,2,86,43,1,4,37,1,14,150,0,0,53,49,12,1,3,72,1
74,352,4,184,25,0,0,100,150,7,7,53,1,16,1,3,3,25,57,9,1,2,56,1
74,213,18,97,20,1,1,90,5,4,4,21,0,29,0,2,1,14,65,3,2,0,50,1
80,382,4,90,21,0,0,95,69,1,6,21,3,0,150,0,0,0,73,3,1,2,23,1
78,220,2,76,52,0,0,98,35,1,6,56,2,33,2,2,2,13,63,5,4,0,69,1
69,139,4,95,28,1,1,91,4,6,6,23,3,50,4,1,1,45,48,5,2,1,88,1
65,128,2,29,3,1,1,100,150,7,7,20,3,50,150,3,3,0,96,0,2,0,50,1
67,166,3,61,24,0,0,96,44,1,6,24,3,54,1,3,3,74,63,5,4,3,100,1
79,75,2,37,15,0,0,100,150,7,7,16,3,44,1,1,1,20,83,2,3,0,56,1
71,196,3,53,27,0,0,96,7,6,6,27,1,22,2,1,1,17,99,4,5,0,60,1
81,133,15,63,20,0,0,100,150,7,7,20,0,35,11,0,0,5,54,1,1,0,25,1
69,200,2,73,20,2,1,92,4,5,5,24,2,38,0,5,5,2,69,6,1,0,64,1
84,541,14,156,21,0,0,100,150,7,7,23,0,22,0,0,0,0,44,1,1,0,29,1
86,290,10,94,25,0,0,100,150,7,7,27,1,56,7,0,0,4,29,2,4,0,60,1
81,142,1,59,15,0,0,100,150,7,7,18,2,56,1,3,3,0,60,1,2,0,50,1
69,127,4,59,35,2,1,95,26,1,3,38,4,37,4,2,2,42,87,6,3,2,75,1
64,60,11,26,6,1,0,86,11,5,5,7,1,43,0,0,0,95,71,2,1,0,75,1
74,148,9,89,17,1,1,95,50,1,2,19,1,47,0,2,1,12,76,1,1,0,40,1
74,310,4,101,8,1,0,89,14,1,5,9,2,67,13,0,0,23,63,1,4,0,71,1
79,414,8,120,32,0,0,97,17,1,6,33,1,36,12,0,0,27,70,2,2,0,29,1
84,347,5,75,25,0,0,100,150,7,7,19,3,44,4,1,1,2,81,2,3,0,56,1
79,30,13,22,2,0,0,100,150,7,7,2,0,0,12,0,0,27,68,1,2,0,50,1
75,195,10,84,19,0,0,100,150,7,7,19,1,16,7,0,0,33,52,3,3,1,75,1
83,294,4,110,22,0,0,86,16,1,6,22,2,45,0,0,0,1,96,2,2,0,36,1
58,39,1,27,12,0,0,100,150,7,7,13,1,54,150,4,4,94,62,3,1,2,80,1
80,400,13,123,34,0,0,100,150,7,7,34,0,47,0,3,3,5,77,3,4,1,67,1
80,136,3,49,24,0,0,100,150,7,7,25,2,20,150,2,2,11,69,2,1,0,38,1
84,168,4,66,15,0,0,100,150,7,7,43,2,40,0,4,2,3,62,3,2,0,86,1
64,162,5,73,4,3,3,67,54,1,2,7,1,33,0,1,1,57,77,2,1,0,100,1
62,232,9,80,31,2,2,84,12,1,6,31,1,23,150,0,0,20,51,5,4,2,71,1
73,94,11,80,34,0,0,94,2,6,6,2,1,26,4,2,2,0,72,0,3,0,18,1
85,282,17,89,13,0,0,100,150,7,7,13,0,46,23,0,0,16,53,3,2,1,71,1
58,522,16,200,27,0,0,89,36,1,6,27,0,19,150,0,0,81,68,15,2,7,81,1
64,216,2,86,18,5,1,60,42,1,4,25,2,36,0,4,3,40,58,1,4,1,60,1
78,149,5,61,43,0,0,100,150,7,7,44,1,47,1,2,2,9,91,3,9,0,80,1
80,329,16,83,20,0,0,95,36,1,6,31,0,14,150,2,2,9,57,3,1,1,40,1
68,276,2,59,27,1,1,100,150,1,7,31,2,42,0,4,4,9,70,3,4,0,47,1
70,234,10,93,27,0,0,89,12,1,6,27,1,44,0,2,2,51,100,5,2,2,70,1
89,464,4,185,15,0,0,100,150,7,7,15,1,13,1,0,0,9,94,6,1,0,78,1
69,153,4,118,16,1,0,72,34,1,5,15,1,11,150,0,0,58,63,8,1,0,82,1
83,345,6,185,19,1,0,95,54,1,5,20,3,20,0,1,1,5,64,7,2,0,64,1
70,202,14,85,49,0,0,96,21,1,6,31,0,38,0,4,4,61,75,6,3,1,82,1
79,247,0,75,47,0,0,100,150,7,7,50,3,14,0,2,2,41,60,6,2,1,100,1
89,125,48,69,7,0,0,100,150,7,7,4,0,14,5,0,0,4,32,2,1,0,100,1
80,117,2,53,22,0,0,96,59,1,6,23,3,17,150,1,1,2,52,2,1,1,25,1
64,178,3,65,31,0,0,100,150,7,7,31,1,10,14,0,0,80,69,15,1,11,84,1
73,418,9,111,18,2,1,90,4,2,2,20,1,25,0,0,0,11,86,2,1,0,43,1
81,113,2,53,15,0,0,100,150,7,7,16,3,0,150,1,1,19,75,4,2,0,44,1
60,375,77,219,6,1,1,86,1,2,2,7,0,57,0,1,0,31,28,1,2,1,33,1
71,193,37,105,9,0,0,78,11,6,6,9,0,44,3,0,0,39,12,2,2,0,67,1
68,196,2,68,11,1,1,92,3,3,3,13,4,54,2,2,2,9,95,1,2,0,75,1
83,189,2,73,56,0,0,100,150,7,7,71,6,20,2,2,1,3,92,3,3,0,43,1
71,373,8,102,12,1,1,100,150,1,7,12,1,33,1,3,3,0,50,0,1,0,25,1
89,344,6,137,19,0,0,100,150,7,7,20,1,25,0,1,1,10,78,3,2,0,63,1
79,140,5,66,13,0,0,100,150,7,7,13,1,23,18,0,0,37,92,1,2,1,80,1
89,136,17,77,7,0,0,100,150,7,7,6,0,14,150,0,0,6,80,2,1,0,75,1
88,194,36,95,12,0,0,100,150,7,7,15,0,53,150,0,0,3,46,1,1,0,50,1
88,238,5,71,16,0,0,100,150,7,7,20,2,45,150,3,3,7,63,3,3,0,50,1
74,198,6,80,22,0,0,100,150,7,7,22,3,27,150,1,1,59,53,4,2,3,67,1
68,217,11,109,24,0,0,88,18,1,6,24,1,17,0,5,4,61,81,5,1,3,50,1
77,188,3,64,27,0,0,100,150,7,7,27,2,15,150,1,1,22,62,2,3,0,45,1
84,150,5,76,24,0,0,100,150,7,7,25,1,16,12,0,0,2,65,4,1,1,45,1
82,172,3,80,38,0,0,100,150,7,7,41,2,20,4,1,1,5,74,6,2,1,64,1
73,121,7,57,20,1,1,100,150,7,7,21,1,50,0,0,0,6,54,2,4,0,86,1
80,146,7,72,40,0,0,100,150,7,7,43,1,26,2,2,2,29,78,2,1,0,60,1
90,282,9,94,17,0,0,100,150,7,7,17,2,6,0,0,0,1,83,1,2,0,8,1
82,190,10,80,28,0,0,100,150,7,7,28,1,21,17,0,0,32,50,2,2,0,50,1
76,186,10,51,10,0,0,100,150,7,7,0,1,20,17,0,0,39,22,5,2,0,100,1
82,213,20,115,27,0,0,100,150,7,7,27,0,22,19,0,0,38,80,3,3,1,75,1
66,169,2,123,32,2,1,81,13,1,2,4,2,42,150,2,2,41,71,7,3,2,85,1
73,304,18,86,14,1,1,100,150,7,7,15,0,43,150,0,0,0,2,1,2,0,43,1
80,149,3,52,16,0,0,100,150,7,7,16,2,63,0,1,1,26,83,1,4,0,83,1
60,264,8,87,21,3,1,77,7,5,5,26,1,50,4,1,1,12,63,1,2,0,75,1
62,21,12,17,4,0,0,100,150,7,7,4,0,50,0,4,3,120,83,1,2,1,75,1
74,215,6,85,29,0,0,100,150,7,7,30,2,30,0,0,0,37,70,6,2,1,89,1
82,144,9,86,14,0,0,100,150,7,7,14,1,43,8,0,0,11,73,0,2,0,67,1
69,33,2,15,13,0,0,100,150,7,7,14,8,21,1,5,5,24,76,5,3,0,67,1
64,181,2,68,17,2,0,82,8,5,5,22,3,55,5,0,0,37,78,2,2,1,57,1
72,210,7,76,25,0,0,92,23,1,6,25,3,40,0,3,3,25,79,3,3,1,50,1
77,198,12,94,18,2,2,95,52,1,2,22,0,41,8,0,0,0,85,0,2,0,67,1
81,183,6,75,45,0,0,100,150,7,7,45,4,44,0,0,0,34,95,1,4,0,40,1
74,107,4,59,22,1,1,96,71,1,2,23,1,17,3,1,1,23,26,2,2,1,44,1
61,344,8,116,41,0,0,98,13,1,6,41,1,20,0,12,12,54,43,13,2,8,67,1
79,81,8,38,10,0,0,100,150,7,7,10,2,20,0,0,0,10,69,2,1,0,50,1
76,164,11,77,16,1,0,88,26,1,5,17,1,12,150,0,0,5,64,1,1,0,25,1
58,305,9,99,36,1,1,100,150,2,7,39,1,68,0,2,2,57,79,5,4,2,75,1
84,338,9,100,41,0,0,100,150,7,7,41,1,17,8,0,0,4,40,2,3,0,18,1
82,169,9,64,27,0,0,100,150,7,7,19,1,15,11,0,0,17,56,4,2,0,30,1
85,141,12,71,14,0,0,100,150,7,7,16,0,21,150,0,0,1,47,2,2,0,44,1
66,66,8,33,16,0,0,94,2,6,6,16,1,44,3,1,1,22,42,2,2,0,57,1
86,201,14,87,17,0,0,94,21,1,6,18,0,33,0,1,1,1,59,2,1,0,33,1
83,344,6,130,65,1,0,95,18,1,5,68,3,18,6,0,0,4,21,5,3,0,31,1
71,207,14,147,26,0,0,89,8,6,6,28,0,36,150,0,0,1,50,3,2,0,64,1
86,199,3,83,21,0,0,100,150,7,7,21,2,43,7,0,0,2,73,5,1,0,75,1
82,233,13,119,37,0,0,100,150,7,7,39,0,23,12,0,0,20,88,5,3,0,47,1
90,325,53,187,14,0,0,100,150,7,7,19,0,14,6,0,0,0,28,1,1,0,11,1
65,184,7,77,24,2,2,88,4,6,2,27,1,46,0,2,2,19,80,1,3,0,44,1
86,139,112,126,2,0,0,100,150,7,7,2,0,0,150,0,0,12,33,1,1,0,100,1
80,173,8,62,17,0,0,100,150,7,7,18,2,67,0,1,1,21,93,3,3,0,100,1
78,207,18,77,9,0,0,100,150,7,7,9,0,44,6,0,0,21,65,2,1,1,75,1
66,263,5,103,33,0,0,94,1,6,6,48,2,32,0,2,2,14,48,7,4,2,61,1
78,218,6,80,48,0,0,100,150,7,7,48,1,56,1,1,1,11,92,3,2,0,56,1
88,342,50,256,7,0,0,100,150,7,7,7,0,0,0,0,0,12,31,3,2,0,60,1
68,295,3,107,20,0,0,90,2,6,6,21,1,24,0,1,1,32,71,4,1,2,56,1
88,300,12,110,19,0,0,100,150,7,7,19,0,42,11,0,0,7,52,2,1,0,50,1
73,251,3,77,33,0,0,100,150,7,7,37,3,35,0,2,2,20,62,7,2,2,69,1
67,319,4,146,27,0,0,93,35,1,6,29,1,41,5,1,1,70,7,5,4,2,77,1
77,473,4,86,40,0,0,100,150,7,7,46,7,10,3,1,1,14,30,9,2,0,55,1
61,111,5,38,14,0,0,100,150,7,7,14,4,29,0,4,4,94,32,8,1,5,90,1
64,98,3,50,31,0,0,97,14,1,6,32,3,56,0,2,2,46,21,4,6,1,83,1
72,290,12,119,45,0,0,100,150,7,7,22,0,28,11,0,0,37,44,12,5,1,78,1
72,348,16,79,36,0,0,100,150,7,7,36,0,31,7,0,0,39,89,4,6,2,67,1
62,118,2,80,22,0,0,75,2,6,6,24,1,38,4,2,2,18,55,5,4,0,71,1
92,211,20,124,33,0,0,100,150,7,7,34,0,15,150,0,0,0,43,2,1,0,27,1
87,241,2,93,17,0,0,100,150,7,7,18,4,17,150,1,1,7,66,5,1,1,50,1
68,186,1,82,22,0,0,96,49,1,6,24,5,29,150,4,4,55,93,8,5,2,81,1
91,254,16,126,15,0,0,100,150,7,7,16,0,50,11,0,0,1,81,1,2,0,75,1
58,128,12,61,29,0,0,97,5,6,6,29,0,45,150,2,2,37,76,6,8,2,82,1
84,196,10,82,12,0,0,100,150,7,7,25,1,17,0,2,2,29,54,5,2,0,64,1
82,311,17,133,18,0,0,100,150,7,7,21,0,22,150,0,0,34,54,4,2,1,60,1
64,166,2,58,14,2,0,89,18,1,5,19,3,58,3,1,1,41,82,3,6,0,82,1
67,214,2,76,31,1,1,100,150,7,7,32,2,13,150,0,0,11,82,6,1,0,37,1
59,48,10,23,21,0,0,100,150,7,7,22,2,43,1,3,2,52,87,5,4,3,75,1
78,169,17,71,34,0,0,100,150,7,7,34,0,35,0,0,0,34,48,2,4,1,55,1
80,296,5,87,31,0,0,100,150,7,7,30,2,16,16,0,0,11,46,8,2,0,56,1
79,45,10,61,22,0,0,95,13,1,6,1,2,41,2,1,1,0,37,2,3,0,50,1
87,408,6,124,24,0,0,100,150,7,7,24,1,17,4,0,0,0,94,1,2,0,33,1
71,107,27,62,9,1,1,90,21,1,2,10,0,40,150,1,1,57,36,3,2,1,100,1
82,197,75,173,12,1,0,93,48,1,5,14,0,7,150,1,1,1,26,6,1,0,67,1
82,229,14,97,21,0,0,100,150,7,7,21,0,14,12,0,0,12,3,2,2,1,31,1
90,233,14,100,20,0,0,100,150,7,7,20,0,35,0,0,0,10,73,4,3,0,54,1
91,397,36,140,21,0,0,100,150,7,7,21,0,19,0,0,0,3,50,1,1,0,22,1
81,244,3,128,54,0,0,98,47,1,6,56,3,41,0,4,4,25,97,6,3,0,90,1
63,117,1,54,35,1,0,87,22,1,5,39,3,59,0,3,3,33,48,3,5,3,62,1
89,168,22,85,31,0,0,100,150,7,7,33,0,36,21,0,0,2,42,2,1,0,33,1
89,521,8,212,8,0,0,100,150,7,7,8,1,0,150,0,0,3,62,2,1,0,33,1
72,183,7,72,23,0,0,100,150,7,7,23,2,26,6,0,0,40,76,11,3,1,88,1
80,198,10,72,25,0,0,100,150,7,7,25,1,24,0,1,1,7,23,1,2,0,50,1
74,99,2,47,15,0,0,81,17,1,6,16,2,50,150,0,0,0,75,0,2,0,33,1
84,213,7,62,19,0,0,100,150,7,7,21,1,32,150,2,2,13,79,4,2,0,50,1
71,96,32,60,9,1,1,100,150,1,1,9,0,11,150,0,0,48,50,2,2,0,100,1
74,206,9,66,16,0,0,100,150,7,7,37,1,25,150,2,2,52,56,6,2,1,73,1
68,385,21,83,20,1,1,95,12,1,3,22,0,36,10,0,0,56,74,6,2,2,80,1
65,236,1,104,30,0,0,84,0,6,6,20,2,13,150,1,1,21,26,7,2,1,50,1
81,17,12,39,12,0,0,100,150,7,7,2,0,15,14,0,0,4,83,4,2,0,67,1
71,141,13,52,19,1,1,95,33,1,4,21,0,33,0,4,4,23,42,4,2,0,75,1
86,422,15,140,25,0,0,96,40,1,6,26,0,15,16,0,0,6,21,1,3,0,24,1
68,146,2,75,36,3,3,92,12,2,6,50,3,41,16,0,0,3,92,4,3,0,58,1
83,216,5,111,28,0,0,100,150,7,7,30,1,18,4,1,1,0,62,3,1,0,24,1
78,297,5,71,21,0,0,95,34,1,6,22,2,14,0,2,2,42,65,2,2,0,40,1
88,159,11,133,15,0,0,100,150,7,7,18,1,50,7,0,0,0,72,1,1,0,40,1
73,149,3,62,25,0,0,100,150,7,7,25,5,20,2,2,2,30,58,4,3,3,58,1
72,209,5,97,24,0,0,96,40,1,6,24,2,21,5,0,0,38,68,7,1,0,67,1
80,49,7,27,7,0,0,100,150,7,7,7,1,71,1,1,1,0,82,0,1,0,33,1
79,133,2,68,27,0,0,100,150,7,7,30,3,36,0,4,4,1,93,4,2,0,60,1
83,205,3,105,7,0,0,100,150,7,7,7,3,86,8,0,0,18,69,3,3,0,100,1
78,395,1,99,20,0,0,100,150,7,7,22,3,14,2,1,1,42,53,4,1,2,45,1
89,243,7,116,6,0,0,100,150,7,7,6,2,17,0,0,0,17,85,3,1,0,100,1
75,381,15,108,20,0,0,95,14,1,6,20,0,45,1,2,2,32,64,6,4,3,77,1
82,154,1,82,35,0,0,100,150,7,7,36,5,42,0,1,1,12,100,2,2,0,44,1
82,356,4,85,34,0,0,100,150,7,7,34,3,21,0,1,1,2,65,5,1,0,35,1
65,206,14,76,25,5,5,88,6,6,6,26,0,69,0,1,1,76,82,2,3,1,100,1
85,420,7,109,22,0,0,96,81,1,6,24,2,17,0,0,0,1,69,2,1,0,18,1
68,318,7,109,26,1,1,96,6,6,6,27,3,19,0,0,0,31,60,8,3,1,58,1
88,168,3,89,20,0,0,100,150,1,1,11,1,20,20,1,1,5,63,3,2,0,43,1
82,225,9,86,41,0,0,98,32,1,6,45,1,38,150,0,0,19,76,2,3,0,78,1
85,200,9,69,18,0,0,100,150,7,7,21,2,52,9,0,0,20,85,1,2,0,50,1
75,200,6,66,40,0,0,98,26,1,6,40,1,45,0,1,1,27,74,1,3,1,31,1
77,218,17,116,28,0,0,97,25,1,6,29,0,31,0,0,0,6,86,6,2,1,69,1
88,423,4,110,16,0,0,100,150,7,7,17,1,35,0,1,1,6,74,7,3,0,100,1
76,242,5,104,16,1,0,94,55,1,5,24,1,18,150,1,1,54,13,4,3,1,78,1
82,247,21,99,28,0,0,100,150,7,7,32,0,32,15,0,0,20,30,5,3,1,67,1
86,249,13,108,21,0,0,100,150,7,7,21,0,29,13,0,0,4,28,5,1,0,55,1
75,187,7,95,22,0,0,100,150,7,7,24,2,50,5,0,0,46,54,3,3,1,67,1
70,119,8,55,13,0,0,100,150,7,7,15,1,27,6,0,0,89,66,6,1,2,100,1
74,211,8,74,40,1,1,95,47,1,3,45,9,60,8,0,0,15,109,1,9,0,83,1
83,188,12,82,10,0,0,85,75,1,6,13,0,46,5,0,0,2,87,1,1,0,67,1
72,157,5,60,37,0,0,97,0,6,6,32,4,19,10,0,0,7,86,4,1,0,45,1
84,210,5,106,31,0,0,100,150,7,7,31,3,45,6,0,0,8,76,2,4,0,46,1
64,228,5,84,60,0,0,95,23,1,6,60,4,38,0,0,0,35,81,10,2,3,68,1
74,182,7,84,27,0,0,96,5,1,6,28,2,33,15,0,0,8,87,6,3,0,64,1
72,117,1,49,9,0,0,100,150,7,7,11,4,27,150,0,0,55,74,5,1,2,86,1
