interest_rate,unpaid_principal_bal,loan_term,loan_to_value,number_of_borrowers,debt_to_income_ratio,borrower_credit_score,insurance_percent,co-borrower_credit_score,insurance_type,m13
4.25,214000,360,95,1,22,694,30,0,0,1
4.875,144000,360,72,1,44,697,0,0,0,1
3.25,366000,180,49,1,33,780,0,0,0,1
4.75,135000,360,46,2,44,633,0,638,0,1
4.75,124000,360,80,1,43,681,0,0,0,1
4.375,150000,360,80,1,46,675,0,0,0,1
4,59000,360,95,1,44,723,30,0,0,1
4.5,319000,300,62,1,45,652,0,0,0,1
4,520000,360,76,1,35,808,0,0,0,1
4,214000,360,95,2,41,702,30,700,0,1
4.125,74000,360,90,1,42,738,25,0,0,1
3.75,192000,121,80,1,39,742,0,0,0,1
4.625,46000,360,80,1,33,739,0,0,0,1
4.375,256000,360,80,1,37,723,0,0,0,1
5.125,84000,360,80,1,46,757,0,0,0,1
4.125,48000,240,55,1,32,687,0,0,0,1
4.25,68000,360,80,1,41,731,0,0,0,1
4,142000,360,70,1,42,699,0,0,0,1
4.625,89000,240,65,1,29,669,0,0,0,1
4.375,417000,360,56,1,45,711,0,0,0,1
4.625,55000,360,50,1,45,640,0,0,0,1
4.5,60000,360,55,1,41,621,0,0,0,1
3.25,127000,120,62,2,29,746,0,770,0,1
3.375,215000,180,44,1,32,667,0,0,0,1
4.5,150000,360,75,1,39,779,0,0,0,1
4.5,246000,360,90,2,10,807,25,813,0,1
3.75,77000,180,85,2,43,683,6,658,0,1
3.75,203000,360,73,2,19,776,0,742,0,1
3.75,162000,360,58,2,43,757,0,736,0,1
4.125,264000,360,77,2,41,747,0,729,0,1
4.5,207000,360,70,2,42,669,0,625,0,1
3.99,200000,360,80,1,43,630,0,0,0,1
4,82000,240,65,1,43,661,0,0,0,1
4.375,71000,360,32,1,43,687,0,0,0,1
4.312,588000,360,80,1,31,759,0,0,0,1
4.375,107000,360,74,1,42,650,0,0,0,1
4,60000,360,47,1,31,667,0,0,0,1
3.875,172000,360,95,2,34,742,30,753,0,1
4.125,76000,360,80,1,41,702,0,0,0,1
5.5,42000,360,79,1,33,686,0,0,0,1
4.375,376000,360,80,1,45,681,0,0,0,1
4.875,412000,360,80,1,36,741,0,0,0,1
3.75,235000,360,80,2,39,802,0,759,0,1
4.25,198000,360,80,1,45,726,0,0,0,1
4.375,67000,360,80,1,16,802,0,0,0,1
3.25,82000,180,20,1,16,801,0,0,0,1
4.25,120000,360,33,1,45,627,0,0,0,1
3.5,453000,180,76,2,21,742,0,722,0,1
3.375,80000,180,67,1,40,648,0,0,0,1
3.33,107000,120,30,1,32,641,0,0,0,1
5,61000,360,38,1,44,692,0,0,0,1
4.875,133000,360,74,1,45,678,0,0,0,1
4.375,267000,360,75,1,34,789,0,0,0,1
4,239000,360,50,1,31,758,0,0,0,1
4.5,404000,360,80,1,29,650,0,0,0,1
4.5,70000,240,40,2,33,711,0,680,0,1
4.5,125000,360,75,1,45,697,0,0,0,1
3.75,74000,180,43,1,38,679,0,0,0,1
4,175000,360,70,1,45,740,0,0,0,1
3.625,115000,360,74,1,28,729,0,0,0,1
4.25,180000,360,77,2,41,733,0,732,0,1
5.125,98000,360,35,1,45,626,0,0,0,1
4.125,188000,240,80,2,23,790,0,780,0,1
3.99,415000,360,68,2,48,778,0,787,0,1
3.875,70000,360,52,2,28,787,0,766,0,1
4.125,57000,360,75,1,41,714,0,0,0,1
4,249000,360,60,1,36,783,0,0,0,1
4.125,153000,360,77,1,35,795,0,0,0,1
4.375,177000,360,79,2,24,675,0,702,0,1
5,315000,360,75,1,38,672,0,0,0,1
3.625,172000,240,80,2,25,771,0,785,0,1
3.625,220000,240,54,1,31,764,0,0,0,1
3.875,288000,360,60,2,15,784,0,788,0,1
5.25,64000,360,73,1,49,685,0,0,0,1
4.125,224000,360,76,1,44,733,0,0,0,1
3.75,417000,360,68,1,36,807,0,0,0,1
4.5,154000,360,75,1,42,684,0,0,0,1
4.75,345000,360,85,2,38,654,12,697,0,1
2.875,118000,120,53,2,37,731,0,731,0,1
3.625,224000,360,80,1,48,775,0,0,0,1
4.25,256000,360,80,1,33,731,0,0,0,1
4.5,199000,240,80,2,25,681,0,702,0,1
4.5,304000,360,80,1,29,727,0,0,0,1
4,114000,360,95,1,17,712,30,0,0,1
4.375,148000,360,95,1,30,761,30,0,0,1
4.5,105000,360,75,1,38,691,0,0,0,1
4.375,65000,180,69,2,36,640,0,658,0,1
4,190000,360,95,2,24,669,30,685,0,1
5.125,207000,360,75,1,18,701,0,0,0,1
3.46,185000,180,40,2,15,773,0,732,0,1
4.25,169000,360,68,2,21,716,0,738,0,1
3.75,417000,360,57,2,27,777,0,788,0,1
4.375,131000,360,75,1,34,753,0,0,0,1
4.875,116000,300,80,2,44,702,0,699,0,1
4.125,171000,360,80,1,45,686,0,0,0,1
4.25,54000,360,60,1,40,669,0,0,0,1
5,344000,360,78,2,32,641,0,760,0,1
3.98,395000,360,80,1,32,807,0,0,0,1
4.125,95000,360,74,2,39,689,0,668,0,1
3.875,70000,180,80,1,28,711,0,0,0,1
3.375,110000,120,54,2,37,696,0,656,0,1
4.375,221000,360,95,1,39,709,30,0,0,1
4.375,135000,360,60,1,33,733,0,0,0,1
4,80000,360,55,1,27,760,0,0,0,1
3.375,103000,180,80,1,44,668,0,0,0,1
4.375,160000,360,73,1,47,672,0,0,0,1
4.375,157000,360,62,2,42,691,0,671,0,1
3.5,244000,180,88,1,37,635,12,0,0,1
3.928,91000,360,80,1,40,757,0,0,0,1
4.375,141000,360,30,1,41,703,0,0,0,1
4.625,134000,360,80,1,41,677,0,0,0,1
3.375,295000,180,48,2,24,743,0,726,0,1
4.25,122000,360,80,1,38,727,0,0,0,1
2.875,142000,180,80,2,41,786,0,781,0,1
3.875,256000,360,80,1,36,768,0,0,0,1
3.625,59000,180,72,2,41,665,0,660,0,1
4,145000,360,80,1,34,709,0,0,0,1
4,413000,360,70,2,31,753,0,718,0,1
4.5,117000,360,79,2,26,639,0,693,0,1
3.875,250000,360,65,1,37,717,0,0,0,1
5.25,124000,360,73,1,41,637,0,0,0,1
4.25,163000,360,80,2,22,809,0,808,0,1
5.25,110000,360,80,2,16,674,0,666,0,1
4.375,250000,360,68,2,43,676,0,648,0,1
5.375,420000,360,70,1,33,756,0,0,0,1
3.95,95000,360,49,1,32,760,0,0,0,1
4.125,242000,360,70,2,37,737,0,696,0,1
4.5,183000,180,67,2,22,806,0,804,0,1
4.625,396000,360,80,1,38,667,0,0,0,1
4.375,334000,360,95,2,44,700,30,703,0,1
4.25,98000,360,80,2,33,763,0,704,0,1
4.5,165000,180,60,2,22,806,0,804,0,1
5.125,25000,360,75,2,28,753,0,696,0,1
4.25,130000,360,39,1,34,650,0,0,0,1
4.25,90000,300,80,1,29,659,0,0,0,1
4.5,283000,360,63,2,44,777,0,726,0,1
3.75,160000,240,70,2,30,707,0,694,0,1
4,268000,360,90,2,41,730,25,777,1,1
4.125,145000,360,69,1,44,719,0,0,0,1
4.375,96000,360,76,1,40,787,0,0,0,1
4.625,156000,360,80,2,23,699,0,742,0,1
4.375,72000,240,73,2,33,798,0,738,0,1
4,386000,360,46,1,21,673,0,0,0,1
4.625,98000,360,70,1,49,643,0,0,0,1
4.5,29000,360,80,1,15,783,0,0,0,1
4.05,360000,360,80,1,32,790,0,0,0,1
5.25,47000,360,80,1,20,678,0,0,0,1
4.5,100000,360,79,2,31,716,0,728,0,1
3.75,120000,180,73,1,26,645,0,0,0,1
4,193000,360,54,2,45,640,0,687,0,1
4.5,210000,360,75,1,41,666,0,0,0,1
4.5,224000,360,92,1,35,739,30,0,0,1
4.25,133000,360,65,1,40,672,0,0,0,1
4.125,384000,360,68,2,29,663,0,674,0,1
4.375,180000,360,79,2,50,657,0,693,0,1
3.75,339000,180,40,2,47,697,0,694,0,1
3.875,70000,360,90,1,26,780,25,0,0,1
4.5,120000,360,65,1,27,658,0,0,0,1
4.5,136000,360,80,1,38,691,0,0,0,1
3.75,110000,180,62,1,31,660,0,0,0,1
3.99,123000,360,69,1,45,744,0,0,0,1
4.375,147000,360,75,2,34,680,0,694,0,1
3.875,216000,240,29,1,31,684,0,0,0,1
4.5,101000,360,68,1,18,691,0,0,0,1
4.25,184000,360,80,1,31,811,0,0,0,1
4.625,60000,360,44,1,35,681,0,0,0,1
4.125,182000,360,76,1,45,813,0,0,0,1
4.25,144000,360,94,1,45,804,30,0,0,1
4,243000,360,59,2,42,637,0,644,0,1
4.125,191000,240,77,1,39,734,0,0,0,1
3.875,120000,360,65,1,22,789,0,0,0,1
3.125,124000,120,39,2,19,801,0,801,0,1
3,164000,180,80,2,45,729,0,732,0,1
3.75,342000,360,95,2,43,728,30,722,0,1
4.5,246000,360,80,1,45,621,0,0,0,1
4.25,610000,360,89,1,38,705,25,0,0,1
4,122000,360,90,1,19,770,25,0,0,1
3.875,272000,240,76,2,28,776,0,777,0,1
4,316000,360,50,2,44,686,0,727,0,1
3.25,120000,180,75,1,27,749,0,0,0,1
4.375,380000,360,90,1,40,779,25,0,0,1
3.875,252000,360,80,1,43,794,0,0,0,1
4.5,155000,360,85,1,48,660,12,0,0,1
4,99000,360,90,1,32,663,25,0,0,1
4.375,60000,360,87,1,35,743,12,0,0,1
5.75,60000,360,80,1,37,645,0,0,0,1
3.99,304000,360,80,2,25,793,0,786,0,1
4.125,235000,360,59,1,50,785,0,0,0,1
4.375,68000,360,52,2,42,664,0,657,0,1
4,400000,360,61,1,35,717,0,0,0,1
3.74,200000,360,31,1,46,711,0,0,0,1
4.5,375000,360,75,1,41,681,0,0,0,1
4,328000,360,80,2,35,754,0,756,0,1
4.125,126000,360,90,2,34,721,25,774,0,1
4.25,325000,360,73,2,50,680,0,768,0,1
4.875,168000,360,80,1,31,646,0,0,0,1
4.5,162000,360,95,1,29,755,30,0,0,1
5.5,98000,360,80,1,40,663,0,0,0,1
4.375,282000,360,95,1,41,688,30,0,0,1
3.375,240000,180,80,2,36,787,0,795,0,1
3.75,132000,360,42,1,20,787,0,0,0,1
4.875,225000,360,75,2,43,716,0,726,0,1
5.375,120000,360,75,1,21,655,0,0,0,1
3.875,153000,360,84,2,15,769,12,775,0,1
4.375,115000,360,64,2,43,727,0,702,0,1
4.125,356000,312,56,1,44,728,0,0,0,1
3.25,120000,180,48,1,22,768,0,0,0,1
3.875,232000,360,80,1,27,799,0,0,0,1
4.375,417000,360,77,2,40,643,0,715,0,1
3.5,150000,120,38,2,50,700,0,716,0,1
4.875,145000,360,68,1,41,689,0,0,0,1
4.5,70000,360,62,2,26,810,0,810,0,1
3.5,175000,144,72,2,34,708,0,777,0,1
4.375,86000,240,70,1,39,655,0,0,0,1
3.75,80000,180,38,1,26,657,0,0,0,1
4.25,67000,360,55,1,44,821,0,0,0,1
3.709,370000,360,67,1,33,770,0,0,0,1
4.125,35000,360,49,1,45,669,0,0,0,1
4,128000,120,79,1,37,764,0,0,0,1
3.625,93000,360,75,1,33,804,0,0,0,1
4.125,65000,360,80,1,47,650,0,0,0,1
4,253000,360,61,2,34,796,0,761,0,1
4.25,87000,360,72,1,37,721,0,0,0,1
4.5,164000,360,80,1,16,670,0,0,0,1
4.625,154000,360,72,1,34,658,0,0,0,1
3.875,395000,360,84,2,45,741,12,806,0,1
4.25,252000,360,92,1,31,753,25,0,0,1
4.875,98000,360,75,1,38,626,0,0,0,1
4.75,94000,360,90,1,39,621,25,0,0,1
4.3,39000,360,61,1,25,808,0,0,0,1
4.5,413000,360,75,2,35,788,0,749,0,1
3.75,90000,360,74,1,46,745,0,0,0,1
4,238000,360,97,2,43,795,35,802,0,1
4.5,105000,360,70,1,45,629,0,0,0,1
4.25,303000,360,74,1,45,633,0,0,0,1
4.625,212000,360,80,1,44,698,0,0,0,1
4.5,115000,360,75,1,48,788,0,0,0,1
4.99,130000,300,80,2,37,765,0,749,0,1
4.375,159000,360,80,1,36,684,0,0,0,1
4.375,148000,156,70,2,41,654,0,637,0,1
4,68000,180,80,1,45,624,0,0,0,1
3.99,204000,360,92,1,41,753,30,0,0,1
4.375,68000,180,75,2,38,780,0,772,0,1
3.25,80000,120,54,1,42,765,0,0,0,1
4.375,281000,360,80,1,38,666,0,0,0,1
4.25,194000,360,78,1,37,681,0,0,0,1
4,335000,360,95,1,27,734,30,0,0,1
4,405000,360,58,2,45,673,0,765,0,1
5,216000,360,90,1,27,682,25,0,0,1
3,172000,180,52,1,41,697,0,0,0,1
4.5,176000,360,75,1,25,794,0,0,0,1
4.25,222000,360,80,1,45,705,0,0,0,1
3.5,115000,180,36,2,34,695,0,667,0,1
4.5,108000,360,80,1,39,750,0,0,0,1
4.375,340000,360,78,1,34,804,0,0,0,1
4.125,154000,360,80,1,38,672,0,0,0,1
3.625,112000,360,80,1,40,735,0,0,0,1
4.5,470000,360,75,2,42,765,0,767,0,1
3.875,411000,360,60,2,40,706,0,714,0,1
5.375,133000,360,60,1,31,665,0,0,0,1
4.625,167000,360,78,1,36,668,0,0,0,1
4.75,72000,360,80,2,40,698,0,633,0,1
4.125,95000,360,66,1,39,707,0,0,0,1
4.375,72000,360,75,1,41,719,0,0,0,1
4.5,150000,360,75,1,32,685,0,0,0,1
5.5,128000,360,80,1,37,690,0,0,0,1
4.375,276000,360,93,1,39,698,30,0,0,1
3.75,221000,180,82,2,37,767,6,698,0,1
4.375,347000,360,75,1,45,669,0,0,0,1
4.125,126000,360,76,2,29,766,0,776,0,1
3.75,86000,360,53,1,43,815,0,0,0,1
3.75,268000,360,80,2,36,809,0,765,0,1
3.5,160000,180,25,1,43,796,0,0,0,1
4.375,156000,360,80,2,34,705,0,798,0,1
4.75,194000,360,80,1,39,670,0,0,0,1
4.375,240000,360,80,2,44,709,0,707,0,1
3.25,90000,180,64,2,33,670,0,659,0,1
4.125,99000,360,90,1,38,772,25,0,0,1
4.375,72000,360,56,1,37,638,0,0,0,1
4.625,138000,360,80,1,24,632,0,0,0,1
4.375,160000,360,70,2,36,773,0,744,0,1
4,237000,360,64,2,41,702,0,728,0,1
4.625,238000,360,73,1,50,649,0,0,0,1
3.875,310000,360,44,1,37,799,0,0,0,1
4.5,115000,360,72,1,42,649,0,0,0,1
5,138000,360,80,2,38,653,0,683,0,1
3.875,327000,360,72,2,31,803,0,800,0,1
3.875,240000,360,80,2,43,778,0,767,0,1
4.225,176000,360,86,2,43,672,25,671,0,1
3.5,293000,240,52,2,27,815,0,809,0,1
4.5,168000,360,69,2,38,684,0,694,0,1
2.875,93000,120,44,2,42,742,0,704,0,1
4.625,150000,240,73,2,44,678,0,675,0,1
4.5,88000,360,70,1,43,644,0,0,0,1
4.25,260000,360,80,1,43,749,0,0,0,1
4.25,81000,360,56,2,33,720,0,670,0,1
4.5,87000,360,80,1,44,648,0,0,0,1
3.99,72000,240,77,1,45,757,0,0,0,1
3.875,136000,360,58,1,28,753,0,0,0,1
3.875,204000,360,73,1,44,756,0,0,0,1
4,410000,360,75,1,36,784,0,0,0,1
3.5,129000,120,26,1,48,693,0,0,0,1
4.5,103000,360,90,1,42,740,25,0,0,1
4.25,110000,360,90,2,37,788,25,792,0,1
3.95,114000,360,95,2,20,745,30,744,0,1
3.875,188000,360,79,2,22,792,0,792,0,1
4.25,334000,360,75,1,23,682,0,0,0,1
3,122000,180,68,1,24,796,0,0,0,1
4.375,88000,360,80,1,29,780,0,0,0,1
4.5,238000,360,70,1,39,788,0,0,0,1
4.5,139000,360,61,1,23,716,0,0,0,1
4.375,296000,360,80,2,35,694,0,687,0,1
3.25,159000,180,59,1,38,649,0,0,0,1
3.625,235000,360,90,1,45,715,25,0,0,1
4.75,280000,360,80,1,42,660,0,0,0,1
4.375,127000,360,75,2,36,671,0,673,0,1
3.625,139000,360,58,2,41,796,0,792,0,1
4,260000,360,70,1,39,787,0,0,0,1
4,452000,360,72,1,43,789,0,0,0,1
3.99,379000,360,80,2,49,790,0,720,0,1
4,355000,180,70,1,44,656,0,0,0,1
3.99,284000,360,64,1,46,799,0,0,0,1
3.875,160000,240,80,2,40,734,0,744,0,1
5,200000,360,75,1,45,650,0,0,0,1
3.875,143000,180,80,1,43,699,0,0,0,1
4.5,159000,180,67,2,22,806,0,804,0,1
4.5,162000,360,88,1,39,781,25,0,1,1
3.625,136000,180,85,1,44,749,6,0,0,1
4,394000,360,60,2,44,702,0,765,0,1
4,195000,360,80,1,42,697,0,0,0,1
3.375,262000,180,70,1,37,691,0,0,0,1
4.375,122000,360,90,1,37,720,25,0,0,1
4.75,117000,360,80,2,38,695,0,711,0,1
4.375,172000,360,80,2,25,748,0,807,0,1
5.5,115000,360,80,1,41,649,0,0,0,1
4.625,140000,360,80,2,30,695,0,689,0,1
4.75,417000,360,95,2,43,740,30,750,0,1
4.25,212000,360,80,1,37,746,0,0,0,1
4,306000,360,60,1,17,778,0,0,0,1
5.125,144000,360,80,2,40,652,0,742,0,1
4.125,125000,180,42,2,17,767,0,754,0,1
4.75,93000,360,80,1,38,660,0,0,0,1
3.25,391000,180,27,2,29,788,0,753,0,1
4.75,174000,360,80,1,41,673,0,0,0,1
4.125,75000,360,32,1,35,645,0,0,0,1
4.5,221000,360,70,1,41,634,0,0,0,1
4.5,113000,360,38,2,32,707,0,725,0,1
5.875,59000,360,75,2,29,662,0,789,0,1
3.5,187000,360,75,2,37,805,0,799,0,1
4.375,130000,360,80,1,38,701,0,0,0,1
3.875,136000,360,78,2,30,732,0,742,0,1
4.25,231000,360,84,1,27,728,12,0,0,1
4.28,152000,360,66,1,39,713,0,0,0,1
5.5,41000,360,75,1,40,643,0,0,0,1
4.58,86000,360,64,1,12,774,0,0,0,1
4.375,110000,360,79,1,42,769,0,0,0,1
4.9,48000,360,71,1,30,773,0,0,0,1
4.49,263000,360,72,1,22,685,0,0,0,1
4,103000,360,87,1,45,662,12,0,0,1
4.5,62000,180,80,1,40,773,0,0,0,1
5,77000,360,80,1,40,652,0,0,0,1
4.1,135000,360,84,1,45,744,12,0,0,1
4.625,71000,180,76,1,30,651,0,0,0,1
5,79000,360,75,1,32,700,0,0,0,1
4,155000,360,59,1,41,709,0,0,0,1
4.5,590000,360,67,1,19,660,0,0,0,1
4.49,168000,240,80,1,41,681,0,0,0,1
4,105000,360,36,1,45,635,0,0,0,1
4.375,128000,360,80,1,41,739,0,0,0,1
4.75,120000,360,75,1,16,721,0,0,0,1
3.856,64000,360,90,1,39,809,25,0,0,1
3.25,383000,180,61,1,40,775,0,0,0,1
4.375,169000,360,95,1,44,771,30,0,0,1
3.5,277000,180,47,2,50,700,0,663,0,1
4,235000,360,73,1,36,734,0,0,0,1
4.375,386000,360,88,2,31,736,25,752,0,1
4.625,69000,300,80,1,35,694,0,0,0,1
4.125,288000,360,73,2,34,705,0,767,0,1
3.875,172000,360,80,1,39,700,0,0,0,1
4.25,213000,360,70,1,43,655,0,0,0,1
3.25,159000,120,48,1,37,712,0,0,0,1
5,277000,360,79,2,37,674,0,672,0,1
5.125,395000,360,80,2,43,710,0,674,0,1
4.5,80000,180,64,2,32,748,0,716,0,1
4.375,167000,360,76,2,40,708,0,745,0,1
4.5,138000,360,70,1,42,714,0,0,0,1
3.75,99000,180,77,1,44,744,0,0,0,1
4.25,50000,180,56,1,40,706,0,0,0,1
4.5,119000,360,70,1,39,651,0,0,0,1
4.125,186000,360,95,1,36,735,30,0,0,1
4.25,340000,360,53,2,19,636,0,665,0,1
4.125,164000,360,74,1,24,664,0,0,0,1
4.375,69000,360,85,1,24,784,12,0,0,1
3.25,360000,180,73,1,32,798,0,0,0,1
4,111000,360,77,2,30,656,0,763,0,1
4.5,38000,180,75,1,46,660,0,0,0,1
4.75,108000,360,66,2,10,643,0,672,0,1
4.75,55000,360,44,1,36,639,0,0,0,1
4.875,47000,360,75,1,34,688,0,0,0,1
4.25,405000,360,60,1,38,649,0,0,0,1
3.875,183000,180,71,2,24,696,0,684,0,1
4.125,174000,360,80,1,42,705,0,0,0,1
3.25,105000,180,64,2,35,661,0,633,0,1
4.5,141000,360,80,1,24,721,0,0,0,1
4.5,137000,360,67,1,32,635,0,0,0,1
4.75,77000,360,80,1,14,627,0,0,0,1
4.375,48000,360,80,1,35,661,0,0,0,1
4.5,333000,360,75,2,45,759,0,776,0,1
4.99,53000,360,80,1,34,625,0,0,0,1
4.625,133000,240,64,1,32,683,0,0,0,1
3.75,78000,180,74,1,17,644,0,0,0,1
3,82000,180,69,2,31,635,0,656,0,1
4,143000,360,97,1,38,723,35,0,0,1
4.875,209000,360,95,2,40,791,30,796,0,1
4.54,244000,360,80,2,34,690,0,635,0,1
4.25,103000,360,63,1,20,802,0,0,0,1
4.125,262000,360,70,2,32,788,0,795,0,1
4.625,122000,360,70,1,42,749,0,0,0,1
4.5,185000,360,95,1,36,802,30,0,0,1
3.25,78000,120,23,1,45,787,0,0,0,1
4.375,153000,360,71,1,42,764,0,0,0,1
4.625,119000,360,53,1,41,654,0,0,0,1
4.25,173000,360,74,1,44,787,0,0,0,1
4.25,86000,360,80,2,14,710,0,693,0,1
4,245000,360,80,1,45,757,0,0,0,1
4.125,267000,240,85,1,28,721,6,0,0,1
4.25,164000,360,95,2,43,748,30,802,0,1
4.5,271000,360,80,1,38,685,0,0,0,1
3.625,62000,180,53,1,13,647,0,0,0,1
3.875,311000,240,77,2,35,777,0,813,0,1
5.125,133000,360,75,1,30,656,0,0,0,1
3.875,242000,240,54,1,45,790,0,0,0,1
5.25,55000,360,75,1,49,685,0,0,0,1
4,108000,240,64,1,21,729,0,0,0,1
3.375,145000,120,35,2,29,678,0,728,0,1
5,44000,360,70,1,33,736,0,0,0,1
4.5,65000,360,30,1,49,641,0,0,0,1
3.375,184000,180,80,1,27,712,0,0,0,1
3.25,183000,180,85,2,24,713,6,793,0,1
4.375,228000,360,70,1,46,624,0,0,0,1
3.75,150000,180,96,2,19,791,35,782,0,1
3.5,252000,180,79,2,44,699,0,695,0,1
4.75,348000,360,80,2,42,705,0,786,0,1
4.625,218000,360,90,1,45,669,25,0,0,1
4.625,206000,360,80,1,49,733,0,0,0,1
4,374000,360,90,1,41,778,25,0,0,1
4.375,114000,360,80,1,32,783,0,0,0,1
4.125,210000,360,43,2,48,667,0,683,0,1
4,240000,360,60,1,45,675,0,0,0,1
4.625,225000,360,90,1,43,700,25,0,1,1
3.5,150000,180,28,1,45,793,0,0,0,1
3.5,175000,180,82,2,16,741,6,764,0,1
4.125,65000,360,77,1,43,718,0,0,0,1
4,120000,360,45,1,38,685,0,0,0,1
4.5,354000,360,75,2,29,641,0,761,0,1
4.25,250000,360,79,1,42,682,0,0,0,1
5.375,72000,360,80,1,43,720,0,0,0,1
4.125,160000,360,80,1,44,744,0,0,0,1
4.625,138000,360,80,1,39,667,0,0,0,1
4,380000,360,85,2,44,793,12,793,0,1
4.375,136000,360,44,1,43,642,0,0,0,1
3.875,104000,360,80,1,48,741,0,0,0,1
3.77,220000,360,60,1,25,784,0,0,0,1
4.125,125000,360,50,2,48,696,0,696,0,1
4.125,128000,360,80,1,45,756,0,0,0,1
4.625,413000,360,75,2,43,659,0,647,0,1
4.5,98000,360,80,1,35,673,0,0,0,1
4.75,299000,360,78,1,41,680,0,0,0,1
4.5,368000,360,80,1,43,815,0,0,0,1
3.25,139000,180,69,1,32,722,0,0,0,1
4.125,192000,360,88,1,44,711,25,0,0,1
3.504,195000,240,68,1,33,724,0,0,0,1
4.625,76000,360,80,2,25,678,0,633,0,1
4.75,109000,360,69,1,27,668,0,0,0,1
3.875,152000,360,60,2,39,747,0,721,0,1
4.25,140000,360,58,2,36,747,0,712,0,1
4.125,277000,360,76,2,44,697,0,740,0,1
3.958,116000,360,28,1,27,661,0,0,0,1
3.875,391000,360,75,1,44,771,0,0,0,1
4.75,250000,360,52,1,37,620,0,0,0,1
4.125,243000,360,45,2,42,755,0,714,0,1
3.99,252000,360,56,2,27,764,0,786,0,1
4.875,156000,360,75,1,45,696,0,0,0,1
3.875,359000,360,80,1,37,785,0,0,0,1
4,248000,360,80,1,46,724,0,0,0,1
4.375,101000,360,90,1,44,765,25,0,1,1
2.875,135000,180,67,2,32,768,0,772,0,1
3.625,14000,120,80,1,41,676,0,0,0,1
4.125,118000,360,50,1,44,721,0,0,0,1
4.75,86000,360,95,1,33,689,30,0,0,1
4.06,351000,240,74,2,27,794,0,792,0,1
4.25,520000,360,77,2,31,779,0,779,0,1
4.375,150000,360,57,1,43,695,0,0,0,1
4,228000,360,95,1,32,784,30,0,0,1
3.375,85000,180,55,2,30,685,0,795,0,1
4.125,417000,360,78,1,25,795,0,0,0,1
4.375,135000,360,80,2,33,669,0,664,0,1
3.875,168000,180,80,1,44,722,0,0,0,1
3.875,92000,360,80,2,33,746,0,723,0,1
4.375,102000,360,80,1,39,681,0,0,0,1
4,183000,360,59,1,30,727,0,0,0,1
3.375,124000,180,67,1,22,681,0,0,0,1
4.875,250000,360,65,2,37,636,0,628,0,1
4.125,271000,360,74,1,38,711,0,0,0,1
3.125,130000,180,73,1,30,744,0,0,0,1
3.75,38000,180,63,1,24,673,0,0,0,1
4.375,213000,360,77,1,34,757,0,0,0,1
3.99,405000,360,21,2,30,816,0,812,0,1
3.875,187000,360,76,2,20,801,0,796,0,1
4.625,117000,360,70,1,40,672,0,0,0,1
4.25,46000,360,80,1,20,651,0,0,0,1
4.5,64000,360,72,1,39,709,0,0,0,1
3.75,102000,240,56,2,12,714,0,799,0,1
4.375,156000,360,72,2,39,727,0,790,0,1
4,128000,360,80,1,45,672,0,0,0,1
4.25,90000,360,78,1,44,762,0,0,0,1
4.5,310000,360,58,2,43,631,0,716,0,1
3.5,387000,180,80,1,40,703,0,0,0,1
4.25,52000,180,65,1,36,700,0,0,0,1
5.125,42000,360,75,1,32,699,0,0,0,1
3.875,322000,360,85,2,29,771,12,762,0,1
3.99,150000,360,50,1,42,625,0,0,0,1
4.5,60000,360,64,1,32,695,0,0,0,1
4.49,204000,360,80,1,14,681,0,0,0,1
4.125,213000,360,80,2,37,748,0,802,0,1
3.75,30000,360,75,1,42,748,0,0,0,1
3.875,39000,360,95,1,31,657,30,0,0,1
4.25,157000,360,66,1,49,730,0,0,0,1
4.5,125000,360,75,1,38,779,0,0,0,1
3.99,279000,360,80,1,26,749,0,0,0,1
4.75,153000,360,95,1,42,782,30,0,0,1
3.25,208000,180,60,1,43,779,0,0,0,1
4.125,305000,360,80,1,28,711,0,0,0,1
4.625,64000,360,50,1,30,641,0,0,0,1
3.5,230000,180,60,2,38,674,0,659,0,1
4.625,75000,360,69,1,40,675,0,0,0,1
4.625,150000,276,77,1,38,740,0,0,0,1
3.875,120000,360,80,1,33,797,0,0,0,1
4.125,95000,120,53,2,36,668,0,684,0,1
4.25,380000,360,71,2,38,782,0,810,0,1
4.375,272000,360,94,2,44,704,30,719,0,1
4.5,100000,360,76,1,41,729,0,0,0,1
4.5,182000,360,95,1,38,669,30,0,0,1
4.625,411000,360,90,2,40,765,25,716,0,1
4.125,417000,360,60,1,43,715,0,0,0,1
5,95000,360,80,1,42,630,0,0,0,1
4.125,74000,360,62,1,14,627,0,0,0,1
4.625,102000,360,80,1,44,669,0,0,0,1
4.25,89000,360,67,1,25,736,0,0,0,1
4.5,231000,360,60,2,14,816,0,817,0,1
3.875,24000,180,43,1,32,626,0,0,0,1
3.875,300000,240,69,1,43,720,0,0,0,1
3.875,175000,240,75,2,37,722,0,752,0,1
5,108000,360,80,2,27,764,0,749,0,1
3.99,182000,360,76,1,20,808,0,0,0,1
4.875,241000,360,74,2,40,677,0,640,0,1
4.375,93000,360,59,1,29,620,0,0,0,1
3.5,64000,360,80,1,35,724,0,0,0,1
4.375,310000,360,78,1,42,634,0,0,0,1
4.625,137000,360,75,1,45,699,0,0,0,1
4.25,155000,360,75,2,25,643,0,711,0,1
4.5,167000,360,72,1,41,682,0,0,0,1
4.375,119000,360,95,2,42,700,30,658,0,1
4.625,236000,240,79,1,33,653,0,0,0,1
4.625,29000,360,75,1,42,734,0,0,0,1
3.75,185000,360,59,2,25,699,0,790,0,1
3.99,270000,360,75,1,42,776,0,0,0,1
4.125,151000,360,74,1,35,737,0,0,0,1
4.25,225000,360,94,1,44,727,30,0,0,1
3.375,360000,180,47,1,43,708,0,0,0,1
4,375000,360,78,2,32,761,0,805,0,1
4.25,417000,360,32,2,42,773,0,796,0,1
4.125,264000,180,80,1,20,647,0,0,0,1
4.875,213000,360,78,1,32,657,0,0,0,1
3.375,41000,120,53,1,27,763,0,0,0,1
4.125,84000,360,80,1,42,788,0,0,0,1
3.875,128000,360,75,1,28,678,0,0,0,1
4,270000,360,78,2,38,723,0,729,0,1
4.25,214000,360,89,1,42,707,25,0,0,1
5,66000,360,80,1,41,703,0,0,0,1
3.5,97000,180,28,2,28,638,0,665,0,1
4,405000,360,59,1,27,686,0,0,0,1
3.875,90000,360,36,1,45,660,0,0,0,1
4.125,250000,360,75,2,42,742,0,719,0,1
4.25,56000,360,80,1,42,773,0,0,0,1
4.625,151000,180,76,1,36,634,0,0,0,1
4.625,156000,360,95,2,29,671,30,677,0,1
4,214000,360,80,1,33,750,0,0,0,1
5.375,102000,360,80,1,38,686,0,0,0,1
4.5,188000,240,70,2,26,723,0,703,0,1
4,246000,360,70,2,40,724,0,690,0,1
4.5,84000,240,80,1,32,757,0,0,0,1
4.875,79000,360,75,2,34,759,0,771,0,1
3.99,72000,180,80,1,43,655,0,0,0,1
4.75,84000,360,75,1,11,754,0,0,0,1
3.99,124000,360,68,1,42,786,0,0,0,1
4.5,248000,360,80,2,39,682,0,661,0,1
4.625,73000,360,75,1,43,708,0,0,0,1
3.75,90000,120,65,1,16,759,0,0,0,1
3.875,50000,360,24,1,32,798,0,0,0,1
4.25,132000,360,95,1,28,746,30,0,0,1
4.375,102000,360,69,1,30,741,0,0,0,1
5.125,220000,360,88,1,37,705,25,0,1,1
3.5,130000,120,52,1,37,752,0,0,0,1
3.875,182000,360,95,2,34,726,30,719,0,1
3.87,201000,360,61,2,42,688,0,713,0,1
4.375,149000,360,85,1,33,738,12,0,0,1
3.875,167000,360,85,1,44,707,12,0,0,1
4.5,57000,360,48,1,33,815,0,0,0,1
3.75,236000,360,80,1,30,732,0,0,0,1
3.875,243000,180,52,1,46,677,0,0,0,1
3.75,100000,180,65,1,29,655,0,0,0,1
5,232000,360,80,2,41,687,0,686,0,1
3.625,139000,180,94,1,41,784,30,0,0,1
4.125,104000,360,80,2,43,724,0,728,0,1
3.875,150000,360,63,1,39,810,0,0,0,1
4.25,308000,360,80,1,43,731,0,0,0,1
3.875,75000,360,48,1,23,682,0,0,0,1
4,74000,360,80,1,31,719,0,0,0,1
4.5,417000,360,74,2,44,700,0,730,0,1
3.5,152000,180,78,1,37,712,0,0,0,1
4.5,47000,120,20,1,37,639,0,0,0,1
4.125,236000,360,49,1,29,731,0,0,0,1
4.125,162000,360,95,1,22,740,30,0,0,1
4,128000,360,80,1,37,778,0,0,0,1
4.25,403000,360,70,2,34,661,0,645,0,1
3.875,308000,360,87,2,30,770,25,785,0,1
4.125,468000,360,60,2,41,720,0,809,0,1
3.99,221000,360,80,1,38,779,0,0,0,1
4,104000,360,57,1,23,818,0,0,0,1
4.75,97000,276,59,1,26,480,0,0,0,1
3.375,75000,180,27,1,32,683,0,0,0,1
2.875,332000,180,79,2,44,662,0,658,0,1
3.5,70000,180,11,1,40,663,0,0,0,1
4.5,82000,360,23,1,42,767,0,0,0,1
4.375,232000,240,75,1,39,674,0,0,0,1
3.875,198000,360,51,2,23,812,0,790,0,0
3.75,300000,360,49,2,32,800,0,755,0,0
3.375,305000,180,52,2,32,811,0,809,0,0
3.875,234000,360,70,2,19,780,0,809,0,0
3.99,153000,240,89,2,18,778,12,773,0,0
3.875,170000,240,72,2,20,762,0,784,0,0
3.25,245000,180,58,2,35,780,0,797,0,0
4,185000,300,37,2,16,797,0,797,0,0
3.75,325000,240,68,2,30,790,0,730,0,0
4,235000,360,79,2,27,798,0,796,0,0
3.875,385000,360,77,2,16,796,0,808,0,0
3.125,125000,180,59,2,36,698,0,790,0,0
3.75,227000,360,60,2,43,789,0,798,0,0
4.25,417000,360,67,2,45,778,0,787,0,0
3.875,389000,360,75,1,35,811,0,0,0,0
4,110000,360,63,1,41,767,0,0,0,0
3.875,99000,120,69,2,42,674,0,693,0,0
3.125,141000,120,80,2,37,739,0,742,0,0
2.875,215000,180,51,2,16,798,0,803,0,0
4,45000,360,51,1,20,712,0,0,0,0
3.98,62000,360,36,1,35,802,0,0,0,0
3.99,358000,360,80,2,28,776,0,739,0,0
4.875,76000,360,80,1,42,745,0,0,0,0
4,370000,360,50,2,40,770,0,700,0,0
3.875,254000,360,65,2,30,780,0,772,0,0
4.5,120000,360,71,2,39,752,0,740,0,0
4,621000,348,46,2,41,804,0,765,0,0
3.875,386000,360,48,2,47,809,0,804,0,0
3.875,200000,360,67,1,26,759,0,0,0,0
3.875,317000,360,49,2,20,758,0,756,0,0
3.25,395000,120,79,1,39,782,0,0,0,0
4,149000,360,75,2,37,801,0,802,0,0
3.375,81000,180,90,2,22,801,12,772,0,0
3.5,160000,180,57,2,18,803,0,817,0,0
3.875,370000,360,64,1,43,763,0,0,0,0
3.375,626000,180,75,2,24,800,0,785,0,0
4.375,52000,360,75,2,45,798,0,798,0,0
4.125,76000,360,64,1,26,802,0,0,0,0
4,178000,360,90,1,43,756,25,0,0,0
4,111000,180,63,2,34,779,0,775,0,0
3.875,159000,360,60,2,27,809,0,809,0,0
3.25,100000,180,40,2,32,780,0,787,0,0
4,225000,240,95,2,30,709,25,770,0,0
4.125,154000,360,75,1,26,704,0,0,0,0
4,238000,360,80,2,32,798,0,712,0,0
4,526000,360,70,1,45,773,0,0,0,0
3.875,200000,360,71,2,35,770,0,805,0,0
3.75,82000,360,70,1,30,0,0,0,0,0
3.5,286000,180,55,1,42,774,0,0,0,0
4,122000,360,90,1,38,749,25,0,0,0
3.25,344000,180,72,2,17,655,0,696,0,0
4.125,290000,240,62,2,41,800,0,781,0,0
3.1,200000,180,67,1,18,790,0,0,0,0
3.125,130000,180,37,2,21,788,0,814,0,0
4,144000,360,77,1,18,820,0,0,0,0
4.5,174000,360,80,2,37,761,0,792,0,0
3.25,102000,120,41,2,16,803,0,819,0,0
4,276000,360,48,2,44,799,0,795,0,0
4.5,220000,360,80,2,26,791,0,775,0,0
4,240000,360,75,1,39,809,0,0,0,0
4.25,59000,360,71,1,13,806,0,0,0,0
3.75,389000,360,60,2,23,801,0,801,0,0
3.94,159000,360,74,2,13,806,0,791,0,0
3,196000,180,42,2,15,698,0,782,0,0
3.875,166000,180,80,1,38,743,0,0,0,0
3.875,164000,360,80,2,28,717,0,763,0,0
3.75,174000,360,72,2,22,807,0,782,0,0
4.25,210000,360,75,2,36,755,0,767,0,0
3.875,90000,360,63,2,36,817,0,815,0,0
3.99,140000,360,90,2,39,772,25,789,0,0
3.99,140000,360,65,2,17,814,0,814,0,0
4.375,152000,360,80,2,19,790,0,790,0,0
4.125,207000,360,74,2,21,770,0,773,0,0
4.125,85000,360,57,2,14,811,0,794,0,0
3.25,100000,180,19,2,19,796,0,799,0,0
3.875,104000,360,80,1,18,771,0,0,0,0
4.375,181000,360,71,2,41,749,0,753,0,0
3.625,145000,180,73,2,18,747,0,773,0,0
3,181000,120,95,2,39,669,25,713,0,0
3.25,109000,180,44,2,9,808,0,800,0,0
4.5,146000,360,75,1,44,701,0,0,0,0
5,120000,360,80,1,27,689,0,0,0,0
3,84000,180,37,1,16,804,0,0,0,0
3.75,380000,360,95,2,38,723,30,729,0,0
3.375,158000,180,43,2,14,800,0,772,0,0
4.375,271000,360,95,1,33,785,30,0,0,0
3.875,151000,360,87,1,36,771,25,0,0,0
3.875,412000,360,80,2,30,797,0,789,0,0
3.875,165000,360,56,2,25,817,0,801,0,0
4,195000,360,51,2,36,808,0,810,0,0
3.875,163000,240,93,1,29,809,25,0,1,0
3.75,138000,180,50,2,42,762,0,751,0,0
4,150000,360,32,2,28,815,0,805,0,0
3.25,77000,180,39,2,14,804,0,803,0,0
4.5,48000,360,80,1,43,704,0,0,0,0
4,70000,180,52,1,40,816,0,0,0,0
4.125,48000,360,80,1,22,756,0,0,0,0
4.124,95000,240,62,2,26,808,0,802,0,0
3.25,277000,120,62,1,37,798,0,0,0,0
4.5,200000,180,37,1,49,774,0,0,0,0
4,172000,360,80,2,26,816,0,792,0,0
4.375,167000,360,56,2,45,730,0,778,0,0
4.625,312000,360,95,2,45,781,30,770,0,0
4.375,117000,360,70,2,34,715,0,744,0,0
4,67000,360,58,1,22,761,0,0,0,0
3.875,152000,240,70,2,36,753,0,759,0,0
3.25,193000,180,84,2,38,675,6,680,0,0
3.375,79000,180,60,1,40,828,0,0,0,0
4.375,131000,360,52,1,30,789,0,0,0,0
3.875,275000,360,53,2,19,685,0,773,0,0
4.625,237000,360,70,2,21,785,0,777,0,0
4,190000,240,65,1,31,630,0,0,0,0
4.125,180000,360,97,1,24,802,30,0,0,0
3.875,288000,360,75,1,29,787,0,0,0,0
3.875,122000,180,80,2,29,659,0,673,0,0
3.25,285000,360,55,2,42,799,0,797,0,0
3.875,230000,360,85,2,25,776,12,790,0,0
3.1,138000,156,68,2,23,767,0,794,0,0
3,189000,120,80,2,43,773,0,773,0,0
3.125,130000,120,46,2,14,812,0,812,0,0
3.25,194000,180,46,2,16,808,0,809,0,0
4,279000,312,72,2,21,811,0,820,0,0
4,626000,360,80,2,48,824,0,816,0,0
3.25,167000,180,68,2,34,713,0,704,0,0
4.375,302000,360,75,2,48,750,0,771,0,0
3.5,142000,180,55,2,30,744,0,781,0,0
4,196000,360,80,2,34,789,0,810,0,0
4.25,128000,360,90,2,16,804,25,812,0,0
4.125,417000,360,59,2,46,758,0,758,0,0
3.75,236000,360,35,2,22,797,0,806,0,0
2.875,190000,180,43,2,28,785,0,791,0,0
3.625,360000,180,91,2,14,778,12,751,0,0
4.75,59000,360,92,1,42,800,30,0,0,0
3.125,109000,120,43,2,19,796,0,787,0,0
4.875,97000,360,76,1,19,688,0,0,0,0
3.25,104000,180,80,2,26,735,0,795,0,0
4.015,142000,360,36,1,40,800,0,0,0,0
3,100000,120,72,1,27,784,0,0,0,0
3.875,189000,360,53,1,16,806,0,0,0,0
4,124000,360,80,1,40,802,0,0,0,0
3.5,55000,180,44,2,46,786,0,777,0,0
2.95,190000,120,49,1,38,804,0,0,0,0
3.75,134000,360,66,1,48,760,0,0,0,0
3.75,121000,240,60,1,46,765,0,0,0,0
4.375,132000,360,80,2,27,776,0,780,0,0
4.875,71000,360,75,1,33,766,0,0,0,0
4.375,109000,360,35,2,31,804,0,811,0,0
3.625,323000,360,95,1,43,765,30,0,0,0
3.25,129000,120,29,2,19,745,0,787,0,0
3.25,90000,180,49,2,41,810,0,810,0,0
3.875,238000,360,80,2,30,779,0,743,0,0
3.875,317000,360,80,2,25,794,0,798,0,0
3.25,240000,180,59,2,38,741,0,696,0,0
3.375,150000,180,80,1,38,708,0,0,0,0
3.875,136000,360,50,1,36,787,0,0,0,0
4.25,206000,360,75,2,43,794,0,704,0,0
3.875,200000,360,80,2,27,783,0,802,0,0
3.75,233000,240,59,1,21,805,0,0,0,0
3.125,53000,180,80,1,19,700,0,0,0,0
3.875,407000,360,84,2,35,778,12,788,0,0
3.167,234000,180,52,2,21,819,0,821,0,0
4.25,220000,360,69,2,27,707,0,804,0,0
3.25,160000,180,77,2,48,787,0,683,0,0
3.875,229000,360,62,2,22,816,0,809,0,0
4,273000,360,44,1,22,817,0,0,0,0
3.25,417000,180,75,2,18,771,0,770,0,0
4.125,230000,360,80,2,36,743,0,791,0,0
3,181000,120,56,2,24,816,0,815,0,0
4.5,45000,180,27,2,20,720,0,752,0,0
3.25,74000,180,75,2,39,780,0,757,0,0
3.875,112000,240,73,1,22,815,0,0,0,0
4,280000,360,80,2,30,807,0,816,0,0
3.125,238000,180,74,2,28,788,0,784,0,0
2.875,282000,180,57,2,10,770,0,761,0,0
3.99,389000,360,68,2,13,803,0,809,0,0
4,400000,360,57,1,43,731,0,0,0,0
4.25,187000,360,80,1,30,732,0,0,0,0
3.99,88000,360,80,1,42,795,0,0,0,0
4,165000,360,38,1,43,811,0,0,0,0
4.125,243000,360,80,2,42,745,0,726,0,0
4.875,164000,360,80,1,34,771,0,0,0,0
3,192000,180,74,2,23,809,0,809,0,0
3.875,173000,360,33,2,19,786,0,804,0,0
3.75,111000,240,52,2,24,777,0,792,0,0
3.875,405000,360,74,2,30,780,0,763,0,0
3.99,406000,360,80,1,38,761,0,0,0,0
3.75,192000,240,57,2,14,674,0,796,0,0
3.99,303000,360,74,2,17,787,0,792,0,0
3.5,79000,180,29,2,44,815,0,785,0,0
3.835,158000,360,43,2,20,809,0,813,0,0
4,185000,360,84,1,39,783,12,0,0,0
3.875,205000,180,56,2,23,816,0,755,0,0
3.875,165000,360,66,2,13,804,0,806,0,0
3.625,325000,360,73,1,23,813,0,0,0,0
3.5,83000,120,45,1,22,802,0,0,0,0
3.875,170000,360,76,2,16,829,0,787,0,0
4.375,150000,360,51,2,45,813,0,796,0,0
3.875,168000,180,53,2,39,800,0,795,0,0
3.875,445000,360,75,2,17,738,0,766,0,0
4.125,315000,360,44,2,16,774,0,807,0,0
5.125,43000,360,80,2,44,758,0,714,0,0
3.75,150000,240,82,1,43,761,6,0,0,0
3.99,90000,240,73,1,22,790,0,0,0,0
3.99,392000,360,90,2,45,758,25,803,0,0
3.938,115000,240,73,2,19,797,0,783,0,0
3.875,120000,360,80,1,31,801,0,0,0,0
4,286000,360,66,2,28,770,0,797,0,0
3.75,166000,360,80,2,23,742,0,773,0,0
3.75,184000,341,77,2,19,787,0,785,0,0
4.125,213000,360,85,1,24,774,12,0,0,0
4.125,160000,360,49,1,44,694,0,0,0,0
3,417000,120,76,2,8,800,0,785,0,0
3,214000,180,78,2,24,729,0,746,0,0
4,255000,360,75,2,26,762,0,771,0,0
5.5,176000,360,80,2,25,685,0,682,0,0
4,136000,360,58,2,23,801,0,760,0,0
3.625,90000,240,33,2,23,790,0,799,0,0
3.503,364000,360,32,1,16,765,0,0,0,0
2.875,312000,120,80,1,16,799,0,0,0,0
4.375,311000,360,77,2,41,797,0,810,0,0
4.125,290000,360,72,1,45,790,0,0,0,0
3.875,160000,360,52,2,23,781,0,791,0,0
3.875,211000,360,64,2,28,768,0,809,0,0
3.75,227000,360,76,1,29,795,0,0,0,0
3.75,265000,240,74,2,44,746,0,783,0,0
4.125,131000,360,75,2,20,814,0,806,0,0
4,75000,360,63,1,36,813,0,0,0,0
3.875,414000,360,75,2,35,751,0,780,0,0
3.5,62000,120,80,2,33,764,0,774,0,0
3.875,91000,360,61,1,30,702,0,0,0,0
4.125,83000,360,80,2,30,780,0,729,0,0
3.875,297000,360,64,1,35,795,0,0,0,0
4,65000,240,78,2,27,772,0,783,0,0
3.625,102000,180,41,1,31,790,0,0,0,0
4.125,396000,360,49,2,50,637,0,625,0,0
3.375,147000,180,22,1,32,809,0,0,0,0
3.75,375000,240,71,1,26,805,0,0,0,0
4,590000,360,73,2,36,755,0,789,0,0
3.875,491000,240,69,2,41,723,0,773,0,0
4,236000,360,80,2,34,787,0,784,0,0
4.25,180000,360,80,1,32,717,0,0,0,0
3.75,200000,240,70,2,31,741,0,725,0,0
3.25,417000,180,37,1,30,783,0,0,0,0
3.75,417000,360,68,2,27,789,0,804,0,0
4.25,156000,360,80,1,21,813,0,0,0,0
3,114000,180,62,2,42,799,0,804,0,0
3.625,135000,180,75,2,35,770,0,725,0,0
3.99,340000,360,84,2,38,799,12,783,0,0
3.875,341000,360,80,1,42,776,0,0,0,0
4,215000,360,33,2,21,782,0,745,0,0
4,344000,360,80,2,39,751,0,706,0,0
3.125,397000,180,80,1,25,790,0,0,0,0
3.625,173000,120,22,1,26,773,0,0,0,0
3.875,269000,360,55,2,36,792,0,752,0,0
3.75,122000,360,63,2,38,813,0,815,0,0
3.75,390000,300,70,2,26,798,0,802,0,0
3.5,230000,120,53,2,44,772,0,780,0,0
3.99,265000,240,76,2,37,781,0,784,0,0
3.875,321000,360,94,2,39,722,30,773,0,0
4,196000,360,68,2,25,800,0,806,0,0
3.25,250000,180,80,1,35,712,0,0,0,0
4.375,232000,360,32,2,28,811,0,790,0,0
3.25,118000,120,32,2,40,797,0,794,0,0
4.375,100000,360,79,2,40,764,0,769,0,0
4,262000,360,69,2,14,774,0,754,0,0
3.438,71000,180,80,2,15,817,0,807,0,0
3.875,308000,360,42,2,40,823,0,771,0,0
3.25,623000,180,73,1,34,708,0,0,0,0
5.125,224000,360,75,1,30,716,0,0,0,0
3.625,272000,120,34,2,26,796,0,813,0,0
3.25,198000,180,63,2,19,794,0,794,0,0
3.75,200000,360,75,2,24,787,0,817,0,0
4.125,390000,360,44,1,37,773,0,0,0,0
3.875,166000,360,75,2,44,801,0,809,0,0
3,150000,120,37,2,20,815,0,809,0,0
4,356000,360,90,2,36,772,25,730,0,0
4,396000,360,80,2,42,762,0,779,0,0
3.875,125000,360,60,2,24,705,0,775,0,0
3.25,221000,180,49,2,19,810,0,811,0,0
4,181000,360,24,2,14,803,0,798,0,0
3.5,340000,360,52,2,43,776,0,760,0,0
4,375000,360,95,1,35,770,30,0,0,0
3.125,70000,180,29,2,9,801,0,803,0,0
3,246000,120,53,1,41,662,0,0,0,0
4.5,144000,360,80,1,41,663,0,0,0,0
4,150000,360,80,1,39,782,0,0,0,0
3.125,128000,180,60,1,16,805,0,0,0,0
4,295000,360,59,2,19,807,0,801,0,0
4.25,78000,360,80,2,26,738,0,782,0,0
3.875,120000,360,80,1,47,757,0,0,0,0
3.625,40000,180,53,1,27,810,0,0,0,0
4.125,155000,360,70,1,30,798,0,0,0,0
4.125,152000,360,90,1,26,812,25,0,0,0
4.25,182000,360,69,2,26,769,0,774,0,0
4.5,241000,360,89,1,35,696,25,0,0,0
3.25,140000,180,76,2,26,811,0,807,0,0
4.125,417000,360,78,2,37,718,0,745,0,0
3.75,124000,240,47,2,28,800,0,759,0,0
3.25,300000,180,45,2,20,791,0,808,0,0
3.875,375000,180,75,1,41,738,0,0,0,0
4.25,166000,360,74,1,42,703,0,0,0,0
3.375,204000,180,88,2,31,799,12,806,0,0
3.125,378000,180,37,2,16,800,0,803,0,0
3.875,80000,180,19,1,19,807,0,0,0,0
2.875,192000,180,69,1,19,813,0,0,0,0
4,400000,360,80,2,36,793,0,799,0,0
4.125,380000,360,68,2,39,764,0,801,0,0
3.25,184000,180,34,2,14,722,0,807,0,0
4.125,338000,360,49,2,24,812,0,812,0,0
4,257000,360,60,2,40,753,0,765,0,0
4.625,102000,360,80,2,35,752,0,790,0,0
3.25,108000,120,65,2,32,718,0,804,0,0
3.875,195000,360,72,2,35,793,0,719,0,0
3.5,126000,180,51,1,24,809,0,0,0,0
3.875,400000,360,73,2,21,807,0,800,0,0
3.49,125000,120,68,1,30,793,0,0,0,0
3.875,185000,360,90,1,29,793,25,0,0,0
4.375,148000,360,80,2,35,802,0,771,0,0
3.375,202000,180,77,2,35,799,0,775,0,0
3.25,106000,180,69,2,28,809,0,803,0,0
3.25,171000,120,32,2,17,791,0,790,0,0
3.25,134000,180,80,2,43,740,0,805,0,0
3.875,200000,360,30,1,44,807,0,0,0,0
4.5,180000,360,79,1,36,722,0,0,0,0
3.875,149000,360,97,2,30,745,35,747,0,0
3.25,142000,180,57,1,21,817,0,0,0,0
4,118000,360,75,1,45,737,0,0,0,0
4.125,290000,360,68,2,49,785,0,768,0,0
4.5,243000,360,65,1,24,800,0,0,0,0
4.375,258000,360,67,1,29,664,0,0,0,0
3.875,288000,360,80,2,35,778,0,755,0,0
4,121000,360,41,2,35,806,0,809,0,0
3.94,353000,360,57,2,23,820,0,820,0,0
4.375,497000,360,56,2,26,798,0,788,0,0
3.875,274000,360,40,1,20,754,0,0,0,0
3.875,115000,360,64,1,39,814,0,0,0,0
3.75,131000,360,52,2,44,762,0,700,0,0
4.875,158000,360,80,2,30,750,0,642,0,0
4.25,121000,180,95,1,24,745,25,0,0,0
2.875,298000,180,57,2,27,799,0,704,0,0
4.25,605000,360,52,2,15,770,0,780,0,0
3.875,130000,360,80,2,41,785,0,765,0,0
3.875,249000,360,52,2,41,805,0,805,0,0
3.75,250000,360,60,2,28,793,0,778,0,0
3.75,395000,180,74,2,12,797,0,736,0,0
3.25,343000,180,74,2,18,798,0,796,0,0
3.5,60000,180,58,2,50,810,0,809,0,0
4.375,94000,360,60,2,31,697,0,702,0,0
4,143000,360,39,2,46,820,0,820,0,0
5,96000,360,80,2,42,733,0,733,0,0
3.875,275000,360,41,1,39,822,0,0,0,0
3.25,259000,180,70,2,43,786,0,794,0,0
3.875,182000,360,70,1,14,819,0,0,0,0
3.875,408000,360,72,2,40,767,0,781,0,0
4.125,184000,360,80,1,49,793,0,0,0,0
4,102000,180,70,1,30,804,0,0,0,0
4.375,91000,360,52,1,28,640,0,0,0,0
4.125,92000,360,80,1,33,772,0,0,0,0
4.25,339000,360,85,1,33,735,12,0,0,0
4,132000,360,95,1,12,733,30,0,0,0
3.25,198000,180,80,2,18,787,0,811,0,0
4,236000,360,95,2,23,718,30,728,0,0
3.625,208000,360,93,1,22,750,30,0,0,0
3.375,71000,180,73,1,24,801,0,0,0,0
3.5,133000,180,60,2,28,801,0,801,0,0
4.125,144000,360,66,1,39,757,0,0,0,0
3.24,78000,120,71,1,16,769,0,0,0,0
4.375,110000,360,67,2,21,773,0,786,0,0
4.75,76000,360,80,2,49,715,0,730,0,0
3.25,78000,180,49,2,42,809,0,809,0,0
3.75,288000,360,61,2,21,784,0,787,0,0
3.5,121000,180,97,2,25,741,35,720,0,0
4,467000,360,90,1,40,761,25,0,0,0
3.875,112000,240,82,2,24,741,6,771,0,0
4.625,40000,300,32,1,23,794,0,0,0,0
3.75,90000,240,36,1,47,741,0,0,0,0
4.375,133000,360,75,2,24,811,0,814,0,0
4.375,80000,180,64,1,32,693,0,0,0,0
4,144000,360,76,1,25,790,0,0,0,0
3.99,417000,360,68,2,22,721,0,718,0,0
4.625,120000,360,75,1,44,812,0,0,0,0
3.5,152000,180,80,1,18,794,0,0,0,0
2.875,107000,180,80,1,38,758,0,0,0,0
3.375,236000,180,80,2,29,809,0,802,0,0
4.19,394000,360,32,2,38,798,0,791,0,0
3.875,80000,180,78,2,37,731,0,790,0,0
4.5,78000,360,80,2,39,761,0,773,0,0
3.902,210000,360,44,2,41,773,0,742,0,0
4.46,191000,360,95,2,38,763,30,760,0,0
3.25,417000,180,69,1,32,780,0,0,0,0
3.289,388000,180,76,1,38,769,0,0,0,0
3.875,219000,360,80,1,39,788,0,0,0,0
3.75,417000,360,78,1,33,798,0,0,0,0
3.625,200000,360,62,1,31,793,0,0,0,0
4.5,120000,360,72,1,43,674,0,0,0,0
3.875,164000,360,80,2,26,820,0,814,0,0
4.125,250000,360,57,1,42,817,0,0,0,0
3.75,417000,360,93,1,40,728,30,0,0,0
4.125,274000,360,30,2,19,783,0,791,0,0
3.25,100000,120,77,1,33,808,0,0,0,0
4,134000,360,67,2,34,784,0,784,0,0
4.25,50000,360,43,2,32,801,0,802,0,0
3.99,157000,360,89,1,41,744,25,0,0,0
3.875,113000,240,32,2,19,776,0,791,0,0
3.5,72000,120,76,2,44,778,0,782,0,0
4,243000,360,47,1,41,743,0,0,0,0
3.75,355000,360,57,1,48,807,0,0,0,0
3.5,150000,180,80,1,31,658,0,0,0,0
4.25,85000,360,60,1,14,819,0,0,0,0
3.375,366000,180,57,1,26,753,0,0,0,0
3.875,90000,360,80,1,36,786,0,0,0,0
4.5,101000,240,60,1,36,673,0,0,0,0
4.375,204000,360,80,2,25,746,0,802,0,0
3.75,177000,240,77,1,26,782,0,0,0,0
4.125,128000,360,75,2,19,791,0,793,0,0
3,224000,180,80,2,22,686,0,701,0,0
4.875,168000,360,93,2,28,800,30,788,0,0
4.125,193000,360,45,2,41,817,0,820,0,0
4.375,145000,300,84,1,42,699,12,0,0,0
3.25,135000,180,54,1,21,749,0,0,0,0
3.75,337000,360,80,2,27,752,0,796,0,0
3.875,192000,360,80,1,19,782,0,0,0,0
3.75,476000,180,80,2,30,768,0,764,0,0
3.25,94000,180,53,2,25,806,0,774,0,0
3.125,98000,180,60,2,21,785,0,767,0,0
4.125,417000,360,94,2,28,701,30,722,0,0
4.125,292000,360,75,1,39,768,0,0,0,0
4.375,230000,360,75,1,42,789,0,0,0,0
4.625,300000,360,66,1,45,783,0,0,0,0
3.25,78000,180,56,1,37,729,0,0,0,0
3.875,260000,360,54,2,17,811,0,787,0,0
3.625,417000,180,36,2,28,803,0,794,0,0
3.625,140000,180,26,2,37,803,0,812,0,0
3.25,180000,180,80,2,39,785,0,684,0,0
3,157000,180,80,1,19,807,0,0,0,0
4,175000,360,70,2,43,802,0,814,0,0
4.375,173000,360,75,1,33,784,0,0,0,0
4.25,260000,360,80,1,28,796,0,0,0,0
3.75,147000,120,70,2,44,814,0,807,0,0
4.25,311000,360,80,2,24,807,0,779,0,0
4.5,320000,360,74,1,42,685,0,0,0,0
4.5,313000,360,95,2,39,778,30,666,0,0
4.375,375000,360,80,2,35,785,0,779,0,0
3.75,170000,360,65,1,35,789,0,0,0,0
3.375,167000,180,61,2,38,728,0,766,0,0
4.125,45000,180,80,1,28,800,0,0,0,0
3.625,417000,180,60,2,9,804,0,789,0,0
3.75,120000,360,72,2,24,781,0,794,0,0
4.375,107000,240,68,2,25,670,0,786,0,0
3.875,84000,360,72,2,28,717,0,742,0,0
3.875,250000,360,48,2,30,783,0,796,0,0
3.25,194000,144,65,2,25,778,0,790,0,0
3.75,352000,360,80,2,37,806,0,797,0,0
4.5,417000,360,65,2,25,699,0,792,0,0
4.5,119000,360,75,2,17,809,0,802,0,0
4.125,284000,360,73,2,15,775,0,832,0,0
3.125,140000,180,27,2,34,765,0,747,0,0
4.75,172000,360,80,2,42,718,0,709,0,0
4.25,100000,360,80,1,13,803,0,0,0,0
3.875,411000,360,42,2,20,664,0,746,0,0
3.25,132000,120,37,2,22,715,0,708,0,0
3.95,413000,360,80,2,32,805,0,805,0,0
3.875,364000,360,80,2,38,796,0,796,0,0
4.125,95000,360,78,1,21,797,0,0,0,0
3.875,290000,240,53,2,34,797,0,797,0,0
4.125,284000,360,90,2,37,714,25,719,0,0
3.875,196000,360,84,2,18,812,12,812,0,0
3.375,100000,120,72,2,28,784,0,787,0,0
3.75,138000,360,80,1,25,755,0,0,0,0
3.375,275000,180,85,2,17,803,6,794,0,0
4,168000,360,80,2,23,816,0,809,0,0
4.625,137000,360,75,1,19,800,0,0,0,0
4.5,24000,240,80,1,18,764,0,0,0,0
3.25,395000,180,33,2,25,784,0,796,0,0
3.125,84000,120,50,2,30,780,0,778,0,0
4.5,417000,360,50,1,41,746,0,0,0,0
3.75,417000,360,77,2,48,777,0,814,0,0
4,354000,360,68,1,10,770,0,0,0,0
4.375,158000,360,43,1,27,803,0,0,0,0
4,600000,360,74,2,36,761,0,761,0,0
3.75,183000,240,90,2,28,775,12,794,0,0
3.875,148000,360,74,2,13,797,0,782,0,0
3.125,289000,120,45,2,14,767,0,792,0,0
4.625,53000,360,41,2,42,718,0,735,0,0
3.125,260000,180,70,2,34,797,0,797,0,0
3.875,296000,360,48,1,23,769,0,0,0,0
4,220000,360,74,2,33,744,0,740,0,0
4,120000,360,75,1,43,752,0,0,0,0
3.25,329000,180,79,2,14,796,0,807,0,0
3.5,136000,180,80,2,43,691,0,756,0,0
4,190000,360,95,1,44,777,30,0,0,0
4.5,144000,360,68,2,30,774,0,815,0,0
3.875,139000,360,80,2,28,741,0,752,0,0
4,174000,360,80,1,42,757,0,0,0,0
4.625,169000,360,75,1,43,801,0,0,0,0
3.875,176000,360,97,1,31,760,30,0,0,0
3.875,172000,360,95,2,43,791,30,802,0,0
3.875,98000,360,52,2,33,798,0,806,0,0
4.375,408000,360,86,2,14,778,12,807,0,0
3.125,70000,120,46,1,39,808,0,0,0,0
3.25,340000,180,80,2,24,811,0,806,0,0
3.875,389000,360,68,2,29,801,0,797,0,0
3.125,229000,180,55,2,31,738,0,746,0,0
4.75,93000,360,78,2,26,732,0,739,0,0
3.625,78000,180,50,1,18,812,0,0,0,0
3.99,417000,360,58,2,20,813,0,791,0,0
3.5,91000,180,40,2,29,735,0,782,0,0
3.375,495000,180,42,2,29,779,0,809,0,0
3.375,105000,120,42,2,22,790,0,807,0,0
4,214000,360,80,2,43,746,0,777,0,0
3.99,228000,360,39,2,41,811,0,801,0,0
3.25,180000,120,66,2,24,794,0,796,0,0
3.5,80000,180,66,1,15,720,0,0,0,0
4,160000,360,80,1,41,799,0,0,0,0
3.978,250000,360,69,2,25,730,0,728,0,0
3.875,400000,300,35,2,28,784,0,798,0,0
4,148000,360,80,1,17,808,0,0,0,0
3.75,140000,240,85,2,24,782,6,794,0,0
3.875,116000,240,50,2,21,812,0,815,0,0
3.875,175000,240,87,2,29,733,12,719,0,0
3.75,293000,360,80,2,37,782,0,782,0,0
3.99,208000,360,69,2,49,756,0,776,0,0
4.5,113000,360,75,1,40,798,0,0,0,0
3.875,402000,360,78,1,24,777,0,0,0,0
3.75,224000,360,72,1,27,774,0,0,0,0
3.875,405000,360,75,2,42,741,0,763,0,0
2.875,280000,180,80,1,22,794,0,0,0,0
4.25,123000,180,63,2,42,684,0,673,0,0
4.5,88000,360,80,2,36,801,0,795,0,0
4.5,331000,360,95,1,44,788,30,0,0,0
3,172000,120,57,2,19,713,0,791,0,0
4.03,417000,240,79,2,15,779,0,808,0,0
2.875,50000,120,34,2,19,790,0,809,0,0
3.375,75000,180,55,1,25,800,0,0,0,0
3.5,220000,180,61,2,20,814,0,817,0,0
4.375,412000,360,73,1,35,779,0,0,0,0
3.875,200000,360,72,2,26,799,0,808,0,0
3.875,387000,360,79,2,45,812,0,816,0,0
3.625,235000,360,71,1,24,745,0,0,0,0
3.125,77000,180,71,2,44,739,0,733,0,0
4.5,165000,360,69,2,42,763,0,748,0,0
3.5,128000,120,80,2,19,774,0,789,0,0
3.5,75000,180,50,2,22,795,0,779,0,0
4.125,157000,360,95,2,41,800,30,798,0,0
3,215000,120,52,2,9,808,0,808,0,0
3.75,220000,360,76,1,38,806,0,0,0,0
3.875,137000,300,80,2,24,779,0,763,0,0
3.875,54000,360,80,1,23,757,0,0,0,0
3.125,113000,180,63,2,29,778,0,777,0,0
3.375,161000,180,70,2,37,781,0,790,0,0
4.125,557000,360,48,2,48,811,0,795,0,0
4.358,400000,348,80,2,35,794,0,794,0,0
4.375,150000,360,25,2,43,716,0,704,0,0
3.875,125000,360,42,2,19,755,0,774,0,0
4.875,172000,360,75,1,38,792,0,0,0,0
3.5,220000,180,23,1,16,809,0,0,0,0
3.75,390000,360,84,2,39,761,12,781,1,0
4.5,76000,360,95,1,43,732,30,0,0,0
4,184000,360,35,1,13,799,0,0,0,0
4,240000,360,91,2,26,686,30,728,0,0
4,210000,360,80,2,40,820,0,777,0,0
3.75,123000,180,88,2,26,772,12,756,0,0
4.125,365000,360,74,2,36,793,0,790,0,0
4.25,203000,360,95,1,42,685,30,0,0,0
4,404000,360,80,2,36,779,0,808,0,0
4.875,139000,360,75,2,41,787,0,751,0,0
4.5,75000,360,80,1,43,661,0,0,0,0
3.875,190000,360,46,2,18,797,0,786,0,0
3.625,193000,360,79,2,26,773,0,797,0,0
3.875,235000,360,55,2,15,810,0,799,0,0
3.875,340000,360,70,2,28,731,0,737,0,0
3.875,109000,240,63,2,32,817,0,814,0,0
2.99,174000,120,69,2,29,733,0,724,0,0
3.875,404000,360,63,2,13,790,0,800,0,0
5.375,75000,360,75,2,36,692,0,788,0,0
3.25,100000,120,42,2,23,789,0,794,0,0
3.375,417000,180,74,1,39,793,0,0,0,0
4.625,389000,360,90,1,40,716,25,0,1,0
4.25,280000,360,95,2,39,739,30,736,0,0
3,280000,180,74,2,47,805,0,805,0,0
4.25,136000,360,78,1,22,723,0,0,0,0
3.875,401000,360,53,2,24,801,0,803,0,0
3.875,228000,360,80,1,37,785,0,0,0,0
3.875,70000,360,40,2,27,816,0,819,0,0
3.375,190000,180,66,1,29,819,0,0,0,0
3.5,60000,180,64,1,34,681,0,0,0,0
3.795,213000,360,75,2,25,784,0,758,0,0
3.875,361000,360,24,1,38,824,0,0,0,0
4.125,134000,240,58,1,35,797,0,0,0,0
4.5,81000,360,75,1,38,793,0,0,0,0
4.25,208000,360,72,1,50,809,0,0,0,0
3.25,234000,180,89,2,41,762,12,710,0,0
4.375,508000,360,51,1,27,801,0,0,0,0
3.875,184000,360,80,1,42,800,0,0,0,0
4.125,266000,360,92,1,41,759,25,0,0,0
3.25,37000,180,47,1,37,782,0,0,0,0
3.75,200000,180,77,1,17,746,0,0,0,0
3.75,390000,360,52,1,33,765,0,0,0,0
3,108000,180,27,1,22,817,0,0,0,0
3.875,193000,300,72,2,39,692,0,770,0,0
3.99,455000,360,68,1,43,782,0,0,0,0
3.375,153000,180,76,2,21,766,0,773,0,0
4.125,118000,360,80,2,33,795,0,811,0,0
3.25,280000,180,39,2,25,792,0,809,0,0
4,195000,360,87,2,29,757,25,785,0,0
3.875,417000,360,58,2,38,774,0,788,0,0
3.875,249000,240,52,2,11,802,0,803,0,0
4.5,163000,360,75,1,42,751,0,0,0,0
3.875,162000,360,83,2,27,752,12,707,0,0
4.25,150000,360,66,2,25,747,0,780,0,0
4.25,60000,180,80,1,22,798,0,0,0,0
4.375,109000,360,80,1,24,781,0,0,0,0
4.625,234000,360,75,1,24,809,0,0,0,0
3.75,274000,360,67,1,33,798,0,0,0,0
4.375,136000,360,69,1,34,640,0,0,0,0
3.875,180000,360,90,2,31,747,25,806,0,0
4.125,374000,360,75,1,47,756,0,0,0,0
4,331000,360,95,1,28,800,30,0,0,0
3.375,625000,180,39,2,21,791,0,795,0,0
4.875,238000,300,95,1,34,782,30,0,1,0
4.125,299000,360,72,2,30,742,0,727,0,0
3.875,204000,180,71,1,31,711,0,0,0,0
3.875,120000,360,73,2,20,773,0,787,0,0
4.5,123000,360,95,1,44,672,30,0,0,0
3.875,359000,360,89,1,29,801,25,0,0,0
3.875,140000,360,80,2,49,799,0,799,0,0
3.375,417000,180,20,2,9,806,0,792,0,0
3.25,105000,180,64,2,22,804,0,790,0,0
3,123000,180,80,1,6,792,0,0,0,0
4,146000,360,69,1,25,812,0,0,0,0
4.25,215000,360,90,1,39,809,25,0,0,0
3.875,342000,360,90,1,44,816,25,0,0,0
3.375,107000,144,54,2,17,812,0,816,0,0
4.5,233000,360,87,1,19,806,25,0,0,0
4.375,392000,360,70,2,37,796,0,811,0,0
4.5,138000,360,75,2,40,775,0,780,0,0
4,170000,180,60,1,36,790,0,0,0,0
3.25,216000,180,67,1,31,784,0,0,0,0
4.125,138000,240,71,1,44,763,0,0,0,0
2.875,248000,180,80,2,36,786,0,796,0,0
3.25,131000,120,38,2,17,814,0,763,0,0
4.75,103000,360,80,1,44,650,0,0,0,0
3.875,267000,360,89,2,30,808,25,809,0,0
3.25,166000,180,77,2,39,789,0,790,0,0
3.125,248000,180,80,1,24,792,0,0,0,0
3,298000,180,55,2,45,730,0,736,0,0
4,138000,360,90,1,26,800,25,0,0,0
3.375,100000,180,77,2,40,672,0,791,0,0
3.5,223000,180,80,2,35,766,0,758,0,0
3.75,54000,240,66,1,37,684,0,0,0,0
4.25,120000,360,60,2,15,813,0,812,0,0
4.125,180000,360,71,1,46,815,0,0,0,0
3.625,202000,180,26,1,37,794,0,0,0,0
3.375,193000,180,62,1,15,727,0,0,0,0
4.375,146000,360,95,2,45,746,30,781,0,0
3.875,200000,360,65,2,23,719,0,772,0,0
4.375,540000,360,90,1,37,784,25,0,0,0
4,125000,360,74,2,42,751,0,768,0,0
4.75,120000,360,80,2,31,805,0,692,0,0
3.875,75000,120,18,1,33,797,0,0,0,0
3.25,150000,180,47,2,23,795,0,798,0,0
4,219000,360,30,2,35,815,0,824,0,0
4,93000,360,88,1,20,813,25,0,0,0
3.5,120000,360,55,1,38,783,0,0,0,0
3.074,100000,180,77,1,26,790,0,0,0,0
3.375,409000,180,52,2,37,800,0,759,0,0
4,400000,360,78,1,43,793,0,0,0,0
3.25,176000,180,53,2,20,808,0,793,0,0
3.875,332000,360,80,1,26,713,0,0,0,0
3.91,111000,240,75,2,23,810,0,805,0,0
4.75,86000,360,80,1,42,690,0,0,0,0
3,96000,180,71,2,43,786,0,705,0,0
4,118000,360,80,1,48,801,0,0,0,0
3.5,216000,240,76,1,18,800,0,0,0,0
3.875,410000,360,64,2,16,790,0,786,0,0
3.875,296000,360,86,2,35,819,12,809,0,0
3.375,125000,180,53,2,18,807,0,801,0,0
4.25,180000,360,90,1,31,707,25,0,0,0
3.875,375000,360,60,1,30,762,0,0,0,0
4.25,205000,360,79,1,28,744,0,0,0,0
4.375,118000,204,70,2,23,784,0,790,0,0
3.875,250000,360,54,2,30,781,0,784,0,0
4.125,35000,180,80,1,44,752,0,0,0,0
3.75,239000,360,87,2,26,808,25,799,0,0
4.25,161000,240,60,2,33,788,0,781,0,0
3.75,300000,360,75,1,26,794,0,0,0,0
3.375,195000,120,41,2,27,765,0,820,0,0
3.25,110000,180,30,2,18,735,0,720,0,0
4,417000,240,45,2,30,733,0,689,0,0
3.625,74000,240,76,2,19,740,0,794,0,0
3.875,153000,360,59,2,40,774,0,783,0,0
3.875,316000,360,80,2,40,751,0,786,0,0
4,180000,240,66,1,29,783,0,0,0,0
3.875,242000,360,75,2,30,770,0,769,0,0
4.125,409000,360,68,2,24,737,0,797,0,0
4.5,152000,360,80,1,35,754,0,0,0,0
4.625,225000,360,59,2,32,643,0,688,0,0
3,250000,180,64,1,45,767,0,0,0,0
3.875,412000,360,53,2,44,805,0,798,0,0
3.99,236000,360,51,2,22,776,0,703,0,0
4.75,238000,360,95,2,30,787,30,789,0,0
4.5,113000,360,61,1,36,758,0,0,0,0
3.25,311000,180,90,2,31,803,12,815,0,0
3.875,231000,360,31,2,37,811,0,800,0,0
4,180000,360,72,1,27,806,0,0,0,0
4,160000,360,80,2,39,773,0,784,0,0
4.25,226000,360,58,2,44,763,0,765,0,0
3.375,107000,120,54,2,29,819,0,811,0,0
3.375,118000,180,66,1,38,718,0,0,0,0
3.99,107000,240,26,2,19,815,0,791,0,0
3.5,417000,180,39,1,24,801,0,0,0,0
4.25,500000,360,73,2,46,767,0,801,0,0
4.25,181000,360,95,1,40,758,30,0,0,0
4.125,186000,360,71,1,38,722,0,0,0,0
3,281000,180,58,2,39,804,0,801,0,0
4.375,371000,360,96,2,28,726,30,737,0,0
4.375,154000,360,75,2,47,769,0,789,0,0
3.875,241000,360,67,2,19,817,0,751,0,0
3.75,206000,360,36,1,15,806,0,0,0,0
3.875,200000,360,70,2,16,763,0,779,0,0
4,228000,240,62,2,44,784,0,784,0,0
5,169000,360,75,2,50,766,0,789,0,0
3.25,148000,180,56,2,19,746,0,756,0,0
3.875,456000,360,80,1,40,779,0,0,0,0
2.875,189000,120,51,2,34,800,0,775,0,0
3.875,140000,240,80,1,43,717,0,0,0,0
4.625,490000,360,70,1,32,766,0,0,0,0
3.25,129000,180,74,2,20,790,0,800,0,0
3.25,131000,120,66,2,18,788,0,796,0,0
3.875,168000,360,89,1,45,723,25,0,0,0
4.125,382000,360,95,2,29,756,30,682,0,0
3.875,141000,240,85,1,42,731,6,0,0,0
3.5,288000,180,80,2,23,770,0,816,0,0
4.25,149000,360,87,2,45,737,25,734,0,0
3.75,316000,360,74,1,49,727,0,0,0,0
3.25,229000,180,79,1,34,818,0,0,0,0
3,62000,120,50,2,33,723,0,729,0,0
3.25,65000,180,39,2,12,802,0,800,0,0
4,603000,360,80,2,32,790,0,780,0,0
3,85000,180,50,1,44,665,0,0,0,0
3.875,101000,360,53,2,11,804,0,819,0,0
3.375,99000,180,40,2,12,763,0,775,0,0
3.875,239000,360,79,2,30,796,0,796,0,0
3.25,382000,180,41,2,23,789,0,817,0,0
3.875,391000,360,45,2,30,802,0,784,0,0
3.125,89000,180,66,1,37,749,0,0,0,0
3.25,320000,180,59,1,24,787,0,0,0,0
3.5,85000,120,43,2,15,807,0,818,0,0
4.125,413000,360,51,2,48,790,0,802,0,0
3,251000,120,34,2,25,789,0,786,0,0
3.125,190000,180,66,2,40,804,0,802,0,0
3.75,48000,360,50,1,29,804,0,0,0,0
3.25,83000,180,49,2,22,799,0,808,0,0
4.125,307000,360,54,2,32,822,0,811,0,0
4.25,100000,360,25,2,21,804,0,798,0,0
4.125,295000,360,66,2,27,791,0,794,0,0
3.375,151000,120,66,2,43,785,0,775,0,0
3.875,376000,360,95,1,35,782,30,0,0,0
2.975,140000,180,80,1,25,688,0,0,0,0
4.375,152000,360,80,2,34,790,0,768,0,0
4.125,114000,360,76,1,15,715,0,0,0,0
4.875,95000,360,90,1,32,681,25,0,0,0
4,68000,360,57,2,26,778,0,796,0,0
4,133000,360,52,2,39,823,0,823,0,0
3.875,287000,360,70,2,26,707,0,687,0,0
4,95000,180,45,1,44,770,0,0,0,0
3.375,135000,180,25,2,35,786,0,791,0,0
3.5,202000,180,34,2,27,790,0,762,0,0
3.99,382000,360,80,2,42,780,0,780,0,0
3,80000,180,70,2,17,793,0,801,0,0
3.75,77000,180,87,1,15,804,25,0,0,0
3.875,104000,180,73,2,41,772,0,760,0,0
3.625,306000,360,80,1,43,743,0,0,0,0
3.71,417000,360,59,2,20,790,0,788,0,0
3.875,188000,180,75,2,46,778,0,795,0,0
4.25,480000,360,80,2,43,775,0,772,0,0
4.75,126000,360,80,1,45,676,0,0,0,0
3.25,153000,180,73,2,18,804,0,814,0,0
4.125,477000,360,75,2,45,790,0,799,0,0
3.375,100000,180,20,2,31,777,0,787,0,0
3.625,177000,180,74,2,22,762,0,768,0,0
4,399000,360,60,2,42,713,0,725,0,0
4.125,149000,240,64,2,45,709,0,688,0,0
4.25,96000,360,54,2,27,786,0,801,0,0
4,132000,360,80,1,15,717,0,0,0,0
3.875,255000,360,64,2,23,786,0,812,0,0
4.875,104000,360,80,1,29,699,0,0,0,0
4.125,139000,360,33,1,20,803,0,0,0,0
3.25,230000,120,36,2,25,782,0,785,0,0
3.875,354000,360,80,2,14,758,0,800,0,0
3.25,105000,180,39,2,31,798,0,791,0,0
3.875,306000,360,33,1,45,766,0,0,0,0
3.875,313000,360,61,2,41,769,0,776,0,0
3.375,40000,120,12,2,15,812,0,812,0,0
3.25,101000,180,74,2,15,770,0,799,0,0
3.875,160000,360,16,1,31,797,0,0,0,0
4,96000,360,80,1,38,779,0,0,0,0
4.375,84000,360,63,2,22,795,0,803,0,0
3.375,200000,180,80,2,23,805,0,803,0,0
3.125,111000,180,80,1,35,780,0,0,0,0
2.75,276000,120,51,2,26,798,0,798,0,0
4,300000,360,66,2,18,799,0,807,0,0
4,254000,360,80,1,25,778,0,0,0,0
3.875,329000,180,72,2,20,741,0,805,0,0
3.375,162000,180,71,2,39,797,0,785,0,0
3.25,71000,180,50,1,15,816,0,0,0,0
4.5,115000,360,80,2,32,761,0,790,0,0
3.875,370000,360,70,1,29,800,0,0,0,0
4.125,113000,360,44,2,22,798,0,798,0,0
3.75,417000,360,58,2,34,797,0,813,0,0
3.5,286000,120,78,2,30,819,0,751,0,0
3.5,273000,180,77,2,25,791,0,725,0,0
3,27000,180,80,1,16,775,0,0,0,0
4.625,64000,360,72,2,42,716,0,743,0,0
2.75,100000,180,42,1,24,756,0,0,0,0
3.75,334000,240,79,2,31,801,0,808,0,0
3.875,122000,300,80,2,11,779,0,797,0,0
4.375,74000,360,78,1,26,723,0,0,0,0
4.5,147000,360,67,1,28,768,0,0,0,0
3.25,164000,180,74,2,23,756,0,663,0,0
4.375,124000,360,78,1,25,777,0,0,0,0
3.875,164000,360,72,1,44,746,0,0,0,0
4.375,93000,360,78,1,18,696,0,0,0,0
3.25,226000,180,38,2,45,823,0,823,0,0
3.25,150000,180,34,2,41,772,0,735,0,0
3.25,129000,180,79,1,28,781,0,0,0,0
4.5,120000,360,80,1,49,757,0,0,0,0
3.75,204000,360,80,2,26,716,0,705,0,0
5,66000,240,70,2,44,778,0,793,0,0
4.08,417000,360,44,2,26,784,0,797,0,0
4.375,192000,360,79,2,39,746,0,701,0,0
4.876,109000,360,66,1,33,634,0,0,0,0
3.875,240000,240,78,1,48,727,0,0,0,0
3.75,135000,360,48,1,22,797,0,0,0,0
3.375,290000,180,43,2,28,816,0,810,0,0
4.25,417000,360,76,2,31,771,0,765,0,0
3.375,109000,180,41,1,43,707,0,0,0,0
4.25,364000,360,60,1,33,798,0,0,0,0
4,94000,360,75,2,24,798,0,788,0,0
4,163000,360,32,2,25,802,0,802,0,0
4.125,98000,180,75,2,47,747,0,693,0,0
4,260000,360,80,2,43,801,0,803,0,0
3.875,380000,360,70,2,37,797,0,825,0,0
4.125,51000,360,80,1,45,737,0,0,0,0
4.375,451000,360,76,2,34,803,0,797,0,0
3.25,240000,180,70,2,35,778,0,778,0,0
3.25,227000,180,36,2,35,728,0,735,0,0
3.185,368000,180,70,2,16,756,0,757,0,0
3.25,128000,180,74,2,10,813,0,799,0,0
4,118000,360,80,2,30,805,0,810,0,0
4.625,101000,360,75,2,43,717,0,739,0,0
4.125,150000,240,60,2,23,754,0,783,0,0
4,266000,360,80,2,29,791,0,780,0,0
3.875,340000,360,76,1,46,728,0,0,0,0
3.5,90000,180,57,2,19,812,0,794,0,0
4.75,178000,360,75,2,33,772,0,797,0,0
4.25,57000,360,52,1,13,796,0,0,0,0
4,104000,360,90,1,29,737,25,0,0,0
3.125,192000,144,80,1,35,778,0,0,0,0
3.375,172000,180,40,2,22,760,0,802,0,0
4,180000,360,80,2,20,797,0,800,0,0
3.875,144000,360,30,1,32,805,0,0,0,0
3.99,84000,360,70,1,37,798,0,0,0,0
3.875,235000,360,70,2,31,745,0,751,0,0
3.75,71000,240,71,1,25,774,0,0,0,0
4,351000,240,60,2,31,688,0,635,0,0
4.375,58000,240,59,1,44,781,0,0,0,0
3.99,136000,360,67,1,10,700,0,0,0,0
3,147000,180,64,2,22,814,0,805,0,0
4,334000,360,75,2,27,800,0,810,0,0
4,76000,300,65,2,37,789,0,799,0,0
3.375,290000,180,79,1,19,798,0,0,0,0
3.375,73000,180,75,2,41,809,0,758,0,0
4,305000,360,77,2,28,731,0,772,0,0
3.25,136000,120,44,2,19,809,0,819,0,0
4.125,344000,360,56,1,32,815,0,0,0,0
3.375,232000,120,74,1,35,814,0,0,0,0
3.125,187000,180,78,2,27,773,0,775,0,0
3.75,397000,360,37,2,30,802,0,799,0,0
3.25,202000,240,83,2,40,811,6,808,0,0
3.35,149000,180,48,1,22,806,0,0,0,0
4.25,317000,360,85,1,39,797,12,0,0,0
4,106000,360,80,1,44,768,0,0,0,0
3.875,240000,360,80,2,15,794,0,805,0,0
3.1,119000,180,50,2,27,820,0,804,0,0
4,117000,240,69,1,28,775,0,0,0,0
3.5,271000,180,79,2,44,807,0,812,0,0
3.75,79000,180,95,2,35,763,25,796,0,0
4.25,300000,360,75,1,43,620,0,0,0,0
3.875,356000,360,90,2,27,786,25,774,0,0
4.125,258000,360,80,2,38,811,0,818,0,0
4.2,373000,360,69,1,37,814,0,0,0,0
3.75,100000,120,68,2,24,801,0,806,0,0
3.25,110000,120,53,2,30,774,0,737,0,0
4.5,417000,360,90,1,30,700,25,0,0,0
3.25,199000,180,26,1,29,792,0,0,0,0
3.875,152000,360,69,2,35,786,0,802,0,0
4.5,395000,360,70,1,30,773,0,0,0,0
3.875,162000,360,90,2,26,792,25,770,0,0
4.25,213000,360,90,2,43,694,25,689,0,0
3.875,316000,360,86,1,28,790,12,0,0,0
3.25,81000,120,66,1,27,782,0,0,0,0
4.864,83000,360,70,2,17,810,0,809,0,0
3.99,352000,360,80,2,46,772,0,777,0,0
5.375,120000,360,75,1,35,812,0,0,0,0
3.5,125000,180,71,2,32,770,0,781,0,0
3.375,154000,180,65,2,15,817,0,801,0,0
3.75,180000,240,57,2,21,813,0,813,0,0
4,128000,360,82,1,29,773,12,0,0,0
3.875,218000,360,56,2,30,749,0,742,0,0
3,140000,180,56,2,37,813,0,810,0,0
3.75,150000,180,46,2,43,744,0,666,0,0
3.25,212000,180,51,2,20,796,0,782,0,0
3.875,79000,240,37,1,21,810,0,0,0,0
3.613,110000,180,63,1,44,812,0,0,0,0
4,384000,360,60,1,50,692,0,0,0,0
3.5,249000,180,49,1,20,810,0,0,0,0
3.125,165000,180,55,2,20,783,0,743,0,0
3.75,177000,180,60,1,34,811,0,0,0,0
4,119000,360,58,1,26,788,0,0,0,0
3.865,156000,360,95,2,37,772,30,720,0,0
3.99,212000,360,73,1,29,811,0,0,0,0
4.25,212000,360,95,2,26,779,30,749,0,0
4,230000,360,80,2,29,744,0,729,0,0
4.125,415000,360,75,2,44,703,0,719,0,0
3.25,328000,180,80,1,41,693,0,0,0,0
4.125,158000,360,71,1,40,779,0,0,0,0
3.5,91000,180,51,2,39,787,0,790,0,0
3,330000,180,80,2,31,771,0,790,0,0
3.25,417000,180,37,2,33,754,0,754,0,0
3.25,230000,180,66,2,26,796,0,794,0,0
4.125,310000,360,90,2,45,749,25,720,1,0
4.25,178000,360,63,1,47,720,0,0,0,0
3.25,139000,180,78,2,45,810,0,779,0,0
5.75,99000,360,80,1,35,670,0,0,0,0
3.875,149000,360,78,1,33,756,0,0,0,0
3.875,171000,360,88,1,32,791,25,0,0,0
4.625,172000,360,80,1,34,813,0,0,0,0
3.875,258000,360,77,2,32,795,0,800,0,0
3.375,105000,180,60,2,30,743,0,773,0,0
4,327000,360,90,2,39,808,25,800,0,0
3.5,176000,240,80,2,19,747,0,791,0,0
3.25,162000,180,67,2,19,809,0,806,0,0
3.875,226000,300,80,2,19,747,0,737,0,0
3.25,213000,180,78,2,39,774,0,770,0,0
3.5,63000,180,75,1,42,775,0,0,0,0
3.875,85000,240,80,1,23,756,0,0,0,0
3.375,159000,180,78,1,25,809,0,0,0,0
4.25,218000,240,78,2,34,727,0,816,0,0
3.875,130000,360,80,2,27,796,0,786,0,0
4.125,340000,360,80,2,25,722,0,756,0,0
3.875,141000,360,58,1,18,811,0,0,0,0
4.917,417000,360,70,2,35,777,0,788,0,0
4.625,319000,360,75,2,42,802,0,786,0,0
3.75,278000,360,80,2,30,700,0,782,0,0
3.875,150000,360,97,2,36,749,35,782,0,0
3.908,207000,360,70,1,27,793,0,0,0,0
3,146000,180,71,2,19,788,0,763,0,0
4.125,94000,360,80,1,37,809,0,0,0,0
3.875,243000,360,52,2,38,721,0,759,0,0
4,199000,360,91,1,45,755,30,0,0,0
4,96000,360,80,1,14,737,0,0,0,0
4.625,67000,360,56,2,31,803,0,815,0,0
4.75,115000,360,75,1,47,807,0,0,0,0
3.99,116000,360,80,2,44,751,0,759,0,0
3.875,417000,360,30,2,19,793,0,798,0,0
3.25,228000,180,68,2,20,789,0,792,0,0
3.875,97000,360,75,1,14,802,0,0,0,0
3.25,141000,180,53,2,21,801,0,729,0,0
4.5,196000,360,90,1,35,700,25,0,0,0
4,150000,360,95,1,31,812,30,0,0,0
3.375,145000,180,65,2,32,726,0,735,0,0
4,111000,360,64,2,25,757,0,757,0,0
4.5,200000,360,80,2,32,724,0,674,0,0
3.375,403000,180,45,1,37,793,0,0,0,0
4.25,155000,360,77,2,29,745,0,755,0,0
3.875,185000,360,24,2,37,788,0,788,0,0
3.375,244000,180,68,1,28,807,0,0,0,0
4,130000,360,75,1,27,824,0,0,0,0
4.5,501000,360,70,2,33,739,0,764,0,0
4.125,626000,360,72,2,40,786,0,788,0,0
3.125,240000,120,57,2,42,770,0,791,0,0
3.25,149000,120,45,2,20,800,0,792,0,0
4,247000,360,69,1,18,789,0,0,0,0
3.875,126000,180,65,2,19,817,0,811,0,0
3.25,120000,180,47,2,22,801,0,800,0,0
3.375,196000,180,80,2,30,800,0,788,0,0
4.125,68000,360,64,1,34,773,0,0,0,0
3.875,358000,360,43,1,35,781,0,0,0,0
4.5,91000,360,75,2,40,768,0,725,0,0
3,90000,120,60,2,23,743,0,722,0,0
4.375,113000,360,90,1,30,798,25,0,0,0
4.375,300000,360,60,2,31,820,0,819,0,0
3.375,127000,180,46,2,23,812,0,798,0,0
3.875,372000,360,58,2,7,798,0,788,0,0
4.25,170000,360,70,2,26,740,0,754,0,0
4.375,256000,360,75,1,33,738,0,0,0,0
4.5,62000,360,80,1,35,796,0,0,0,0
3,84000,120,37,2,19,808,0,812,0,0
4.25,226000,360,63,1,19,787,0,0,0,0
3.875,416000,360,80,2,35,782,0,775,0,0
3.5,245000,180,73,1,29,805,0,0,0,0
3.875,248000,360,31,2,41,722,0,750,0,0
4.375,350000,360,90,1,36,764,25,0,0,0
4.125,184000,360,80,2,26,784,0,781,0,0
3.875,247000,180,70,2,14,810,0,811,0,0
3.337,256000,180,46,1,42,785,0,0,0,0
3.875,236000,360,55,2,16,794,0,794,0,0
3.25,381000,180,50,2,29,760,0,759,0,0
4.25,111000,360,80,2,41,765,0,799,0,0
4,257000,360,90,2,18,805,25,808,0,0
3.75,283000,360,80,1,24,791,0,0,0,0
4,219000,360,95,2,37,745,30,747,0,0
3.125,123000,180,62,2,18,808,0,802,0,0
3.75,343000,360,80,2,39,746,0,749,0,0
3.875,190000,360,66,1,15,807,0,0,0,0
4.75,251000,360,80,1,43,718,0,0,0,0
4.25,139000,360,70,2,48,790,0,801,0,0
3.5,149000,180,44,2,28,813,0,812,0,0
4.125,325000,360,73,1,30,792,0,0,0,0
4.5,275000,360,79,2,40,662,0,695,0,0
3.875,173000,360,80,2,47,813,0,806,0,0
4.75,122000,360,75,2,24,780,0,770,0,0
4.125,275000,360,39,2,44,805,0,817,0,0
3.875,200000,360,65,1,43,776,0,0,0,0
4.75,135000,360,75,2,50,800,0,799,0,0
4,230000,360,77,2,33,773,0,774,0,0
4.75,130000,360,73,1,45,623,0,0,0,0
4,120000,360,62,1,34,816,0,0,0,0
4,176000,360,80,1,39,784,0,0,0,0
4,315000,360,90,1,36,725,25,0,0,0
4.875,211000,360,83,1,31,688,12,0,0,0
4.25,180000,360,90,2,42,799,25,797,0,0
3.5,244000,180,80,1,42,668,0,0,0,0
4.25,406000,360,75,2,42,704,0,786,0,0
4,402000,360,76,1,26,783,0,0,0,0
4.375,218000,360,80,2,25,794,0,788,0,0
3.99,262000,360,66,1,33,752,0,0,0,0
4.28,231000,360,66,2,40,692,0,696,0,0
3.875,191000,360,80,1,33,798,0,0,0,0
4.875,128000,360,75,1,30,749,0,0,0,0
4.25,171000,360,90,1,33,807,25,0,0,0
3.875,100000,360,44,1,30,792,0,0,0,0
4,54000,360,32,1,37,805,0,0,0,0
4.25,327000,360,90,2,32,730,25,738,0,0
4.25,111000,360,60,1,20,651,0,0,0,0
3.25,76000,180,73,2,28,776,0,780,0,0
3.875,115000,360,46,1,42,699,0,0,0,0
4,400000,360,67,2,24,749,0,782,0,0
3.125,110000,120,61,2,33,796,0,801,0,0
4.25,309000,360,95,2,26,795,30,796,0,0
3.375,195000,120,45,1,22,808,0,0,0,0
3.625,417000,360,65,1,48,749,0,0,0,0
3.91,91000,240,58,1,35,736,0,0,0,0
4.25,115000,360,97,2,22,749,35,778,0,0
2.875,311000,180,86,2,30,791,12,762,0,0
4.125,155000,300,80,2,33,734,0,717,0,0
4.625,127000,360,80,2,28,727,0,717,0,0
3.375,341000,180,75,2,35,726,0,786,0,0
3.875,125000,180,73,2,42,764,0,785,0,0
3.875,276000,240,80,1,33,788,0,0,0,0
4,364000,360,80,2,45,755,0,795,0,0
3.875,112000,360,80,2,15,777,0,761,0,0
4,217000,360,79,2,29,766,0,755,0,0
3.99,275000,360,66,1,37,718,0,0,0,0
3.25,77000,120,70,1,25,771,0,0,0,0
4.25,98000,360,85,1,35,799,12,0,0,0
4.125,109000,360,77,2,38,741,0,759,0,0
4.375,310000,360,94,1,43,684,30,0,0,0
3.125,126000,180,97,1,22,810,35,0,0,0
3.875,101000,180,68,2,29,797,0,793,0,0
4.125,140000,360,41,1,15,790,0,0,0,0
3.625,127000,240,66,2,28,816,0,816,0,0
3.125,68000,180,61,1,39,760,0,0,0,0
3.375,110000,180,26,2,12,769,0,792,0,0
3.875,227000,360,80,2,39,767,0,781,0,0
3.875,417000,360,63,1,29,733,0,0,0,0
4.25,140000,360,70,1,21,822,0,0,0,0
4.25,300000,360,75,2,16,729,0,739,0,0
3.625,300000,240,51,2,34,799,0,771,0,0
4.125,256000,360,90,1,21,812,25,0,0,0
3.5,127000,180,61,2,15,768,0,796,0,0
3.75,105000,240,78,1,38,705,0,0,0,0
3.875,417000,360,67,2,43,802,0,809,0,0
3.92,139000,180,75,2,43,790,0,790,0,0
4.375,169000,360,50,1,19,732,0,0,0,0
3.375,100000,180,75,1,43,740,0,0,0,0
3.875,100000,360,64,1,43,782,0,0,0,0
4.125,92000,336,69,1,30,755,0,0,0,0
3.625,112000,240,45,2,43,787,0,785,0,0
3.25,157000,180,79,2,22,759,0,797,0,0
3.875,285000,300,80,2,20,796,0,749,0,0
4,140000,180,78,2,38,650,0,692,0,0
4.125,115000,360,80,1,45,766,0,0,0,0
3.75,65000,360,44,1,27,805,0,0,0,0
4,163000,360,40,2,14,800,0,782,0,0
2.625,85000,180,39,2,18,791,0,791,0,0
4.25,113000,240,75,2,15,789,0,809,0,0
4,190000,360,88,1,45,716,25,0,0,0
4.375,442000,360,64,2,44,730,0,800,0,0
4.25,300000,360,54,1,44,770,0,0,0,0
3.875,126000,360,89,2,43,781,25,745,0,0
4.125,123000,360,80,1,40,802,0,0,0,0
4.125,147000,360,75,2,45,705,0,763,0,0
4.375,244000,360,75,1,41,754,0,0,0,0
3,405000,180,65,2,11,758,0,781,0,0
4.125,89000,360,54,2,43,809,0,821,0,0
4.125,555000,360,80,2,28,755,0,757,0,0
3.125,400000,180,40,2,34,745,0,717,0,0
3.75,42000,180,48,1,39,659,0,0,0,0
4.25,180000,360,90,1,37,740,25,0,0,0
3.875,236000,360,84,1,29,746,12,0,0,0
3.875,280000,360,80,2,40,780,0,733,0,0
3.875,375000,360,48,2,28,783,0,757,0,0
3.43,248000,180,80,2,38,818,0,786,0,0
4,180000,360,80,1,22,709,0,0,0,0
3.875,236000,360,58,2,15,809,0,810,0,0
4.375,60000,360,30,1,50,763,0,0,0,0
3.65,192000,360,80,1,41,710,0,0,0,0
3.25,114000,120,60,2,38,796,0,796,0,0
4.375,160000,360,66,1,38,812,0,0,0,0
4.375,196000,360,60,1,35,678,0,0,0,0
3.5,137000,120,66,1,12,819,0,0,0,0
3.875,130000,360,58,1,33,758,0,0,0,0
4.17,71000,360,22,1,21,725,0,0,0,0
3.25,106000,120,62,1,29,764,0,0,0,0
4.125,63000,360,80,1,33,781,0,0,0,0
3.375,345000,180,63,2,17,774,0,769,0,0
4.375,215000,360,57,2,25,806,0,812,0,0
4.25,208000,360,36,2,25,778,0,678,0,0
3.875,280000,360,58,2,16,775,0,753,0,0
4,187000,360,80,2,26,758,0,758,0,0
3.875,340000,360,67,2,42,819,0,826,0,0
4.375,244000,360,95,1,12,803,30,0,0,0
3,140000,180,80,2,20,806,0,812,0,0
4,90000,180,52,1,21,724,0,0,0,0
3.875,296000,240,75,2,33,781,0,788,0,0
5.5,58000,360,80,2,35,799,0,806,0,0
3.25,148000,180,90,1,22,778,12,0,0,0
3.25,235000,180,58,2,29,794,0,786,0,0
4.5,406000,360,63,2,33,664,0,688,0,0
4.125,390000,360,80,2,24,746,0,773,0,0
3.25,129000,120,57,2,34,650,0,684,0,0
3.75,355000,180,64,2,44,782,0,786,0,0
3.625,67000,180,79,2,25,800,0,764,0,0
4,135000,180,45,1,44,804,0,0,0,0
3.875,403000,360,77,2,32,782,0,787,0,0
4,185000,360,90,1,33,686,25,0,0,0
3.25,149000,180,91,1,35,772,25,0,0,0
4,140000,360,80,1,34,740,0,0,0,0
3.25,97000,180,34,1,19,819,0,0,0,0
5,46000,360,75,2,29,800,0,819,0,0
4.375,227000,360,71,2,22,765,0,781,0,0
4.375,228000,360,52,2,38,683,0,778,0,0
4,309000,360,95,1,14,753,30,0,0,0
3.875,360000,360,80,1,45,762,0,0,0,0
4,57000,240,79,1,27,773,0,0,0,0
3.25,180000,180,62,2,18,805,0,818,0,0
4,150000,360,47,1,42,807,0,0,0,0
4.25,82000,360,93,2,39,754,30,779,0,0
3.875,313000,360,97,2,20,774,30,765,0,0
4.25,220000,360,90,1,40,796,25,0,0,0
3.75,108000,240,66,2,33,794,0,791,0,0
3.875,191000,360,75,2,12,789,0,800,0,0
3.875,310000,360,80,1,35,804,0,0,0,0
3.5,140000,180,47,1,44,766,0,0,0,0
3.375,250000,180,63,1,40,796,0,0,0,0
4.5,172000,360,75,1,28,786,0,0,0,0
4.625,65000,360,80,1,9,814,0,0,0,0
4.5,53000,360,80,1,44,766,0,0,0,0
3,229000,120,67,2,19,817,0,814,0,0
3.75,235000,240,71,2,34,740,0,765,0,0
3.875,127000,360,85,1,32,811,12,0,0,0
4.25,171000,360,95,1,38,745,30,0,0,0
4.125,391000,360,80,1,27,724,0,0,0,0
3.25,127000,120,62,2,27,813,0,800,0,0
4.375,80000,360,75,2,41,773,0,772,0,0
3.875,68000,360,54,1,30,807,0,0,0,0
4.75,132000,360,80,1,37,666,0,0,0,0
3.875,372000,360,80,1,41,726,0,0,0,0
4.25,155000,360,68,2,44,720,0,720,0,0
4.75,79000,180,75,1,33,693,0,0,0,0
4.5,142000,360,95,2,45,711,30,719,0,0
4.125,149000,360,80,1,17,787,0,0,0,0
3.75,417000,360,42,2,43,777,0,793,0,0
3.25,123000,180,67,1,19,813,0,0,0,0
3.375,63000,180,27,1,20,777,0,0,0,0
4,80000,360,24,1,32,798,0,0,0,0
3.25,125000,180,63,2,31,760,0,789,0,0
4.125,168000,360,80,2,27,709,0,746,0,0
4.125,196000,360,80,1,43,742,0,0,0,0
3.25,160000,180,69,1,35,749,0,0,0,0
3.625,127000,360,95,1,42,769,30,0,0,0
3.875,145000,180,80,1,35,710,0,0,0,0
4.875,140000,360,75,1,31,785,0,0,0,0
3.875,226000,360,80,1,32,749,0,0,0,0
3.99,299000,240,71,2,44,819,0,812,0,0
3.99,288000,360,39,1,43,776,0,0,0,0
4,243000,360,49,1,56,813,0,0,0,0
3.25,36000,180,49,1,39,787,0,0,0,0
4.75,81000,360,66,1,30,729,0,0,0,0
4,190000,360,33,1,45,689,0,0,0,0
3.75,65000,180,61,1,45,694,0,0,0,0
3.75,300000,360,42,1,31,808,0,0,0,0
4.125,417000,360,69,1,7,793,0,0,0,0
3.25,235000,180,66,2,45,802,0,787,0,0
3.875,120000,180,80,2,34,753,0,791,0,0
3.375,148000,120,77,2,26,738,0,736,0,0
3.875,81000,180,74,1,37,797,0,0,0,0
4.5,177000,360,80,1,44,790,0,0,0,0
3.75,417000,360,70,2,38,719,0,731,0,0
4.25,121000,360,95,1,28,809,30,0,0,0
3.375,100000,180,67,1,15,710,0,0,0,0
3.25,184000,180,66,2,13,771,0,802,0,0
3,300000,120,52,2,38,782,0,789,0,0
3.875,145000,360,41,2,23,801,0,798,0,0
3.75,305000,240,71,1,48,765,0,0,0,0
3.75,148000,360,70,2,30,797,0,772,0,0
3.75,250000,360,46,1,26,706,0,0,0,0
3.375,247000,180,34,2,26,780,0,776,0,0
3.85,192000,360,90,2,28,776,25,804,0,0
4.375,156000,360,95,2,28,768,30,797,0,0
4,417000,300,65,2,23,794,0,801,0,0
4.125,145000,360,59,2,45,715,0,638,0,0
3.25,80000,180,80,1,30,782,0,0,0,0
3.5,140000,180,75,1,33,756,0,0,0,0
3.375,382000,120,80,1,38,732,0,0,0,0
3.875,267000,360,78,2,30,681,0,685,0,0
3.25,113000,180,78,2,39,758,0,785,0,0
4.125,150000,360,75,1,44,783,0,0,0,0
3.75,335000,360,80,2,23,782,0,789,0,0
4.25,82000,360,69,2,19,809,0,809,0,0
4.875,66000,360,95,1,31,808,0,0,0,0
4.625,223000,360,79,1,35,739,0,0,0,0
3,203000,180,32,2,33,801,0,811,0,0
3.875,257000,360,74,1,45,798,0,0,0,0
3.125,88000,180,40,1,30,781,0,0,0,0
3.875,162000,240,80,2,31,819,0,793,0,0
3.75,417000,240,43,1,46,819,0,0,0,0
3.985,236000,360,32,2,18,823,0,820,0,0
4.125,100000,180,22,1,33,796,0,0,0,0
4,392000,360,49,2,24,807,0,805,0,0
4,280000,360,80,2,25,786,0,786,0,0
4.25,164000,360,74,1,34,808,0,0,0,0
3.25,83000,180,38,2,23,799,0,806,0,0
3.125,300000,180,55,1,13,795,0,0,0,0
4.125,105000,360,60,1,44,784,0,0,0,0
3.875,60000,360,34,2,16,710,0,710,0,0
4.375,119000,120,75,2,42,743,0,762,0,0
5.125,390000,360,80,2,44,669,0,694,0,0
4,482000,360,74,1,40,774,0,0,0,0
3.875,229000,360,75,2,41,779,0,794,0,0
4,327000,360,69,2,25,766,0,797,0,0
3.875,223000,360,80,2,34,790,0,760,0,0
3.25,205000,120,43,1,16,693,0,0,0,0
3.5,168000,240,72,2,25,801,0,813,0,0
3.875,392000,360,70,2,22,766,0,819,0,0
3.125,115000,120,45,2,20,768,0,770,0,0
4.125,118000,360,79,1,42,754,0,0,0,0
3.5,112000,180,80,2,31,763,0,763,0,0
4.25,154000,360,70,1,35,806,0,0,0,0
4.125,262000,360,80,1,33,711,0,0,0,0
3.25,67000,180,61,2,22,805,0,809,0,0
4,89000,360,72,1,40,755,0,0,0,0
4,80000,360,63,2,23,718,0,722,0,0
4.125,60000,360,72,1,37,791,0,0,0,0
4.625,141000,360,48,2,28,792,0,792,0,0
4,75000,360,49,1,32,804,0,0,0,0
4,217000,360,66,2,28,808,0,808,0,0
3.99,180000,360,95,1,40,792,30,0,0,0
4.125,232000,360,80,2,21,760,0,808,0,0
3.875,145000,240,64,2,40,788,0,803,0,0
3.75,117000,360,69,1,29,781,0,0,0,0
3.875,126000,360,95,2,35,745,30,777,0,0
3.375,247000,180,54,2,38,632,0,751,0,0
3.125,133000,180,64,2,11,819,0,819,0,0
3.875,404000,360,71,2,40,792,0,807,0,0
4,372000,360,54,2,41,759,0,736,0,0
4.125,262000,360,80,2,26,796,0,778,0,0
3.875,158000,240,48,2,31,717,0,708,0,0
3.125,130000,120,75,1,42,736,0,0,0,0
2.625,86000,180,68,2,44,688,0,748,0,0
3.125,26000,120,55,1,43,793,0,0,0,0
3.75,91000,240,35,2,39,800,0,800,0,0
3.875,213000,360,85,1,37,787,12,0,0,0
4.25,273000,300,70,2,32,790,0,719,0,0
4.25,268000,360,85,1,26,766,12,0,0,0
3.5,200000,120,35,2,31,803,0,807,0,0
3.33,135000,120,56,2,20,724,0,748,0,0
3.875,171000,324,42,2,41,777,0,787,0,0
4.25,133000,240,44,2,45,684,0,636,0,0
3.75,218000,360,59,2,42,789,0,756,0,0
3.75,177000,360,55,2,24,807,0,816,0,0
3.875,506000,180,73,2,31,706,0,787,0,0
4.375,296000,360,66,2,43,728,0,733,0,0
4.125,404000,360,69,2,36,812,0,810,0,0
4,320000,360,80,1,44,727,0,0,0,0
4,337000,360,95,2,23,808,30,730,0,0
3.375,371000,180,58,2,36,784,0,703,0,0
4.125,197000,360,54,1,32,819,0,0,0,0
3.25,81000,120,43,2,26,802,0,805,0,0
3.875,290000,360,80,2,39,777,0,759,0,0
3.25,185000,180,57,2,22,796,0,807,0,0
3,132000,180,50,1,25,783,0,0,0,0
3,113000,180,43,2,23,767,0,807,0,0
3.875,375000,360,67,2,38,754,0,797,0,0
3.5,107000,360,46,1,33,813,0,0,0,0
3.75,259000,180,95,1,19,766,25,0,0,0
3.875,347000,360,35,1,33,804,0,0,0,0
4.375,124000,360,80,1,33,804,0,0,0,0
4.25,142000,360,17,2,10,799,0,793,0,0
3.25,128000,180,80,1,19,810,0,0,0,0
3.99,171000,360,76,2,32,797,0,767,0,0
4.375,76000,360,80,1,30,716,0,0,0,0
4.125,164000,360,70,1,23,780,0,0,0,0
3.875,162000,360,95,1,35,782,30,0,0,0
3.875,168000,120,21,2,17,799,0,793,0,0
3.875,192000,240,80,2,33,719,0,739,0,0
4.25,390000,360,85,2,31,724,12,784,0,0
3.125,130000,180,79,2,26,695,0,706,0,0
3.375,294000,180,80,2,24,806,0,807,0,0
4,224000,300,45,1,44,784,0,0,0,0
3.625,67000,360,50,1,45,720,0,0,0,0
3.125,152000,180,43,2,23,754,0,744,0,0
3.875,232000,360,95,2,37,799,30,739,0,0
3.875,349000,360,95,1,34,744,30,0,0,0
3.875,73000,360,79,2,11,794,0,800,0,0
3,412000,180,42,1,30,689,0,0,0,0
4.875,219000,360,80,2,45,713,0,707,0,0
3.875,303000,240,78,2,30,764,0,769,0,0
4,103000,240,44,2,31,792,0,789,0,0
2.875,136000,120,50,2,19,733,0,809,0,0
3.875,417000,360,31,1,30,808,0,0,0,0
4,354000,360,85,2,36,778,12,781,0,0
3.25,340000,180,70,1,29,787,0,0,0,0
3.375,109000,180,73,2,16,774,0,801,0,0
4.25,196000,360,80,1,38,809,0,0,0,0
4.375,67000,360,47,1,44,756,0,0,0,0
4.125,128000,360,88,2,42,802,25,804,0,0
3.25,338000,180,35,2,29,797,0,801,0,0
3.75,411000,360,69,2,37,787,0,792,0,0
4.25,275000,360,75,1,36,786,0,0,0,0
4.75,188000,360,95,1,42,728,30,0,0,0
4,252000,360,80,1,34,816,0,0,0,0
2.775,60000,120,41,2,23,801,0,798,0,0
4.125,43000,360,59,1,22,768,0,0,0,0
3.75,92000,360,77,2,18,776,0,737,0,0
4,150000,180,51,2,40,734,0,788,0,0
3.75,246000,360,45,2,42,805,0,811,0,0
4.125,288000,360,80,2,28,762,0,798,0,0
4,283000,360,55,2,22,816,0,805,0,0
3.125,44000,180,80,1,18,662,0,0,0,0
4.125,300000,360,55,2,45,801,0,809,0,0
4.25,369000,360,95,2,30,724,30,692,0,0
3.875,209000,360,74,2,34,790,0,799,0,0
3.625,185000,360,80,2,41,804,0,795,0,0
4.375,160000,360,80,1,42,770,0,0,0,0
4,110000,360,95,1,26,809,30,0,0,0
4.5,95000,360,44,2,22,675,0,661,0,0
4,88000,360,95,2,35,802,30,808,0,0
3.875,417000,360,66,2,17,763,0,750,0,0
3.875,172000,360,75,2,41,805,0,801,0,0