1,1,TP,5.643393,-26.384483
2,1,TP,6.036251,-26.498816
3,1,FN,-25.091307,5.4692383
4,1,TP,-9.035066,15.515872
5,1,TP,6.0413756,-26.486595
6,1,TP,22.401495,-26.950344
8,1,TP,22.42915,-26.875208
9,1,FN,-9.247462,15.94393
10,1,FN,-3.4804282,-32.016727
12,1,FN,-25.98731,4.815651
14,1,TP,5.8727565,-26.23779
16,1,TP,6.034393,-26.505342
18,1,TP,5.94685,-26.26801
19,1,TP,22.401512,-26.950354
20,1,TP,5.870973,-26.237413
21,1,TP,-14.249215,-11.65529
22,1,TP,-14.028301,-11.766432
23,1,FN,2.296962,-28.258785
24,1,TP,22.428701,-26.87833
25,1,FN,22.413733,-26.876898
26,1,FN,7.0750585,1.439508
27,1,TP,21.537725,-26.398674
28,1,FN,-13.983411,-12.018345
29,1,FN,-14.510085,-12.075455
30,1,FN,-3.4862716,-32.01985
31,1,TP,22.415346,-26.878958
32,1,TP,-14.346496,-11.666251
33,1,TP,22.42522,-26.875566
34,1,TP,5.8547735,-26.638422
35,1,FN,-26.191813,4.6671915
36,1,TP,-12.59429,-13.221284
37,1,TP,22.401495,-26.950344
38,1,FN,-3.480579,-32.016647
39,1,TP,6.0343933,-26.50534
40,1,TP,5.8727555,-26.237793
41,1,TP,6.022812,-26.509872
43,1,FN,-14.426169,-11.704587
44,1,TP,6.0411134,-26.487286
45,1,FN,-10.299734,15.447718
46,1,FN,-10.190981,15.015144
47,1,TP,-13.982908,-12.016496
48,1,FN,2.296999,-28.25874
49,1,TP,-14.52423,-12.046672
50,1,TP,-14.427492,-12.166472
51,1,TP,5.642166,-26.38655
52,1,TP,22.427488,-26.881227
53,1,FN,22.401377,-26.950294
54,1,FN,-25.987207,4.815559
55,1,TP,-12.594292,-13.221284
57,1,TP,5.6627507,-26.336044
58,1,TP,22.425568,-26.873722
60,1,FN,-25.823122,4.934795
61,1,FN,-3.4804208,-32.016582
62,1,TP,-14.174369,-12.209794
63,1,FN,6.4140825,1.5916206
64,1,FN,6.763725,2.079627
65,1,FN,-14.031177,-11.762977
66,1,TP,5.929231,-26.257675
67,1,FN,-9.118123,15.748645
68,1,FN,-9.247446,15.943911
70,1,TP,22.401377,-26.950294
71,1,FN,6.811491,0.86302865
72,1,FN,-14.384596,13.152827
73,1,FN,6.811265,0.8631911
74,1,TP,5.8552604,-26.638218
76,1,FN,-9.028879,17.110815
77,1,TP,5.8727565,-26.23779
78,1,TP,22.41676,-26.926647
79,1,FN,2.2969904,-28.258184
80,1,FN,-14.3846,13.152841
83,1,TP,5.6407948,-26.469759
84,1,FN,-25.987226,4.815637
85,1,FN,-12.837839,14.019521
86,1,TP,5.6468844,-26.489931
87,1,TP,-9.673904,15.44413
88,1,TP,22.417023,-26.871943
89,1,TP,6.034393,-26.505342
90,1,FN,-13.984438,-12.023107
91,1,FN,-3.4804418,-32.016468
92,1,FN,6.7637224,2.0795476
93,1,FN,-12.837841,14.019551
94,1,TP,19.695393,-26.581654
95,1,TP,5.987599,-26.298126
96,1,TP,22.41676,-26.926647
97,1,TP,-9.752093,14.814685
98,1,FN,-9.752095,14.814689
100,1,TP,5.8530474,-26.637238
101,1,FN,-2.174459,-31.142136
102,1,TP,5.8552337,-26.63822
103,1,TP,5.9468427,-26.268003
105,1,TP,22.409466,-26.944933
106,1,TP,22.422365,-26.927261
108,1,TP,-14.031177,-11.762977
110,1,TP,5.633937,-26.43545
111,1,TP,22.401506,-26.950348
112,1,FN,2.2969854,-28.25846
113,1,TP,5.6468844,-26.489931
114,1,FN,7.0584993,1.4647081
115,1,FN,-14.384583,13.152843
116,1,TP,22.409466,-26.944933
117,1,TP,5.872755,-26.237793
118,1,FN,-3.4804394,-32.017097
119,1,TP,-9.595143,16.068277
120,1,FN,-25.986906,4.815535
121,1,TP,-14.539813,-11.971039
122,1,FN,5.458761,0.1015074
123,1,TP,22.401377,-26.950294
124,1,TP,22.428427,-26.878214
127,1,FN,-3.4804263,-32.016712
128,1,FN,6.7637286,2.0796232
129,1,TP,22.401552,-26.950378
131,1,FN,-14.427492,-12.166472
132,1,FN,8.36216,2.1550052
133,1,FN,-3.4804356,-32.016663
134,1,TP,-12.594291,-13.221285
135,1,TP,22.415346,-26.878958
136,1,FN,-14.283024,-11.655116
137,1,FN,-3.4804263,-32.016712
138,1,FN,8.36216,2.1550052
139,1,TP,5.8552604,-26.63822
140,1,FN,-9.029777,15.484271
142,1,FN,-14.295854,-11.657256
143,1,TP,22.422365,-26.927261
144,1,TP,-13.983411,-12.018345
145,1,FN,-9.166424,15.82798
146,1,FN,22.425207,-26.875608
147,1,TP,22.413733,-26.876898
148,1,FN,-3.4804292,-32.016605
149,1,TP,-14.024303,-11.772222
150,1,TP,-9.245749,15.939475
151,1,TP,22.415346,-26.878958
153,1,TP,22.427374,-26.881224
154,1,TP,22.401506,-26.950348
155,1,TP,22.425207,-26.875608
156,1,FN,-3.4804208,-32.016582
157,1,FN,-10.13373,14.962724
158,1,TP,22.401495,-26.950344
159,1,TP,5.94685,-26.26801
160,1,TP,22.401495,-26.950344
163,1,TP,5.643389,-26.384495
164,1,TP,5.644255,-26.38018
165,1,FN,-9.130306,15.216681
166,1,TP,5.872755,-26.237793
167,1,FN,-9.137689,15.282428
168,1,FN,-9.19061,15.017059
169,1,TP,-9.18134,15.026017
171,1,FN,22.401552,-26.950378
172,1,FN,8.36216,2.1550052
173,1,FN,2.2969735,-28.25957
174,1,FN,-3.4804282,-32.016727
175,1,TP,-14.260609,-11.653953
176,1,TP,5.8588023,-26.636826
177,1,FN,-14.384552,13.152843
178,1,FN,8.36216,2.1550052
180,1,FN,-25.089642,5.4693413
181,1,FN,22.425207,-26.875608
182,1,FN,-10.212509,15.781423
183,1,TP,22.425207,-26.875608
184,1,TP,22.41706,-26.925623
186,1,TP,-14.283277,-11.656198
187,1,FN,8.36216,2.1550052
188,1,FN,-9.752093,14.814685
189,1,TP,22.401377,-26.950294
190,1,FN,-25.987272,4.815745
191,1,TP,5.8547754,-26.638422
192,1,TP,5.8709736,-26.237411
193,1,FN,-3.4804196,-32.015617
194,1,FN,8.36216,2.1550052
196,1,TP,-14.030137,-11.764426
197,1,FN,-12.837838,14.019537
198,1,TP,5.643395,-26.384481
199,1,TP,5.6627507,-26.336044
200,1,FN,7.075589,1.4335874
201,1,FN,-9.384376,14.862843
203,1,TP,5.857762,-26.636894
204,1,FN,6.8039813,0.8706153
205,1,FN,-3.4805808,-32.016376
207,1,FN,-25.089823,5.470019
208,1,FN,-9.384376,14.862843
209,1,TP,-10.299741,15.447535
210,1,FN,2.2969725,-28.259624
211,1,TP,5.855046,-26.63844
212,1,FN,7.386483,0.88169724
213,1,FN,6.415543,1.6361263
214,1,TP,22.401552,-26.950378
215,1,TP,22.401512,-26.950354
216,1,FN,-9.752095,14.814689
217,1,FN,-14.384623,13.152848
218,1,TP,22.409466,-26.944933
220,1,FN,-9.752095,14.814689
221,1,TP,-12.594291,-13.221284
222,1,FN,-14.508966,-11.814205
223,1,TP,5.870974,-26.237417
224,1,TP,22.401495,-26.950344
225,1,TP,22.417023,-26.871943
226,1,FN,6.4140825,1.5916206
228,1,TP,-14.508968,-11.814209
229,1,TP,-14.254525,-12.229158
230,1,FN,-10.209567,15.784735
231,1,FN,-14.283024,-11.655116
233,1,FN,6.8039813,0.8706153
234,1,TP,-14.427492,-12.166472
235,1,TP,-14.031548,-11.762467
236,1,TP,5.94685,-26.26801
237,1,FN,22.401512,-26.950354
238,1,FN,-14.508966,-11.814205
239,1,TP,6.034393,-26.505342
240,1,TP,22.401512,-26.950354
241,1,TP,-14.047715,-12.140967
243,1,FN,-14.174369,-12.209794
244,1,FN,-25.089802,5.4692264
245,1,TP,22.428427,-26.878214
246,1,TP,6.041928,-26.485111
247,1,FN,-25.987171,4.815629
249,1,TP,5.8550467,-26.638437
250,1,FN,-25.089643,5.4693503
251,1,FN,-10.209574,15.784721
252,1,TP,5.8727565,-26.23779
253,1,FN,-2.174545,-31.142014
255,1,FN,-9.752095,14.814689
256,1,TP,22.41676,-26.926647
257,1,FN,-25.822916,4.9342237
258,1,FN,-14.031536,-11.762481
259,1,FN,-3.4804196,-32.015617
260,1,TP,5.8547735,-26.638422
261,1,TP,22.425207,-26.875608
262,1,TP,19.695389,-26.58183
263,1,TP,5.6468844,-26.489931
264,1,TP,5.916925,-26.251318
265,1,TP,6.0343933,-26.50534
266,1,TP,5.852605,-26.637257
267,1,TP,5.929231,-26.257675
268,1,FN,-14.539813,-11.971039
269,1,TP,22.425207,-26.875608
270,1,FN,7.386483,0.88169724
271,1,FN,-10.13373,14.962724
272,1,FN,-14.295587,-11.65723
273,1,FN,-10.190981,15.015144
274,1,FN,7.082961,1.4193907
275,1,TP,22.401495,-26.950344
277,1,TP,22.409466,-26.944933
278,1,FN,-14.384566,13.152814
279,1,TP,-14.346496,-11.666251
280,1,TP,-13.980838,-12.007918
281,1,FN,-14.292396,-11.656937
282,1,FN,-3.4804163,-32.015446
283,1,TP,5.8709803,-26.237413
284,1,FN,-9.8861265,16.033365
285,1,TP,5.857777,-26.636898
286,1,TP,22.401495,-26.950344
287,1,FN,6.4150496,1.6277885
288,1,FN,-14.528958,-11.854107
289,1,TP,22.409466,-26.944933
290,1,FN,6.4150486,1.6277816
292,1,FN,2.2969818,-28.260511
293,1,TP,19.69539,-26.582293
294,1,TP,-13.984438,-12.023107
296,1,FN,-2.1746337,-31.14154
297,1,TP,-14.346496,-11.666251
299,1,FN,-25.986979,4.815688
301,1,FN,-10.299763,15.446937
302,1,TP,5.643393,-26.384483
304,1,FN,7.3864455,0.88155204
305,1,FN,-3.4804313,-32.01671
306,1,FN,7.0750585,1.439508
307,1,TP,5.6627493,-26.336046
308,1,FN,-10.299763,15.446937
309,1,FN,-9.748864,14.8154745
310,1,FN,22.417023,-26.871943
311,1,TP,5.6627493,-26.336046
313,1,TP,-12.594292,-13.221284
314,1,FN,-25.822966,4.9352527
315,1,TP,22.417032,-26.925684
316,1,TP,22.401506,-26.950348
317,1,FN,6.763721,2.0795472
318,1,FN,-9.59516,16.068281
319,1,FN,22.401506,-26.950348
320,1,FN,-14.346496,-11.666251
321,1,TP,22.401377,-26.950294
322,1,FN,-9.595143,16.068277
323,1,FN,-3.4804423,-32.016235
324,1,TP,6.0343933,-26.50534
325,1,TP,5.929231,-26.257675
326,1,FN,7.386451,0.8815598
327,1,FN,-9.59516,16.068281
328,1,FN,-25.823187,4.9351597
329,1,FN,-3.480428,-32.016365
330,1,TP,5.855043,-26.63844
331,1,TP,5.8547735,-26.638422
332,1,TP,5.6468844,-26.489931
334,1,FN,6.763722,2.0795476
335,1,TP,5.870973,-26.237413
337,1,FN,-3.4804196,-32.015617
339,1,FN,22.401552,-26.950378
340,1,TP,-14.384541,13.152842
341,1,FN,-14.130812,-12.189846
342,1,TP,22.425207,-26.875608
343,1,FN,-14.510085,-12.075455
344,1,TP,22.401377,-26.950294
345,1,TP,-14.174369,-12.209794
346,1,TP,-14.03032,-11.764171
348,1,TP,-14.384642,13.152886
349,1,FN,6.5171704,1.1983665
350,1,TP,5.946654,-26.267883
351,1,FN,-3.4804292,-32.01608
353,1,TP,5.643389,-26.384495
354,1,TP,-13.984236,-12.019882
355,1,FN,-9.055291,15.729073
356,1,FN,-9.029777,15.484271
357,1,FN,-9.035066,15.515872
358,1,TP,5.8709793,-26.237413
359,1,TP,22.422365,-26.927261
360,1,FN,-9.035066,15.515872
361,1,TP,5.643393,-26.384483
363,1,TP,5.6627493,-26.336046
364,1,TP,5.653978,-26.504782
365,1,TP,5.6468844,-26.489931
366,1,TP,22.42915,-26.875208
367,1,TP,5.857766,-26.636894
368,1,TP,-14.174369,-12.209794
370,1,TP,6.041928,-26.485111
371,1,FN,-9.029931,15.510183
372,1,FN,-25.08972,5.469255
373,1,FN,-9.245749,15.939475
374,1,FN,-2.1746998,-31.1424
376,1,FN,-3.4804196,-32.015617
377,1,TP,5.8951354,-26.243492
378,1,FN,-3.4804418,-32.016468
379,1,TP,5.94685,-26.26801
380,1,TP,22.409466,-26.944933
381,1,FN,-25.089836,5.469918
382,1,TP,19.69539,-26.581768
383,1,TP,19.69539,-26.581686
384,1,FN,-3.4804196,-32.015617
385,1,FN,-3.48042,-32.01638
386,1,TP,5.6499357,-26.363789
388,1,TP,5.643389,-26.384495
389,1,TP,22.401377,-26.950294
391,1,TP,-9.247446,15.943911
392,1,TP,22.401495,-26.950344
393,1,FN,-9.166424,15.82798
394,1,FN,-9.247446,15.943911
396,1,TP,22.413733,-26.876898
397,1,TP,-10.165321,13.685253
398,1,TP,-14.030329,-11.764161
399,1,TP,5.6468844,-26.489931
400,1,TP,-12.594291,-13.221285
401,1,FN,-3.4804196,-32.015617
402,1,TP,5.654126,-26.505093
403,1,TP,22.401512,-26.950354
404,1,TP,5.852605,-26.637257
405,1,TP,-14.2832775,-11.656198
406,1,TP,-14.346496,-11.666251
407,1,TP,22.42522,-26.875566
408,1,FN,7.0750585,1.439508
409,1,TP,-14.524232,-12.046668
410,1,TP,5.872755,-26.237793
411,1,TP,-14.283277,-11.656198
412,1,TP,-10.951201,14.160424
414,1,FN,7.0750585,1.439508
416,1,FN,-7.8972664,15.683176
417,1,FN,5.458761,0.1015074
419,1,FN,-9.018933,13.730752
420,1,FN,-8.365481,14.173903
421,1,FN,-9.609604,14.797274
422,1,TP,22.413733,-26.876898
423,1,FN,-10.105307,15.895517
424,1,FN,-3.4862797,-32.02021
426,1,FN,-25.98753,4.8156786
427,1,FN,4.901715,1.8342792
428,1,TP,5.8547735,-26.638422
429,1,TP,-14.316112,-11.659461
430,1,FN,4.901715,1.8342792
431,1,TP,5.8911963,-26.242289
432,1,FN,22.417032,-26.925684
433,1,TP,5.643389,-26.384495
434,1,FN,-25.987339,4.8156824
435,1,FN,2.2969904,-28.258184
436,1,TP,19.69541,-26.582836
437,1,TP,-13.983411,-12.018345
438,1,FN,-25.08981,5.47012
439,1,FN,8.36216,2.1550052
440,1,TP,-14.508966,-11.814205
441,1,FN,8.36216,2.1550052
442,1,FN,2.2969902,-28.258987
443,1,FN,8.36216,2.1550052
444,1,TP,22.425564,-26.87372
446,1,FN,22.42522,-26.875566
447,1,FN,-10.190981,15.015144
448,1,TP,22.401495,-26.950344
449,1,TP,22.417032,-26.925684
450,1,TP,5.8727593,-26.237791
451,1,FN,-10.105302,15.89552
452,1,FN,2.297003,-28.259007
453,1,TP,5.8727565,-26.23779
454,1,TP,6.041928,-26.485111
455,1,TP,-9.190286,15.017446
456,1,TP,6.022812,-26.509872
457,1,TP,6.036251,-26.498816
459,1,TP,22.401512,-26.950354
460,1,FN,8.36216,2.1550052
461,1,TP,-13.984438,-12.023107
463,1,FN,-9.192831,15.013884
466,1,TP,22.401512,-26.950354
467,1,TP,22.425207,-26.875608
468,1,TP,6.041928,-26.485111
469,1,FN,-9.18134,15.026017
470,1,FN,-25.089836,5.469918
471,1,TP,6.036251,-26.498816
472,1,FN,-25.822859,4.9352965
473,1,TP,22.415346,-26.878958
474,1,TP,22.409466,-26.944933
475,1,FN,-3.4804418,-32.016468
476,1,FN,-3.48042,-32.01638
477,1,FN,-3.4804392,-32.016544
478,1,TP,22.427374,-26.881224
479,1,FN,-14.384627,13.15284
480,1,TP,-14.031082,-11.763119
481,1,FN,-3.4804296,-32.016186
482,1,FN,8.36216,2.1550052
483,1,TP,5.6468844,-26.489931
484,1,FN,-9.19061,15.017059
486,1,FN,-9.18134,15.026017
487,1,FN,-14.174369,-12.209794
488,1,TP,22.409466,-26.944933
489,1,TP,5.6468844,-26.489931
490,1,TP,5.855046,-26.63844
491,1,FN,8.36216,2.1550052
492,1,FN,8.36216,2.1550052
493,1,TP,5.8552337,-26.63822
494,1,FN,-9.19061,15.017059
495,1,FN,8.36216,2.1550052
496,1,FN,-10.212509,15.781423
497,1,TP,22.401495,-26.950344
499,1,FN,-3.4804277,-32.01608
500,1,TP,6.041928,-26.485111
501,1,FN,-25.98684,4.8157864
502,1,TP,22.427374,-26.881224
503,1,TP,-9.137684,15.282417
504,1,TP,5.6407948,-26.469759
505,1,FN,-25.089836,5.469918
506,1,TP,22.425564,-26.87372
508,1,FN,8.36216,2.1550052
509,1,FN,8.36216,2.1550052
510,1,TP,22.427374,-26.881224
511,1,TP,22.401506,-26.950348
512,1,TP,6.0419226,-26.485119
513,1,FN,8.36216,2.1550052
514,1,FN,8.36216,2.1550052
515,1,TP,22.409466,-26.944933
516,1,FN,19.695393,-26.582054
517,1,TP,-10.299734,15.447718
518,1,FN,-25.823435,4.9348345
519,1,TP,5.8547735,-26.638422
520,1,TP,5.8552604,-26.638218
521,1,FN,-13.983873,-12.021038
522,1,TP,-14.174369,-12.209794
523,1,TP,5.8547735,-26.638422
524,1,TP,5.946757,-26.267946
525,1,FN,8.36216,2.1550052
527,1,TP,22.413733,-26.876898
528,1,TP,5.643393,-26.384483
529,1,FN,22.42522,-26.875566
530,1,FN,-25.987309,4.8155336
531,1,FN,-9.752093,14.814685
532,1,FN,-25.090364,5.468936
533,1,TP,5.8588023,-26.636826
534,1,TP,-13.983411,-12.018345
535,1,TP,22.415346,-26.878958
536,1,TP,22.415346,-26.878958
537,1,TP,5.8727565,-26.23779
538,1,FN,-10.299734,15.447718
539,1,TP,22.401512,-26.950354
540,1,FN,8.36216,2.1550052
541,1,FN,-3.486271,-32.02018
542,1,TP,6.041928,-26.485111
543,1,TP,22.409466,-26.944933
544,1,FN,-14.528958,-11.854107
545,1,TP,5.8552337,-26.63822
546,1,TP,-13.980838,-12.007918
547,1,TP,-13.983411,-12.018345
548,1,TP,22.427374,-26.881224
550,1,FN,8.36216,2.1550052
551,1,TP,-14.508966,-11.814205
552,1,FN,-25.987171,4.815629
553,1,FN,-3.4862566,-32.020058
554,1,FN,-14.282927,-11.655109
555,1,FN,-10.800099,14.015847
556,1,TP,22.422365,-26.927261
557,1,TP,-14.316084,-11.659456
558,1,FN,-25.822735,4.935274
559,1,TP,-14.2734785,-11.655637
560,1,TP,5.642166,-26.38655
561,1,TP,-10.410187,13.774135
562,1,TP,5.6627507,-26.336044
563,1,TP,19.695398,-26.581894
564,1,TP,5.6468844,-26.489931
566,1,FN,8.36216,2.1550052
567,1,FN,22.42522,-26.875566
569,1,TP,5.6468844,-26.489931
570,1,FN,-25.089703,5.4695535
571,1,FN,8.36216,2.1550052
572,1,FN,8.36216,2.1550052
573,1,TP,-14.427492,-12.166472
574,1,TP,5.8727555,-26.237793
575,1,FN,-25.089842,5.4700794
576,1,FN,22.401495,-26.950344
577,1,TP,22.428427,-26.878214
578,1,FN,-3.4862797,-32.02021
579,1,TP,6.022812,-26.509872
580,1,TP,6.041928,-26.485111
581,1,TP,-9.673904,15.44413
582,1,TP,6.0413756,-26.486595
583,1,TP,22.428427,-26.878214
584,1,FN,-3.486271,-32.02018
585,1,FN,19.695408,-26.581911
586,1,TP,-14.174369,-12.209794
587,1,TP,22.401506,-26.950348
588,1,FN,-25.98732,4.815634
589,1,TP,5.855043,-26.63844
590,1,FN,-3.4862697,-32.019905
591,1,FN,-3.4862704,-32.019524
592,1,FN,-12.837834,14.019558
593,1,FN,-14.182475,-12.214887
594,1,TP,22.401377,-26.950294
595,1,FN,-12.786444,14.045918
596,1,FN,-9.277398,14.927959
597,1,TP,19.69539,-26.582163
598,1,TP,5.8588023,-26.636826
599,1,FN,-14.384566,13.152815
600,1,FN,-10.190981,15.015144
603,1,TP,5.9169335,-26.25132
604,1,FN,-14.384592,13.152838
605,1,FN,-3.4862797,-32.02021
608,1,TP,5.9876046,-26.298134
609,1,FN,-10.212562,15.78133
610,1,FN,-25.822691,4.9351325
611,1,TP,22.422365,-26.927261
612,1,TP,22.401552,-26.950378
613,1,TP,19.69541,-26.58389
614,1,FN,-10.13373,14.962724
615,1,FN,-3.4862843,-32.019794
616,1,FN,-10.315574,15.293504
618,1,TP,5.916925,-26.251318
619,1,TP,5.635314,-26.44876
621,1,FN,-25.822561,4.9354343
622,1,TP,-14.5156,-12.065126
623,1,FN,-25.98655,4.8157554
624,1,FN,-25.988037,4.815014
625,1,FN,22.419815,-26.92605
626,1,TP,22.401546,-26.950373
627,1,FN,8.36216,2.1550052
628,1,FN,8.36216,2.1550052
629,1,FN,22.428701,-26.87833
630,1,FN,-9.752095,14.814689
631,1,TP,-13.059621,13.88802
632,1,TP,5.6468844,-26.489931
633,1,TP,22.427374,-26.881224
634,1,TP,22.427374,-26.881224
635,1,FN,-10.315574,15.293504
636,1,TP,22.401552,-26.950378
637,0,TN,8.36216,2.1550052
638,0,TN,-14.515402,-12.064858
639,0,TN,8.36216,2.1550052
640,0,TN,8.36216,2.1550052
641,0,TN,8.36216,2.1550052
642,0,TN,8.36216,2.1550052
643,0,TN,8.36216,2.1550052
644,0,TN,8.36216,2.1550052
645,0,TN,-13.984438,-12.023107
646,0,TN,8.36216,2.1550052
647,0,TN,8.36216,2.1550052
648,0,TN,8.36216,2.1550052
649,0,TN,8.36216,2.1550052
650,0,TN,8.36216,2.1550052
651,0,TN,-10.315574,15.293504
652,0,TN,-14.384569,13.152828
654,0,TN,2.296998,-28.259253
655,0,TN,8.36216,2.1550052
656,0,FP,5.8727555,-26.237793
657,0,TN,-9.749999,14.816916
658,0,TN,-13.983873,-12.021038
660,0,TN,-14.030143,-11.76442
661,0,TN,-14.31612,-11.659463
662,0,TN,-3.4863143,-32.01999
663,0,TN,-14.508966,-11.814205
664,0,TN,8.36216,2.1550052
665,0,TN,-25.98727,4.81567
666,0,TN,-14.031082,-11.763119
667,0,TN,-25.089836,5.469918
668,0,TN,8.36216,2.1550052
669,0,TN,-14.024394,-11.772087
670,0,TN,8.36216,2.1550052
671,0,TN,-14.384559,13.152628
672,0,TN,6.963653,1.6571723
673,0,TN,6.811506,0.8630165
674,0,TN,-9.752093,14.814685
676,0,TN,7.083798,1.4176913
677,0,TN,6.963653,1.6571723
678,0,TN,7.3864827,0.8816936
679,0,TN,-3.486282,-32.01967
680,0,FP,6.027118,-26.366917
681,0,TN,-14.524232,-12.046668
682,0,TN,-14.384568,13.1528425
683,0,TN,7.3864827,0.8816936
684,0,FP,-13.059566,13.888003
685,0,TN,-14.384574,13.152836
687,0,TN,2.2969775,-28.258965
688,0,TN,6.4140825,1.5915123
689,0,TN,-14.384565,13.152876
690,0,TN,7.3864827,0.8816936
691,0,TN,-10.212509,15.781423
692,0,TN,6.803974,0.87061846
693,0,TN,6.803974,0.87061846
694,0,TN,6.415763,1.6400676
695,0,TN,6.963653,1.6571723
696,0,TN,-10.209574,15.784721
697,0,TN,-9.752095,14.814689
698,0,TN,7.3864827,0.8816936
699,0,TN,7.3864865,0.8816987
700,0,TN,6.4157624,1.6400609
702,0,TN,-3.4862466,-32.019863
703,0,TN,6.452228,1.3487328
704,0,TN,-3.4862466,-32.019863
705,0,TN,6.963653,1.6571723
706,0,TN,6.415439,1.6343106
707,0,TN,6.763726,2.0796275
708,0,TN,7.3864865,0.8816987
709,0,TN,6.415761,1.6400621
710,0,TN,7.3864875,0.8816957
711,0,TN,6.803974,0.87061846
712,0,TN,-14.384592,13.152838
713,0,TN,-3.4863026,-32.01975
714,0,TN,6.4155626,1.6363875
715,0,TN,2.2969873,-28.258894
716,0,TN,7.3864875,0.88168824
717,0,FP,5.644255,-26.38018
718,0,FP,5.6627493,-26.336046
719,0,TN,-9.749999,14.816916
720,0,TN,-3.4863143,-32.01999
721,0,TN,-14.508968,-11.814209
722,0,TN,-10.315574,15.293504
723,0,TN,-14.384589,13.152735
724,0,TN,6.4140778,1.591319
725,0,TN,6.963653,1.6571723
726,0,TN,6.763728,2.079625
727,0,TN,-10.13373,14.962724
728,0,TN,-14.542597,-11.961627
729,0,TN,7.0620365,1.4618176
730,0,TN,7.3864846,0.881698
731,0,FP,6.0411134,-26.487286
732,0,TN,-10.114759,15.95913
733,0,TN,19.695389,-26.582106
734,0,TN,7.3864827,0.8816936
735,0,TN,-10.299734,15.447718
736,0,TN,-10.299734,15.447718
737,0,TN,6.803974,0.87061846
738,0,TN,6.804338,0.87034756
739,0,TN,-14.174369,-12.209794
740,0,TN,-3.4862804,-32.020134
741,0,TN,-25.987253,4.815575
742,0,TN,-3.4862697,-32.019905
743,0,TN,2.2969537,-28.258255
744,0,TN,-15.219804,12.555492
745,0,TN,22.401495,-26.950344
746,0,TN,7.3864784,0.8817012
747,0,TN,6.763724,2.079626
748,0,FP,-14.542597,-11.961627
749,0,TN,-9.749999,14.816916
750,0,TN,-10.190981,15.015144
751,0,FP,22.425207,-26.875608
752,0,TN,6.5163918,1.1998346
753,0,TN,7.3864827,0.8816936
754,0,TN,6.803974,0.87061846
755,0,TN,7.3864827,0.8816936
756,0,TN,7.077153,1.4308635
757,0,TN,6.5164165,1.1998067
758,0,TN,6.763724,2.079626
759,0,TN,7.3864827,0.8816936
760,0,TN,2.2969809,-28.26065
761,0,TN,-3.4862804,-32.020134
762,0,TN,6.8105683,0.8677124
763,0,TN,6.763726,2.0796275
764,0,TN,6.963653,1.6571723
765,0,TN,-3.486282,-32.01967
766,0,TN,6.763726,2.0796275
767,0,TN,7.3864827,0.8816936
768,0,TN,-14.346496,-11.666251
769,0,TN,-10.299734,15.447718
770,0,TN,6.81092,0.8634389
771,0,FP,5.8709736,-26.237411
772,0,TN,7.078251,1.4372628
773,0,TN,-10.13373,14.962724
774,0,TN,-25.090178,5.4698634
775,0,TN,-10.13373,14.962724
776,0,TN,-9.752093,14.814685
777,0,TN,6.5164256,1.1997879
778,0,TN,-10.212509,15.781423
779,0,TN,-14.384584,13.152868
780,0,TN,-14.384583,13.152843
781,0,TN,6.811491,0.86302865
782,0,TN,-10.212509,15.781423
783,0,TN,7.082836,1.4196225
784,0,TN,-14.38458,13.152855
785,0,TN,7.0771513,1.4308662
786,0,TN,6.81092,0.8634389
787,0,TN,-14.02458,-11.77181
788,0,TN,6.802999,0.8713484
789,0,TN,2.2969816,-28.258171
790,0,TN,-25.08979,5.469282
791,0,TN,-10.209574,15.784721
792,0,TN,-14.528958,-11.854107
793,0,TN,7.3864865,0.8816987
794,0,TN,-9.752095,14.814689
795,0,TN,-25.089823,5.470019
796,0,TN,7.3864846,0.8816971
797,0,TN,6.7637286,2.0796232
798,0,TN,7.3864827,0.8816936
799,0,TN,-14.29702,-11.657383
800,0,TN,7.3864827,0.8816936
801,0,TN,-10.209567,15.784735
802,0,TN,-14.174369,-12.209794
803,0,TN,6.7637258,2.0796254
804,0,TN,6.763726,2.0796275
805,0,TN,-3.4863143,-32.01999
806,0,TN,-14.283024,-11.655116
807,0,TN,-10.315574,15.293504
808,0,TN,7.3864784,0.8817012
809,0,TN,6.516381,1.1998756
810,0,TN,-14.528958,-11.854107
811,0,TN,7.3864827,0.8816936
812,0,TN,-25.987139,4.815678
814,0,TN,-10.13373,14.962724
815,0,TN,-10.299734,15.447718
816,0,TN,-3.4862697,-32.020187
817,0,TN,-10.315574,15.293504
818,0,TN,5.9007616,1.16344
819,0,TN,7.3864837,0.88169676
820,0,TN,6.5173087,1.1981637
821,0,TN,-14.5156,-12.065126
822,0,TN,-25.822214,4.9353967
823,0,TN,6.4140778,1.591319
824,0,TN,6.811505,0.86301845
825,0,TN,7.3864875,0.8816957
826,0,TN,6.802969,0.8713767
827,0,TN,-9.749999,14.816916
828,0,TN,-14.255505,-12.229227
829,0,TN,6.7637286,2.0796232
830,0,TN,-10.13373,14.962724
831,0,TN,-10.212509,15.781423
832,0,TN,6.803974,0.87061846
833,0,TN,7.3864784,0.8817012
834,0,TN,6.415563,1.6363964
835,0,TN,-3.486282,-32.01967
836,0,TN,6.763726,2.0796275
837,0,TN,-14.031656,-11.7623205
838,0,TN,-14.384551,13.15279
839,0,TN,22.415346,-26.878958
840,0,TN,6.81092,0.8634389
841,0,TN,7.08407,1.4171999
842,0,TN,-9.389051,14.861693
843,0,TN,6.810578,0.86770564
844,0,TN,6.7637258,2.0796254
845,0,TN,6.4140778,1.591319
846,0,TN,-14.384569,13.153002
847,0,FP,5.642166,-26.38655
848,0,TN,7.3864784,0.8817012
849,0,TN,2.296982,-28.25891
850,0,TN,-14.427492,-12.166472
851,0,FP,19.695414,-26.583906
852,0,TN,-14.427492,-12.166472
853,0,TN,6.7637286,2.0796232
854,0,TN,-25.823372,4.9351707
855,0,TN,-10.13373,14.962724
856,0,TN,6.963653,1.6571723
857,0,TN,22.417032,-26.925684
858,0,TN,7.3864837,0.88169676
859,0,TN,6.5172234,1.1983216
860,0,TN,-10.315574,15.293504
861,0,TN,6.803974,0.87061846
862,0,TN,6.763726,2.0796275
863,0,TN,-10.133474,14.962462
864,0,TN,6.7637286,2.0796232
865,0,TN,7.3864784,0.8817012
866,0,FP,6.034393,-26.505342
867,0,TN,-13.980838,-12.007918
868,0,TN,-10.190981,15.015144
869,0,TN,6.811506,0.8630165
870,0,TN,22.417032,-26.925684
871,0,FP,-9.748864,14.8154745
872,0,TN,-10.191023,15.0151825
873,0,TN,-9.739836,14.814055
874,0,TN,6.81148,0.86303127
875,0,TN,6.811505,0.86301845
876,0,TN,6.7637286,2.0796232
877,0,FP,5.6421638,-26.386559
878,0,TN,2.2969775,-28.258965
879,0,TN,-25.08965,5.469991
880,0,TN,7.3864875,0.88168824
881,0,TN,-10.212509,15.781423
882,0,TN,7.082972,1.4193788
883,0,TN,-13.980838,-12.007918
884,0,TN,6.81092,0.8634389
885,0,TN,22.401495,-26.950344
886,0,TN,-14.508966,-11.814205
887,0,TN,-3.486248,-32.019848
888,0,TN,-14.384576,13.152753
889,0,TN,-14.384572,13.152844
890,0,TN,-14.5156,-12.065126
891,0,TN,6.811505,0.86301845
892,0,TN,7.3864827,0.8816936
893,0,TN,6.763726,2.0796275
894,0,TN,6.4157605,1.6400572
895,0,TN,7.3864827,0.8816936
896,0,TN,6.7637253,2.0796285
897,0,TN,-25.089756,5.4695864
898,0,TN,6.516713,1.199246
899,0,TN,6.415564,1.6363974
900,0,TN,-13.983914,-12.018651
901,0,TN,-13.983873,-12.021038
902,0,TN,6.4155636,1.6363941
903,0,TN,-13.983914,-12.018651
904,0,TN,-25.089827,5.4698215
905,0,FP,6.0411134,-26.487286
906,0,TN,6.4155626,1.6363875
907,0,TN,6.9932895,1.5997899
908,0,TN,6.763726,2.0796275
909,0,TN,-14.384568,13.15286
910,0,TN,6.7637253,2.0796285
911,0,TN,6.414081,1.591577
912,0,TN,-14.508968,-11.814209
913,0,TN,6.967407,1.6475363
914,0,TN,7.3864827,0.8816936
915,0,TN,6.81092,0.8634389
916,0,TN,6.810578,0.86770564
917,0,TN,-14.427492,-12.166472
918,0,TN,-14.3846,13.152863
919,0,TN,6.415437,1.6342969
920,0,FP,22.409466,-26.944933
921,0,FP,22.42915,-26.875208
922,0,TN,-9.752093,14.814685
923,0,TN,-9.739836,14.814055
924,0,TN,7.077153,1.4308635
925,0,TN,6.963653,1.6571723
927,0,TN,-9.742067,14.814523
928,0,TN,-9.739836,14.814055
929,0,TN,-9.739836,14.814055
930,0,TN,6.803974,0.87061846
931,0,FP,5.643395,-26.384481
932,0,TN,7.077153,1.4308635
933,0,TN,-3.4863143,-32.01999
934,0,TN,-14.031082,-11.763119
935,0,TN,6.4140778,1.591319
936,0,TN,-25.823078,4.935243
937,0,FP,5.852605,-26.637257
938,0,TN,6.7637258,2.0796254
939,0,TN,7.3864827,0.8816936
940,0,TN,-10.3154125,15.2929535
941,0,TN,-15.219792,12.555422
942,0,TN,6.5164065,1.1998174
943,0,TN,6.415436,1.6342853
944,0,TN,7.078225,1.437303
945,0,TN,7.078224,1.4373145
946,0,TN,-3.4862697,-32.019905
947,0,TN,6.7637267,2.0796258
948,0,TN,6.5164537,1.1997285
949,0,TN,-14.283277,-11.656198
950,0,TN,-10.191023,15.0151825
951,0,TN,7.077153,1.4308635
952,0,TN,-10.3154125,15.2929535
953,0,TN,-10.3154125,15.2929535
954,0,TN,-14.174369,-12.209794
955,0,TN,7.3864837,0.8817012
956,0,TN,7.3864837,0.88169676
957,0,TN,7.3864784,0.8817012
958,0,TN,7.078223,1.4373034
959,0,TN,-10.212628,15.781208
960,0,FP,5.6468844,-26.489931
961,0,TN,-3.4862804,-32.020134
962,0,TN,-10.3154125,15.2929535
964,0,TN,-14.031543,-11.762473
965,0,TN,-10.299763,15.446937
966,0,FP,22.401567,-26.950369
967,0,TN,-14.024229,-11.772332
968,0,TN,6.763722,2.0795476
969,0,TN,7.075972,1.4328364
970,0,TN,6.76372,2.079547
971,0,TN,-25.987139,4.815779
972,0,TN,-10.3154125,15.2929535
973,0,TN,-14.316112,-11.659461
974,0,TN,-2.1745653,-31.141893
976,0,TN,-14.174369,-12.209794
977,0,TN,6.811921,0.86267173
978,0,TN,-14.515407,-12.064847
979,0,TN,6.415048,1.6277878
980,0,TN,7.386451,0.8815598
981,0,TN,-14.508968,-11.814209
982,0,TN,6.8109207,0.8634353
983,0,TN,7.3864827,0.8816936
985,0,TN,7.3864827,0.8816936
987,0,TN,-9.752093,14.814685
988,0,TN,6.4140816,1.590893
989,0,TN,-10.209706,15.784492
990,0,TN,6.763726,2.0796275
991,0,TN,-10.209706,15.784492
992,0,TN,-9.5951605,16.068285
993,0,FP,-14.283024,-11.655116
994,0,TN,-14.384571,13.1528
996,0,TN,-25.987223,4.815454
997,0,TN,7.386451,0.8815552
998,0,TN,-3.4862838,-32.01941
999,0,TN,-25.823576,4.935173
1000,0,TN,-9.045855,15.446282
1001,0,TN,7.386451,0.8815598
1003,0,TN,-25.090414,5.4698906
1004,0,TN,7.0750585,1.439508
1006,0,TN,6.763721,2.0795472
1007,0,TN,6.7637234,2.0795472
1008,0,TN,-3.486271,-32.02018
1009,0,TN,-25.822971,4.935245
1010,0,TN,-3.486271,-32.02018
1011,0,TN,-9.595156,16.068281
1013,0,TN,6.8119307,0.86266124
1014,0,FP,5.643395,-26.384481
1015,0,TN,22.41706,-26.925623
1016,0,TN,-3.486282,-32.01967
1017,0,TN,-9.644927,15.462077
1018,0,TN,-9.59516,16.068281
1019,0,TN,-25.089643,5.4693503
1020,0,TN,7.3864455,0.88155204
1021,0,TN,6.76372,2.079547
1022,0,TN,7.0584993,1.4647081
1023,0,TN,6.763721,2.0795472
1024,0,TN,-14.283024,-11.655116
1025,0,TN,-14.427492,-12.166472
1026,0,TN,-25.08979,5.469282
1027,0,TN,-25.089684,5.469618
1028,0,TN,22.425564,-26.87372
1029,0,TN,-9.5951605,16.068285
1030,0,TN,-9.595143,16.068277
1031,0,FP,22.419815,-26.92605
1032,0,TN,7.3864503,0.88155216
1033,0,TN,-9.644927,15.462077
1034,0,TN,-25.822912,4.9353156
1035,0,TN,6.5178666,1.1971109
1036,0,TN,-9.595143,16.068277
1037,0,TN,7.0584993,1.4647081
1038,0,TN,7.386451,0.8815598
1040,0,TN,6.415048,1.6277878
1041,0,TN,6.516897,1.19887
1043,0,TN,-9.5951605,16.068285
1044,0,FP,22.413733,-26.876898
1045,0,TN,-9.595148,16.068277
1046,0,TN,-25.089725,5.469913
1047,0,TN,-9.595156,16.068281
1048,0,FP,22.413733,-26.876898
1049,0,TN,7.3864427,0.881543
1050,0,TN,-9.644927,15.462077
1051,0,TN,7.386451,0.8815598
1052,0,TN,2.296985,-28.259024
1053,0,TN,7.0750585,1.439508
1054,0,TN,6.7637234,2.0795472
1055,0,FP,5.8727508,-26.237791
1056,0,TN,-25.089643,5.4699764
1057,0,TN,6.516897,1.1988723
1058,0,TN,-9.644927,15.462077
1059,0,TN,-14.031548,-11.762467
1060,0,TN,7.386446,0.8815461
1061,0,TN,-14.254525,-12.229158
1062,0,TN,-3.4863143,-32.01999
1064,0,TN,22.401377,-26.950294
1065,0,TN,-9.644927,15.462077
1066,0,TN,-25.089565,5.46899
1067,0,TN,6.763721,2.0795472
1068,0,TN,6.516897,1.19887
1069,0,TN,6.763721,2.0795472
1070,0,TN,-14.174369,-12.209794
1071,0,TN,-9.595156,16.068281
1072,0,TN,6.5169344,1.1987952
1073,0,TN,-9.595148,16.068277
1074,0,TN,-9.59516,16.068281
1075,0,TN,6.516897,1.19887
1076,0,TN,7.0750585,1.439508
1077,0,FP,6.041928,-26.485111
1078,0,TN,-14.031082,-11.763119
1079,0,TN,7.0584993,1.4647081
1080,0,TN,22.427483,-26.881033
1081,0,TN,2.2969754,-28.258898
1082,0,TN,-9.045855,15.446282
1083,0,TN,7.386451,0.8815598
1084,0,TN,6.415046,1.6277959
1086,0,TN,-3.4862838,-32.01941
1087,0,TN,6.5168905,1.1988828
1088,0,TN,7.386451,0.8815598
1089,0,TN,6.763723,2.07955
1090,0,TN,6.81192,0.8626765
1091,0,TN,6.516897,1.19887
1092,0,TN,6.516897,1.1988723
1093,0,TN,-13.983411,-12.018345
1095,0,TN,-9.595148,16.068277
1096,0,TN,-3.4862797,-32.02021
1097,0,TN,2.2969775,-28.258303
1098,0,TN,7.386451,0.8815598
1099,0,TN,6.5168996,1.1988697
1100,0,TN,-9.595148,16.068277
1101,0,TN,6.516897,1.1988723
1102,0,TN,-3.4862566,-32.020058
1103,0,TN,7.0783234,1.428694
1104,0,TN,6.516897,1.19887
1105,0,TN,-25.987053,4.8156843
1106,0,TN,7.386441,0.8815563
1107,0,TN,7.0584993,1.4647081
1108,0,TN,-9.595156,16.068281
1109,0,TN,-9.59516,16.068281
1110,0,TN,6.5168953,1.1988764
1111,0,TN,6.517669,1.1974667
1112,0,TN,-26.191826,4.66721
1113,0,TN,6.763722,2.0795476
1114,0,TN,-14.3845625,13.152859
1115,0,TN,-9.245749,15.939475
1116,0,TN,-14.427492,-12.166472
1117,0,TN,6.517159,1.1984003
1118,0,TN,6.763721,2.0795472
1119,0,TN,6.7637253,2.0796285
1121,0,TN,7.386451,0.8815598
1122,0,TN,-14.384564,13.152814
1123,0,TN,-3.4862566,-32.020058
1125,0,TN,6.8120728,0.8625618
1126,0,TN,2.2969816,-28.258043
1127,0,TN,22.415346,-26.878958
1128,0,TN,6.414437,1.6349673
1129,0,TN,-3.4862704,-32.019524
1131,0,TN,-9.035066,15.515872
1132,0,TN,-25.986942,4.815677
1133,0,TN,6.414437,1.6349673
1134,0,TN,6.7637234,2.0795455
1135,0,TN,6.76372,2.079547
1136,0,TN,-9.595143,16.068277
1137,0,TN,7.386451,0.8815598
1138,0,TN,6.4144373,1.6349672
1139,0,TN,2.2969935,-28.260595
1140,0,TN,-3.4862714,-32.01984
1141,0,TN,-9.245752,15.939479
1142,0,TN,7.0584993,1.4647081
1143,0,TN,6.76372,2.079547
1144,0,TN,7.0829697,1.4193718
1145,0,TN,6.7637286,2.0796232
1146,0,TN,6.5164537,1.1997298
1147,0,TN,7.077153,1.4308635
1148,0,TN,6.516477,1.199688
1149,0,TN,-25.823065,4.9353657
1150,0,TN,-9.035066,15.515872
1151,0,TN,-3.4862797,-32.02021
1152,0,TN,7.3864827,0.8816936
1153,0,TN,-9.245749,15.939475
1154,0,TN,6.4140825,1.5916206
1155,0,TN,6.963653,1.6571723
1156,0,TN,-3.4862704,-32.019524
1157,0,TN,6.7637258,2.0796254
1158,0,TN,7.3864827,0.8816936
1159,0,TN,-9.029777,15.484271
1160,0,TN,22.422365,-26.927261
1161,0,TN,-14.384552,13.152717
1162,0,TN,-3.486271,-32.02018
1163,0,TN,-9.029777,15.484271
1165,0,TN,6.5164266,1.199789
1166,0,TN,22.417032,-26.925684
1167,0,TN,7.0771513,1.4308662
1168,0,TN,6.7637286,2.0796232
1169,0,TN,7.0771513,1.4308662
1170,0,TN,-9.247446,15.943911
1171,0,TN,6.963653,1.6571723
1172,0,TN,22.422365,-26.927261
1173,0,TN,6.415761,1.6400572
1174,0,TN,6.7637267,2.0796258
1175,0,TN,-25.82252,4.9353147
1176,0,TN,2.296992,-28.25883
1177,0,TN,-14.252096,-12.2290125
1178,0,TN,7.3864827,0.8816936
1179,0,TN,6.963653,1.6571723
1180,0,TN,6.763725,2.079627
1181,0,TN,6.763726,2.0796275
1182,0,TN,-9.029777,15.484271
1183,0,TN,-14.427492,-12.166472
1184,0,TN,-25.98727,4.81567
1185,0,TN,6.763725,2.079627
1186,0,TN,7.3864784,0.88168913
1187,0,TN,6.7637296,2.079625
1188,0,TN,7.055149,1.4710447
1190,0,TN,6.415439,1.6343106
1191,0,TN,-9.118123,15.748645
1192,0,TN,-9.118123,15.748645
1193,0,TN,6.4154344,1.634287
1194,0,FP,5.8588023,-26.636826
1195,0,TN,-9.247452,15.9439125
1196,0,TN,-3.4862828,-32.01968
1197,0,TN,6.452465,1.3479544
1198,0,TN,-14.427492,-12.166472
1199,0,TN,7.077153,1.4308635
1200,0,FP,5.8547735,-26.638422
1201,0,TN,6.7637253,2.0796285
1202,0,TN,-14.346496,-11.666251
1203,0,FP,22.401512,-26.950354
1204,0,TN,7.0829697,1.4193718
1205,0,TN,6.7637253,2.0796285
1206,0,TN,7.0771513,1.4308662
1207,0,TN,-3.4862804,-32.020134
1208,0,TN,7.077153,1.4308635
1209,0,TN,2.2969677,-28.258905
1210,0,TN,6.415435,1.6342865
1211,0,FP,19.6954,-26.58299
1212,0,TN,7.3864865,0.8816987
1213,0,TN,-9.029931,15.510183
1214,0,FP,5.8547754,-26.638422
1215,0,TN,-3.4862719,-32.01948
1216,0,TN,6.81092,0.8634389
1218,0,TN,7.3864875,0.8816851
1219,0,TN,-9.029777,15.484271
1220,0,TN,7.3864827,0.8816936
1221,0,TN,-9.245752,15.939479
1222,0,FP,5.8547735,-26.638422
1223,0,TN,-14.031082,-11.763119
1224,0,TN,-9.166424,15.82798
1225,0,TN,-9.245749,15.939475
1226,0,TN,-9.166424,15.82798
1227,0,TN,-9.029777,15.484271
1228,0,TN,-14.427492,-12.166472
1229,0,TN,-9.166424,15.82798
1230,0,TN,-9.035066,15.515872
1232,0,TN,-25.089823,5.470019
1233,0,TN,-25.986753,4.8156137
1234,0,TN,-14.384567,13.15285
1235,0,TN,-15.219811,12.555553
1236,0,TN,-3.4862485,-32.020123
1237,0,TN,-9.166424,15.82798
1238,0,TN,6.763725,2.079627
1239,0,TN,7.3864784,0.8817012
1240,0,TN,6.963653,1.6571723
1241,0,TN,6.7637243,2.0796278
1242,0,TN,7.386485,0.88168335
1243,0,TN,6.763725,2.079627
1244,0,TN,-12.837829,14.019572
1245,0,TN,-3.4862566,-32.020058
1246,0,TN,7.3864837,0.88169676
1247,0,TN,-9.029931,15.510183
1248,0,TN,-9.245749,15.939475
1249,0,TN,-9.118123,15.748645
1250,0,TN,-9.029931,15.510183
1251,0,FP,-13.983411,-12.018345
1252,0,TN,6.763721,2.0795472
1254,0,TN,-9.247446,15.943911
1255,0,TN,5.458761,0.1015074
1256,0,TN,-9.247446,15.943911
1257,0,TN,-3.4862797,-32.02021
1258,0,FP,5.6468873,-26.489937
1259,0,TN,6.7637234,2.0795472
1260,0,FP,22.401512,-26.950354
1261,0,TN,-9.035066,15.515872
1262,0,TN,7.386451,0.8815598
1263,0,TN,7.0783234,1.428694
1264,0,TN,6.763722,2.0795476
1265,0,TN,-9.247446,15.943911
1266,0,TN,-9.166424,15.82798
1267,0,TN,-9.035066,15.515872
1268,0,TN,-9.247446,15.943911
1269,0,TN,6.763721,2.0795486
1270,0,TN,-9.035066,15.515872
1271,0,TN,6.81192,0.8626765
1272,0,TN,7.0584993,1.4647081
1273,0,TN,22.425207,-26.875608
1274,0,TN,-25.089823,5.470019
1276,0,TN,6.516907,1.1988593
1277,0,TN,-14.2832775,-11.656198
1278,0,FP,5.857766,-26.636894
1279,0,TN,7.386451,0.8815598
1280,0,TN,7.0750585,1.439508
1281,0,TN,-9.247446,15.943911
1282,0,TN,2.296982,-28.258663
1283,0,TN,-9.166424,15.82798
1284,0,TN,6.7637224,2.0795476
1285,0,TN,-14.2832775,-11.656198
1286,0,FP,5.8547754,-26.638422
1287,0,TN,6.517157,1.1984103
1288,0,TN,-9.029777,15.484271
1289,0,TN,-9.245752,15.939479
1290,0,TN,-25.089703,5.4695535
1291,0,TN,6.4150486,1.6277893
1292,0,TN,-3.4863143,-32.01999
1293,0,TN,-9.245749,15.939475
1294,0,TN,-3.486271,-32.02018
1295,0,TN,-14.427492,-12.166472
1296,0,TN,-9.595156,16.068281
1297,0,TN,6.763721,2.0795472
1298,0,TN,7.076763,1.4315329
1299,0,TN,-9.595148,16.068277
1300,0,TN,-9.595156,16.068281
1301,0,TN,-14.384574,13.152827
1302,0,TN,-14.283277,-11.656198
1303,0,TN,-9.644927,15.462077
1304,0,TN,4.901715,1.8342792
1305,0,TN,-25.822989,4.9352384
1306,0,TN,5.458761,0.1015074
1307,0,FP,6.036251,-26.498816
1308,0,TN,-14.130812,-12.189846
1309,0,TN,-9.595143,16.068277
1310,0,TN,-9.595156,16.068281
1311,0,TN,5.458761,0.1015074
1312,0,TN,5.458761,0.1015074
1313,0,TN,5.458761,0.1015074
1314,0,FP,6.036251,-26.498816
1315,0,TN,-14.384578,13.152883
1317,0,TN,5.458761,0.1015074
1318,0,TN,5.458761,0.1015074
1320,0,TN,5.458761,0.1015074
1321,0,TN,5.458761,0.1015074
1322,0,TN,-9.673904,15.444131
1323,0,TN,5.458761,0.1015074
1324,0,TN,2.2969968,-28.258434
1325,0,TN,-3.4863143,-32.01999
1326,0,TN,5.458761,0.1015074
1327,0,TN,5.458761,0.1015074
1328,0,TN,5.458761,0.1015074
1329,0,TN,-10.380806,17.129454
1330,0,TN,-14.2832775,-11.656198
1331,0,TN,5.458761,0.1015074
1332,0,TN,-12.837831,14.019546
1333,0,FP,-8.898385,13.775717
1334,0,TN,-25.08979,5.469282
1335,0,TN,5.458761,0.1015074
1336,0,TN,-14.174369,-12.209794
1337,0,TN,5.458761,0.1015074
1338,0,TN,-12.837833,14.019558
1339,0,TN,4.901715,1.8342792
1340,0,TN,5.458761,0.1015074
1341,0,TN,-11.105299,16.613043
1342,0,TN,5.458761,0.1015074
1343,0,TN,-14.542597,-11.961627
1344,0,TN,4.901715,1.8342792
1345,0,TN,-25.089933,5.469434
1346,0,TN,5.458761,0.1015074
1347,0,TN,-7.889662,15.178619
1348,0,TN,4.901715,1.8342792
1350,0,FP,5.946654,-26.267883
1351,0,TN,5.458761,0.1015074
1352,0,TN,-3.4862716,-32.01985
1353,0,TN,4.901715,1.8342792
1354,0,TN,-13.984438,-12.023107
1355,0,TN,-11.384915,16.13635
1356,0,TN,5.458761,0.1015074
1357,0,TN,7.0782247,1.4373158
1358,0,TN,7.0771513,1.4308662
1359,0,TN,2.2969856,-28.258654
1360,0,TN,22.415346,-26.878958
1361,0,TN,8.36216,2.1550052
1362,0,FP,5.643389,-26.384495
1363,0,TN,-26.191818,4.6672115
1364,0,TN,6.811505,0.86301845
1365,0,TN,6.5164165,1.1998067
1367,0,TN,-3.4862797,-32.02021
1369,0,TN,6.7637258,2.0796254
1370,0,TN,-3.4804194,-32.016582
1371,0,TN,-25.82252,4.9353147
1372,0,TN,-8.021881,16.122429
1373,0,TN,2.2969623,-28.25879
1374,0,TN,8.36216,2.1550052
1375,0,TN,8.36216,2.1550052
1376,0,FP,22.427374,-26.881224
1377,0,TN,8.36216,2.1550052
1378,0,TN,8.36216,2.1550052
1379,0,TN,8.36216,2.1550052
1380,0,TN,8.36216,2.1550052
1381,0,TN,8.36216,2.1550052
1382,0,TN,-25.089624,5.4696946
1383,0,TN,-9.752095,14.814689
1384,0,TN,8.36216,2.1550052
1385,0,TN,8.36216,2.1550052
1386,0,TN,8.36216,2.1550052
1387,0,TN,8.36216,2.1550052
1388,0,TN,-10.299734,15.447718
1389,0,TN,8.36216,2.1550052
1390,0,TN,8.36216,2.1550052
1391,0,TN,8.36216,2.1550052
1392,0,TN,8.36216,2.1550052
1393,0,TN,8.36216,2.1550052
1394,0,TN,-10.13373,14.962724
1395,0,TN,-25.089802,5.4692264
1396,0,TN,-14.283024,-11.655116
1397,0,TN,-25.987007,4.8156986
1398,0,FP,5.659396,-26.515017
1399,0,TN,8.36216,2.1550052
1400,0,TN,8.36216,2.1550052
1401,0,TN,-3.480425,-32.016304
1402,0,TN,-14.384568,13.152918
1403,0,TN,8.36216,2.1550052
1404,0,TN,-14.427492,-12.166472
1405,0,TN,8.36216,2.1550052
1406,0,TN,8.36216,2.1550052
1407,0,TN,-10.105302,15.89552
1408,0,TN,-14.508966,-11.814205
1409,0,TN,-25.822714,4.935299
1410,0,TN,8.36216,2.1550052
1411,0,TN,8.36216,2.1550052
1412,0,TN,-14.542597,-11.961627
1413,0,FP,22.417032,-26.925684
1414,0,TN,8.36216,2.1550052
1415,0,TN,8.36216,2.1550052
1416,0,TN,8.36216,2.1550052
1417,0,TN,-14.528958,-11.854107
1418,0,TN,-3.4804196,-32.015617
1420,0,TN,8.36216,2.1550052
1421,0,TN,-25.987234,4.81554
1422,0,TN,8.36216,2.1550052
1423,0,FP,5.8727565,-26.23779
1424,0,TN,-10.105302,15.89552
1425,0,TN,8.36216,2.1550052
1426,0,TN,8.36216,2.1550052
1427,0,TN,8.36216,2.1550052
1428,0,TN,-14.384564,13.152814
1429,0,TN,8.36216,2.1550052
1430,0,TN,8.36216,2.1550052
1431,0,TN,8.36216,2.1550052
1432,0,TN,-10.105302,15.89552
1433,0,TN,22.425564,-26.87372
1434,0,TN,8.36216,2.1550052
1435,0,TN,8.36216,2.1550052
1436,0,TN,-25.089823,5.470019
1437,0,TN,8.36216,2.1550052
1438,0,TN,8.36216,2.1550052
1439,0,TN,22.413809,-26.876959
1440,0,TN,8.36216,2.1550052
1441,0,TN,8.36216,2.1550052
1442,0,TN,-10.105307,15.895517
1443,0,TN,8.36216,2.1550052
1444,0,TN,-9.8861265,16.033365
1445,0,TN,8.36216,2.1550052
1446,0,TN,8.36216,2.1550052
1447,0,TN,-14.508968,-11.814209
1448,0,TN,-14.497383,-12.095839
1449,0,TN,-25.08972,5.469255
1451,0,TN,-25.089643,5.4693503
1452,0,TN,8.36216,2.1550052
1453,0,TN,8.36216,2.1550052
1454,0,FP,6.036251,-26.498816
1455,0,TN,-10.299734,15.447718
1456,0,TN,2.2969995,-28.259024
1457,0,TN,22.401552,-26.950378
1459,0,FP,5.8530474,-26.637238
1460,0,TN,8.36216,2.1550052
1461,0,TN,-14.030215,-11.764318
1462,0,TN,-25.08979,5.469282
1463,0,TN,-12.837846,14.019524
1464,0,TN,-3.4804418,-32.016468
1465,0,TN,8.36216,2.1550052
1466,0,TN,8.36216,2.1550052
1467,0,TN,-3.4804418,-32.016468
1468,0,FP,-13.980838,-12.007918
1470,0,TN,-10.105302,15.89552
1471,0,TN,8.36216,2.1550052
1472,0,TN,-14.174369,-12.209794
1474,0,TN,-9.749999,14.816916
1475,0,TN,8.36216,2.1550052
1476,0,TN,8.36216,2.1550052
1477,0,TN,-3.4804418,-32.016468
1478,0,TN,8.36216,2.1550052
1479,0,TN,8.36216,2.1550052
1481,0,TN,8.36216,2.1550052
1482,0,TN,8.36216,2.1550052
1483,0,TN,2.2969887,-28.258858
1484,0,TN,2.2969952,-28.258892
1485,0,TN,8.36216,2.1550052
1486,0,TN,8.36216,2.1550052
1488,0,TN,8.36216,2.1550052
1489,0,TN,8.36216,2.1550052
1490,0,TN,-25.822214,4.9353967
1491,0,TN,8.36216,2.1550052
1492,0,TN,8.36216,2.1550052
1493,0,TN,-10.13373,14.962724
1495,0,TN,-25.089643,5.4693503
1496,0,TN,8.36216,2.1550052
1497,0,TN,8.36216,2.1550052
1498,0,TN,-10.209567,15.784735
1499,0,TN,-10.190981,15.015144
1500,0,TN,-3.4804282,-32.016727
1501,0,TN,-14.384574,13.152857
1502,0,FP,19.695393,-26.582426
1503,0,TN,-9.817047,16.057102
1504,0,FP,5.8709793,-26.237413
1505,0,TN,8.36216,2.1550052
1506,0,TN,8.36216,2.1550052
1507,0,TN,8.36216,2.1550052
1508,0,TN,-9.19061,15.017059
1509,0,TN,-14.427492,-12.166472
1510,0,TN,-3.480431,-32.01656
1511,0,TN,8.36216,2.1550052
1512,0,TN,-9.19061,15.017059
1513,0,TN,-9.19061,15.017059
1514,0,TN,8.36216,2.1550052
1515,0,TN,8.36216,2.1550052
1516,0,TN,8.36216,2.1550052
1517,0,TN,-9.192831,15.013884
1518,0,TN,-9.18134,15.026017
1519,0,TN,-14.384566,13.152815
1520,0,TN,8.36216,2.1550052
1521,0,TN,8.36216,2.1550052
1522,0,TN,-14.384621,13.1528635
1523,0,TN,8.36216,2.1550052
1524,0,TN,8.36216,2.1550052
1525,0,FP,-13.983914,-12.018651
1526,0,TN,8.36216,2.1550052
1527,0,TN,8.36216,2.1550052
1528,0,TN,-9.190583,15.017095
1529,0,TN,8.36216,2.1550052
1530,0,TN,-14.031656,-11.7623205
1531,0,FP,6.036251,-26.498816
1532,0,TN,-9.188344,15.016174
1533,0,TN,8.36216,2.1550052
1534,0,TN,-26.189184,4.665283
1535,0,TN,-14.174369,-12.209794
1537,0,TN,22.422365,-26.927261
1538,0,TN,-25.08972,5.469255
1539,0,TN,8.36216,2.1550052
1540,0,TN,8.36216,2.1550052
1541,0,TN,-9.19061,15.017059
1542,0,TN,8.36216,2.1550052
1543,0,TN,8.36216,2.1550052
1544,0,TN,8.36216,2.1550052
1545,0,TN,-14.384601,13.152846
1546,0,TN,-3.4804292,-32.016605
1547,0,TN,8.36216,2.1550052
1548,0,TN,-2.1747313,-31.14216
1549,0,TN,8.36216,2.1550052
1550,0,TN,-9.137684,15.282417
1551,0,TN,-9.137684,15.282417
1552,0,FP,5.8552337,-26.63822
1553,0,TN,-9.137684,15.282417
1554,0,TN,-14.255505,-12.229227
1555,0,TN,-9.19061,15.017059
1556,0,TN,22.415346,-26.878958
1557,0,TN,-14.508968,-11.814209
1558,0,TN,-9.137684,15.282417
1559,0,TN,-14.254525,-12.229158
1560,0,TN,-3.4804435,-32.016266
1561,0,TN,-3.4804418,-32.016468
1562,0,TN,-25.089836,5.469918
1563,0,TN,22.401552,-26.950378
1564,0,TN,8.36216,2.1550052
1565,0,TN,8.36216,2.1550052
1566,0,TN,2.2969863,-28.258553
1567,0,TN,8.36216,2.1550052
1568,0,TN,-3.4804296,-32.016342
1569,0,FP,5.6468844,-26.489931
1570,0,TN,8.36216,2.1550052
1571,0,FP,5.643393,-26.384483
1572,0,TN,-25.987179,4.815593
1573,0,TN,-9.190286,15.017446
1574,0,TN,-9.137684,15.282417
1575,0,TN,8.36216,2.1550052
1576,0,TN,8.36216,2.1550052
1577,0,TN,8.36216,2.1550052
1578,0,TN,8.36216,2.1550052
1579,0,TN,8.36216,2.1550052
1580,0,TN,-3.4804418,-32.016468
1581,0,TN,-14.030143,-11.76442
1582,0,TN,-14.384568,13.152814
1583,0,TN,-25.987194,4.8156085
1584,0,TN,-9.130306,15.216681
1585,0,TN,8.36216,2.1550052
1586,0,TN,8.36216,2.1550052
1587,0,TN,-3.4804263,-32.016712
1588,0,TN,-9.19061,15.017059
1589,0,TN,8.36216,2.1550052
1590,0,TN,8.36216,2.1550052
1591,0,TN,8.36216,2.1550052
1592,0,TN,8.36216,2.1550052
1593,0,TN,-9.19061,15.017059
1594,0,TN,-14.174369,-12.209794
1595,0,TN,-9.19061,15.017059
1596,0,TN,-3.4804263,-32.016712
1598,0,TN,-25.987486,4.81561
1599,0,TN,8.36216,2.1550052
1600,0,TN,-9.137684,15.282417
1601,0,TN,-3.4804251,-32.016273
1602,0,TN,8.36216,2.1550052
1603,0,TN,8.36216,2.1550052
1604,0,TN,-9.19061,15.017059
1605,0,TN,-14.03027,-11.764243
1606,0,FP,5.8547735,-26.638422
1607,0,TN,-10.315574,15.293504
1608,0,TN,2.2969868,-28.259401
1609,0,TN,-3.4804313,-32.01671
1610,0,TN,-3.4804208,-32.016582
1611,0,TN,-8.343345,16.601095
1612,0,TN,-3.4804435,-32.016266
1613,0,TN,8.36216,2.1550052
1614,0,TN,-9.190213,15.017536
1615,0,TN,-9.137689,15.282428
1616,0,TN,-3.4804285,-32.016315
1617,0,TN,8.36216,2.1550052
1618,0,TN,8.36216,2.1550052
1619,0,TN,8.36216,2.1550052
1620,0,TN,22.401552,-26.950378
1621,0,TN,8.36216,2.1550052
1622,0,TN,8.36216,2.1550052
1623,0,TN,8.36216,2.1550052
1624,0,TN,-14.384574,13.152836
1625,0,TN,-9.137689,15.282428
1626,0,TN,-14.508966,-11.814205
1627,0,TN,2.2969909,-28.25733
1628,0,TN,-9.190286,15.017446
1629,0,TN,8.36216,2.1550052
1630,0,TN,8.36216,2.1550052
1631,0,TN,8.36216,2.1550052
1632,0,TN,-3.480425,-32.01669
1633,0,TN,-26.191881,4.6672444
1634,0,TN,-9.137689,15.282428
1635,0,TN,8.36216,2.1550052
1636,0,TN,-10.299734,15.447718
1637,0,TN,8.36216,2.1550052
1638,0,TN,-9.982446,17.227531
1639,0,TN,-3.480579,-32.016647
1640,0,TN,-26.190939,4.667214
1641,0,TN,8.36216,2.1550052
1642,0,TN,8.36216,2.1550052
1643,0,TN,-25.089779,5.4699826
1644,0,TN,8.36216,2.1550052
1645,0,TN,-14.024413,-11.772058
1646,0,TN,8.36216,2.1550052
1647,0,TN,8.36216,2.1550052
1648,0,TN,-10.212509,15.781423
1649,0,TN,-3.4804277,-32.01608
1650,0,TN,8.36216,2.1550052
1651,0,TN,-3.4804296,-32.016186
1652,0,TN,-9.749999,14.816916
1653,0,FP,5.8727565,-26.23779
1654,0,TN,8.36216,2.1550052
1655,0,TN,8.36216,2.1550052
1656,0,TN,-10.13373,14.962724
1657,0,FP,22.401552,-26.950378
1658,0,TN,8.36216,2.1550052
1659,0,TN,-14.174369,-12.209794
1660,0,TN,8.36216,2.1550052
1661,0,TN,22.401512,-26.950354
1662,0,TN,8.36216,2.1550052
1663,0,TN,8.36216,2.1550052
1664,0,FP,-14.252096,-12.2290125
1665,0,TN,-10.315574,15.293504
1666,0,TN,-10.212509,15.781423
1667,0,TN,-25.987484,4.815557
1668,0,FP,6.041928,-26.485111
1669,0,TN,8.36216,2.1550052
1670,0,FP,22.409466,-26.944933
1671,0,TN,8.36216,2.1550052
1672,0,TN,-10.209567,15.784735
1673,0,TN,8.36216,2.1550052
1674,0,TN,-25.987253,4.815575
1676,0,TN,-10.13373,14.962724
1678,0,TN,-10.212509,15.781423
1679,0,TN,-10.212509,15.781423
1680,0,TN,-9.752095,14.814689
1681,0,TN,-3.480579,-32.016647
1682,0,FP,22.401377,-26.950294
1683,0,TN,8.36216,2.1550052
1684,0,FP,5.9468427,-26.268003
1685,0,TN,8.36216,2.1550052
1686,0,TN,8.36216,2.1550052
1687,0,TN,8.36216,2.1550052
1688,0,TN,-10.190981,15.015144
1689,0,TN,-25.822609,4.935265
1691,0,TN,8.36216,2.1550052
1692,0,TN,-14.283277,-11.656198
1693,0,TN,-3.480431,-32.01656
1694,0,TN,-3.4804263,-32.016712
1695,0,TN,8.36216,2.1550052
1696,0,TN,8.36216,2.1550052
1697,0,TN,22.415346,-26.878958
1698,0,TN,8.36216,2.1550052
1699,0,TN,-14.515407,-12.064847
1700,0,TN,-14.427492,-12.166472
1701,0,FP,5.643389,-26.384495
1702,0,TN,-25.089643,5.4693503
1703,0,TN,-10.315574,15.293504
1704,0,TN,-3.4804285,-32.016315
1705,0,FP,5.643389,-26.384495
1706,0,TN,-9.752093,14.814685
1707,0,TN,8.36216,2.1550052
1708,0,TN,22.427374,-26.881224
1709,0,TN,8.36216,2.1550052
1710,0,TN,-25.089884,5.4693475
1711,0,TN,8.36216,2.1550052
1712,0,TN,8.36216,2.1550052
1713,0,TN,-25.821966,4.9352374
1714,0,TN,-10.190981,15.015144
1715,0,TN,-3.4804418,-32.016468
1716,0,TN,-14.520317,-12.055579
1717,0,TN,-9.752093,14.814685
1718,0,TN,8.36216,2.1550052
1719,0,FP,5.6468873,-26.489937
1720,0,TN,8.36216,2.1550052
1721,0,TN,8.36216,2.1550052
1723,0,TN,-25.089823,5.470019
1724,0,TN,-10.209567,15.784735
1725,0,TN,19.695387,-26.581623
1726,0,TN,8.36216,2.1550052
1727,0,TN,8.36216,2.1550052
1728,0,TN,-13.980838,-12.007918
1729,0,FP,22.42522,-26.875566
1730,0,TN,19.695395,-26.58216
1731,0,TN,-10.190981,15.015144
1732,0,TN,8.36216,2.1550052
1733,0,TN,8.36216,2.1550052
1734,0,TN,8.36216,2.1550052
1735,0,FP,5.852605,-26.637257
1736,0,TN,8.36216,2.1550052
1738,0,TN,-14.508968,-11.814209
1739,0,TN,-10.13373,14.962724
1740,0,TN,-3.480425,-32.016304
1742,0,TN,8.36216,2.1550052
1743,0,TN,8.36216,2.1550052
1744,0,TN,-3.4804163,-32.015446
1745,0,TN,2.2969875,-28.25888
1746,0,FP,22.425207,-26.875608
1748,0,TN,-25.987383,4.8161583
1749,0,TN,-13.983411,-12.018345
1750,0,TN,-14.031082,-11.763119
1751,0,TN,8.36216,2.1550052
1752,0,FP,5.8727555,-26.237793
1753,0,TN,8.36216,2.1550052
1754,0,TN,-11.394393,14.949138
1756,0,TN,8.36216,2.1550052
1757,0,TN,-9.457578,17.225822
1758,0,FP,22.428701,-26.87833
1759,0,TN,-11.482253,15.421041
1760,0,TN,-25.987223,4.815454
1761,0,FP,6.034393,-26.505342
1762,0,TN,-25.089844,5.4700704
1763,0,TN,-10.8995695,16.82428
1764,0,TN,-14.528958,-11.854107
1765,0,TN,8.36216,2.1550052
1766,0,TN,-14.528958,-11.854107
1767,0,TN,-14.5156,-12.065126
1768,0,TN,-3.4804208,-32.016582
1769,0,TN,8.36216,2.1550052
1770,0,TN,-9.655903,13.609759
1771,0,TN,8.36216,2.1550052
1772,0,TN,-25.986465,4.815789
1773,0,TN,8.36216,2.1550052
1774,0,TN,8.36216,2.1550052
1775,0,TN,-25.089724,5.4696174
1776,0,TN,8.36216,2.1550052
1777,0,FP,22.42522,-26.875566
1778,0,TN,8.36216,2.1550052
1779,0,FP,22.427374,-26.881224
1780,0,TN,8.36216,2.1550052
1781,0,TN,-14.030143,-11.76442
1782,0,TN,-8.603402,16.860182
1783,0,TN,8.36216,2.1550052
1784,0,FP,6.0419226,-26.485119
1785,0,TN,-25.08979,5.469282
1787,0,TN,-15.219802,12.55544
1788,0,TN,8.36216,2.1550052
1789,0,TN,8.36216,2.1550052
1791,0,TN,-25.987484,4.815557
1792,0,TN,-14.384573,13.152866
1793,0,TN,-14.38457,13.152861
1794,0,TN,8.36216,2.1550052
1795,0,TN,-11.460552,15.79934
1796,0,TN,8.36216,2.1550052
1797,0,TN,-14.52423,-12.046672
1798,0,TN,-9.994523,13.646506
1799,0,TN,8.36216,2.1550052
1800,0,TN,8.36216,2.1550052
1801,0,TN,-8.084003,14.565422
1802,0,TN,-14.384597,13.152842
1803,0,TN,-9.384373,14.8628435
1804,0,TN,-9.673904,15.44413
1805,0,TN,-9.886138,16.033363
1806,0,TN,-9.673904,15.44413
1807,0,TN,8.36216,2.1550052
1808,0,TN,-3.4804282,-32.016727
1809,0,TN,-9.673904,15.44413
1811,0,TN,-25.987354,4.8159013
1812,0,TN,8.36216,2.1550052
1813,0,TN,-14.252096,-12.2290125
1814,0,TN,-9.886141,16.033365
1815,0,FP,22.413733,-26.876898
1816,0,TN,-25.823366,4.935126
1817,0,TN,-3.4804285,-32.016315
1818,0,FP,5.895146,-26.243496
1820,0,TN,-9.384373,14.8628435
1821,0,TN,8.36216,2.1550052
1822,0,TN,-9.886138,16.033363
1823,0,TN,-25.089846,5.469956
1824,0,TN,-9.88614,16.033367
1825,0,TN,8.36216,2.1550052
1826,0,TN,-3.4804263,-32.016712
1828,0,TN,-25.089756,5.4695864
1829,0,TN,-14.384541,13.152852
1830,0,FP,5.916925,-26.251318
1831,0,TN,-9.886137,16.033363
1832,0,TN,-25.987234,4.81554
1833,0,TN,8.36216,2.1550052
1834,0,TN,22.413733,-26.876898
1835,0,TN,-9.673904,15.44413
1836,0,TN,-9.384376,14.862843
1837,0,FP,5.9876046,-26.298134
1838,0,FP,5.929231,-26.257675
1839,0,FP,5.8911333,-26.24227
1840,0,TN,-9.384373,14.8628435
1841,0,TN,-9.389053,14.861692
1842,0,TN,8.36216,2.1550052
1843,0,TN,8.36216,2.1550052
1844,0,TN,2.2969863,-28.25881
1845,0,TN,-9.673904,15.44413
1846,0,TN,22.414206,-26.877045
1847,0,TN,-3.4804356,-32.016663
1848,0,TN,-9.886144,16.033363
1849,0,TN,-25.089863,5.4698973
1850,0,TN,8.36216,2.1550052
1851,0,TN,8.36216,2.1550052
1852,0,TN,8.36216,2.1550052
1853,0,TN,-14.384551,13.152882
1854,0,TN,-14.528958,-11.854107
1855,0,TN,-25.823174,4.9351864
1856,0,TN,8.36216,2.1550052
1857,0,TN,8.36216,2.1550052
1858,0,TN,8.36216,2.1550052
1859,0,TN,8.36216,2.1550052
1861,0,TN,-25.089724,5.4696174
1862,0,TN,-14.384589,13.152742
1863,0,TN,-25.090414,5.4698906
1865,0,TN,8.36216,2.1550052
1866,0,TN,-9.389051,14.861693
1867,0,TN,8.36216,2.1550052
1868,0,TN,8.36216,2.1550052
1869,0,TN,-9.673904,15.444131
1870,0,FP,5.6499386,-26.363787
1871,0,TN,8.36216,2.1550052
1872,0,TN,-9.384373,14.8628435
1873,0,TN,-25.090414,5.4698906
1874,0,TN,8.36216,2.1550052
1875,0,TN,-9.886144,16.033363
1876,0,TN,8.36216,2.1550052
1877,0,TN,-9.886144,16.033363
1878,0,TN,8.36216,2.1550052
1879,0,TN,8.36216,2.1550052
1880,0,TN,-9.673904,15.444131
1881,0,TN,8.36216,2.1550052
1882,0,TN,-9.389053,14.861692
1883,0,TN,-9.673904,15.444131
1884,0,TN,-3.4804344,-32.017002
1885,0,TN,-3.4804263,-32.016712
1886,0,FP,19.695393,-26.58186
1887,0,TN,-14.384573,13.152853
1888,0,TN,8.36216,2.1550052
1889,0,TN,8.36216,2.1550052
1890,0,TN,-14.252096,-12.2290125
1891,0,TN,-25.089834,5.4691443
1892,0,TN,8.36216,2.1550052
1893,0,TN,8.36216,2.1550052
1894,0,TN,-14.427492,-12.166472
1896,0,TN,-13.980838,-12.007918
1897,0,TN,-9.673904,15.44413
1898,0,FP,5.6468873,-26.489937
1899,0,TN,8.36216,2.1550052
1901,0,TN,-3.4804418,-32.016468
1902,0,TN,-9.886144,16.033363
1903,0,TN,8.36216,2.1550052
1904,0,TN,-9.886141,16.033365
1905,0,TN,8.36216,2.1550052
1906,0,TN,-9.886144,16.033363
1907,0,TN,8.36216,2.1550052
1908,0,TN,8.36216,2.1550052
1909,0,TN,-9.673904,15.444131
1910,0,TN,8.36216,2.1550052
1911,0,FP,-9.886141,16.033365
1912,0,TN,8.36216,2.1550052
1913,0,TN,8.36216,2.1550052
1914,0,TN,-14.031536,-11.762481
1915,0,TN,8.36216,2.1550052
1916,0,TN,-3.4804263,-32.016712
1917,0,TN,-25.08984,5.469986
1918,0,TN,2.2969863,-28.259611
1919,0,TN,-9.886144,16.033363
1920,0,TN,8.36216,2.1550052
1921,0,TN,-9.389053,14.861692
1922,0,TN,-14.508968,-11.814209
1924,0,TN,8.36216,2.1550052
1925,0,TN,2.2970004,-28.25886
1926,0,TN,8.36216,2.1550052
1927,0,FP,19.69541,-26.58389
1928,0,TN,-14.542597,-11.961627
1929,0,TN,8.36216,2.1550052
1930,0,TN,8.36216,2.1550052
1931,0,TN,-3.4804208,-32.016582
1932,0,TN,8.36216,2.1550052
1934,0,TN,-14.513002,-12.069372
1935,0,TN,-14.427492,-12.166472
1936,0,TN,-9.673904,15.444131
1937,0,TN,8.36216,2.1550052
1938,0,TN,-14.528958,-11.854107
1939,0,TN,8.36216,2.1550052
1940,0,TN,-25.089798,5.4698534
1941,0,TN,8.36216,2.1550052
1942,0,TN,8.36216,2.1550052
1943,0,TN,-10.299741,15.447535
1944,0,TN,-14.384545,13.152846
1945,0,TN,-10.299741,15.447535
1946,0,TN,-10.139721,14.96865
1947,0,TN,8.36216,2.1550052
1948,0,TN,-10.209626,15.784629
1949,0,TN,-14.254525,-12.229158
1950,0,FP,5.8727565,-26.23779
1951,0,TN,-10.299741,15.447535
1952,0,TN,-10.212574,15.781306
1953,0,TN,8.36216,2.1550052
1954,0,TN,-3.480425,-32.016304
1955,0,TN,8.36216,2.1550052
1956,0,TN,2.2969575,-28.258791
1957,0,TN,8.36216,2.1550052
1958,0,TN,-9.886144,16.033363
1960,0,TN,2.2969837,-28.25893
1961,0,TN,-14.203881,-12.22062
1962,0,TN,-25.822481,4.9353333
1963,0,TN,8.36216,2.1550052
1964,0,TN,-25.089842,5.4700794
1966,0,TN,-13.984236,-12.019882
1967,0,TN,8.36216,2.1550052
1968,0,TN,8.36216,2.1550052
1969,0,TN,-9.886144,16.033363
1970,0,TN,8.36216,2.1550052
1971,0,TN,-9.673904,15.444131
1972,0,TN,8.36216,2.1550052
1973,0,TN,-9.389053,14.861692
1974,0,TN,-12.837841,14.019581
1975,0,TN,8.36216,2.1550052
1976,0,TN,8.36216,2.1550052
1977,0,TN,8.36216,2.1550052
1978,0,TN,-10.240296,15.219928
1979,0,FP,6.041928,-26.485111
1980,0,TN,-9.742333,14.8150215
1981,0,TN,8.36216,2.1550052
1982,0,TN,19.695389,-26.582243
1983,0,TN,-14.255505,-12.229227
1984,0,TN,8.36216,2.1550052
1985,0,TN,8.36216,2.1550052
1986,0,TN,8.36216,2.1550052
1987,0,TN,8.36216,2.1550052
1988,0,FP,22.417032,-26.925684
1989,0,TN,8.36216,2.1550052
1990,0,TN,-3.4804263,-32.016712
1991,0,TN,8.36216,2.1550052
1992,0,TN,8.36216,2.1550052
1993,0,TN,-10.13373,14.962724
1994,0,TN,-10.212509,15.781423
1995,0,FP,22.401512,-26.950354
1996,0,TN,6.8109207,0.8634353
1997,0,TN,-14.252096,-12.2290125
1998,0,TN,6.415437,1.6342969
