1,1,TP,2.4388207164553464,-3.3795946918925033
2,1,TP,2.4388207164555324,-3.379594691891673
3,1,FN,11.82466556107189,10.674907262614038
4,1,TP,17.704442193302036,-0.029787053860565085
5,1,TP,2.438820716455377,-3.3795946918919504
6,1,TP,7.354544333234316,-6.036010658729214
8,1,TP,7.354544333234317,-6.036010658729214
9,1,FN,17.704442193302096,-0.029787053860757598
10,1,FN,-5.69267377967014,5.924527996766036
12,1,FN,10.037993481884818,12.388312155621783
14,1,TP,2.4388207164553775,-3.3795946918919433
16,1,TP,2.4388207164553775,-3.3795946918919433
18,1,TP,2.4388207164553775,-3.3795946918919433
19,1,TP,7.354544333234317,-6.036010658729213
20,1,TP,2.4388207164553775,-3.3795946918919433
21,1,TP,-0.8305564511964268,-7.228595608958856
22,1,TP,-0.8305564511964268,-7.228595608958856
23,1,FN,-3.8112651456217455,3.849157318905743
24,1,TP,7.354544333234317,-6.036010658729213
25,1,FN,7.354544333234317,-6.036010658729213
26,1,FN,-14.502215207428263,0.6904140440625365
27,1,TP,7.212814329652663,-1.0373503173897574
28,1,FN,-0.8305564511964268,-7.228595608958856
29,1,FN,-0.8305564511964268,-7.228595608958856
30,1,FN,-5.69267377967014,5.924527996766036
31,1,TP,7.354544333234317,-6.036010658729213
32,1,TP,-0.8305564511964268,-7.228595608958856
33,1,TP,7.354544333234317,-6.036010658729213
34,1,TP,2.4388207164553775,-3.3795946918919433
35,1,FN,11.016892953619433,11.503688704426626
36,1,TP,1.8946990869356541,-1.1049382947774558
37,1,TP,7.354544333234317,-6.036010658729213
38,1,FN,-5.69267377967014,5.924527996766036
39,1,TP,2.4388207164553775,-3.3795946918919433
40,1,TP,2.4388207164553775,-3.3795946918919433
41,1,TP,2.4388207164553775,-3.3795946918919433
43,1,FN,-0.8305564511964268,-7.228595608958856
44,1,TP,2.4388207164553775,-3.3795946918919433
45,1,FN,17.7044421933021,-0.029787053860757598
46,1,FN,17.7044421933021,-0.029787053860757598
47,1,TP,-0.8305564511964268,-7.228595608958856
48,1,FN,-3.8112651456217455,3.849157318905743
49,1,TP,-0.8305564511964268,-7.228595608958856
50,1,TP,-0.8305564511964268,-7.228595608958856
51,1,TP,2.4388207164553775,-3.3795946918919433
52,1,TP,7.354544333234317,-6.036010658729213
53,1,FN,7.354544333234317,-6.036010658729213
54,1,FN,10.037993481884818,12.388312155621785
55,1,TP,1.8946990869356541,-1.1049382947774558
57,1,TP,2.4388207164553775,-3.3795946918919433
58,1,TP,7.354544333234317,-6.036010658729213
60,1,FN,10.800495039778687,11.823956523613534
61,1,FN,-5.69267377967014,5.924527996766036
62,1,TP,-0.8305564511964268,-7.228595608958856
63,1,FN,-14.502215207428263,0.6904140440625365
64,1,FN,-14.502215207428263,0.6904140440625365
65,1,FN,-0.8305564511964268,-7.228595608958856
66,1,TP,2.4388207164553775,-3.3795946918919433
67,1,FN,17.7044421933021,-0.029787053860757598
68,1,FN,17.7044421933021,-0.029787053860757598
70,1,TP,7.354544333234317,-6.036010658729213
71,1,FN,-14.502215207428263,0.6904140440625365
72,1,FN,15.182179723490483,2.8512423539357745
73,1,FN,-14.502215207428263,0.6904140440625365
74,1,TP,2.4388207164553775,-3.3795946918919433
76,1,FN,17.7044421933021,-0.029787053860757598
77,1,TP,2.4388207164553775,-3.3795946918919433
78,1,TP,7.354544333234317,-6.036010658729213
79,1,FN,-3.8112651456217455,3.849157318905743
80,1,FN,15.182179723490483,2.8512423539357745
83,1,TP,2.4388207164553775,-3.3795946918919433
84,1,FN,10.037993481884818,12.388312155621785
85,1,FN,14.427450521400546,4.24825177945657
86,1,TP,2.4388207164553775,-3.3795946918919433
87,1,TP,17.7044421933021,-0.029787053860757598
88,1,TP,7.354544333234317,-6.036010658729213
89,1,TP,2.4388207164553775,-3.3795946918919433
90,1,FN,-0.8305564511964268,-7.228595608958856
91,1,FN,-5.69267377967014,5.924527996766036
92,1,FN,-14.502215207428263,0.6904140440625365
93,1,FN,14.427450521400546,4.24825177945657
94,1,TP,7.857164220704382,-2.6732095396232802
95,1,TP,2.4388207164553775,-3.3795946918919433
96,1,TP,7.354544333234317,-6.036010658729213
97,1,TP,17.7044421933021,-0.029787053860757598
98,1,FN,17.7044421933021,-0.029787053860757598
100,1,TP,2.4388207164553775,-3.3795946918919433
101,1,FN,-4.301724554503789,5.584438875423292
102,1,TP,2.4388207164553775,-3.3795946918919433
103,1,TP,2.4388207164553775,-3.3795946918919433
105,1,TP,7.354544333234317,-6.036010658729213
106,1,TP,7.354544333234317,-6.036010658729213
108,1,TP,-0.8305564511964268,-7.228595608958856
110,1,TP,2.4388207164553775,-3.3795946918919433
111,1,TP,7.354544333234317,-6.036010658729213
112,1,FN,-3.8112651456217455,3.849157318905743
113,1,TP,2.4388207164553775,-3.3795946918919433
114,1,FN,-14.502215207428263,0.6904140440625365
115,1,FN,15.182179723490483,2.8512423539357745
116,1,TP,7.354544333234317,-6.036010658729213
117,1,TP,2.4388207164553775,-3.3795946918919433
118,1,FN,-5.69267377967014,5.924527996766036
119,1,TP,17.7044421933021,-0.029787053860757598
120,1,FN,10.037993481884818,12.388312155621785
121,1,TP,-0.8305564511964268,-7.228595608958856
122,1,FN,-14.502215207428263,0.6904140440625365
123,1,TP,7.354544333234317,-6.036010658729213
124,1,TP,7.354544333234317,-6.036010658729213
127,1,FN,-5.69267377967014,5.924527996766036
128,1,FN,-14.502215207428263,0.6904140440625365
129,1,TP,7.354544333234317,-6.036010658729213
131,1,FN,-0.8305564511964268,-7.228595608958856
132,1,FN,-14.502215207428263,0.6904140440625365
133,1,FN,-5.69267377967014,5.924527996766036
134,1,TP,1.8946990869356541,-1.1049382947774558
135,1,TP,7.354544333234317,-6.036010658729213
136,1,FN,-0.8305564511964268,-7.228595608958856
137,1,FN,-5.69267377967014,5.924527996766036
138,1,FN,-14.502215207428263,0.6904140440625365
139,1,TP,2.4388207164553775,-3.3795946918919433
140,1,FN,17.7044421933021,-0.029787053860757598
142,1,FN,-0.8305564511964268,-7.228595608958856
143,1,TP,7.354544333234317,-6.036010658729213
144,1,TP,-0.8305564511964268,-7.228595608958856
145,1,FN,17.7044421933021,-0.029787053860757598
146,1,FN,7.354544333234317,-6.036010658729213
147,1,TP,7.354544333234317,-6.036010658729213
148,1,FN,-5.69267377967014,5.924527996766036
149,1,TP,-0.8305564511964268,-7.228595608958856
150,1,TP,17.7044421933021,-0.029787053860757598
151,1,TP,7.354544333234317,-6.036010658729213
153,1,TP,7.354544333234317,-6.036010658729213
154,1,TP,7.354544333234317,-6.036010658729213
155,1,TP,7.354544333234317,-6.036010658729213
156,1,FN,-5.69267377967014,5.924527996766036
157,1,FN,17.7044421933021,-0.029787053860757598
158,1,TP,7.354544333234317,-6.036010658729213
159,1,TP,2.4388207164553775,-3.3795946918919433
160,1,TP,7.354544333234317,-6.036010658729213
163,1,TP,2.4388207164553775,-3.3795946918919433
164,1,TP,2.4388207164553775,-3.3795946918919433
165,1,FN,17.7044421933021,-0.029787053860757598
166,1,TP,2.4388207164553775,-3.3795946918919433
167,1,FN,17.7044421933021,-0.029787053860757598
168,1,FN,17.7044421933021,-0.029787053860757598
169,1,TP,17.7044421933021,-0.029787053860757598
171,1,FN,7.354544333234317,-6.036010658729213
172,1,FN,-14.502215207428263,0.6904140440625365
173,1,FN,-3.8112651456217455,3.849157318905743
174,1,FN,-5.69267377967014,5.924527996766036
175,1,TP,-0.8305564511964268,-7.228595608958856
176,1,TP,2.4388207164553775,-3.3795946918919433
177,1,FN,15.182179723490483,2.8512423539357745
178,1,FN,-14.502215207428263,0.6904140440625365
180,1,FN,11.824665561070466,10.674907262614584
181,1,FN,7.354544333234317,-6.036010658729213
182,1,FN,17.7044421933021,-0.029787053860757598
183,1,TP,7.354544333234317,-6.036010658729213
184,1,TP,7.354544333234317,-6.036010658729213
186,1,TP,-0.8305564511964268,-7.228595608958856
187,1,FN,-14.502215207428263,0.6904140440625365
188,1,FN,17.7044421933021,-0.029787053860757598
189,1,TP,7.354544333234317,-6.036010658729213
190,1,FN,10.037993481884818,12.388312155621785
191,1,TP,2.4388207164553775,-3.3795946918919433
192,1,TP,2.4388207164553775,-3.3795946918919433
193,1,FN,-5.69267377967014,5.924527996766036
194,1,FN,-14.502215207428263,0.6904140440625365
196,1,TP,-0.8305564511964268,-7.228595608958856
197,1,FN,14.427450521400546,4.24825177945657
198,1,TP,2.4388207164553775,-3.3795946918919433
199,1,TP,2.4388207164553775,-3.3795946918919433
200,1,FN,-14.502215207428263,0.6904140440625365
201,1,FN,17.7044421933021,-0.029787053860757598
203,1,TP,2.4388207164553775,-3.3795946918919433
204,1,FN,-14.502215207428263,0.6904140440625365
205,1,FN,-5.69267377967014,5.924527996766036
207,1,FN,11.824665561070466,10.674907262614584
208,1,FN,17.7044421933021,-0.029787053860757598
209,1,TP,17.7044421933021,-0.029787053860757598
210,1,FN,-3.8112651456217455,3.849157318905743
211,1,TP,2.4388207164553775,-3.3795946918919433
212,1,FN,-14.502215207428263,0.6904140440625365
213,1,FN,-14.502215207428263,0.6904140440625365
214,1,TP,7.354544333234317,-6.036010658729213
215,1,TP,7.354544333234317,-6.036010658729213
216,1,FN,17.7044421933021,-0.029787053860757598
217,1,FN,15.182179723490483,2.8512423539357745
218,1,TP,7.354544333234317,-6.036010658729213
220,1,FN,17.7044421933021,-0.029787053860757598
221,1,TP,1.8946990869356541,-1.1049382947774558
222,1,FN,-0.8305564511964268,-7.228595608958856
223,1,TP,2.4388207164553775,-3.3795946918919433
224,1,TP,7.354544333234317,-6.036010658729213
225,1,TP,7.354544333234317,-6.036010658729213
226,1,FN,-14.502215207428263,0.6904140440625365
228,1,TP,-0.8305564511964268,-7.228595608958856
229,1,TP,-0.8305564511964268,-7.228595608958856
230,1,FN,17.7044421933021,-0.029787053860757598
231,1,FN,-0.8305564511964268,-7.228595608958856
233,1,FN,-14.502215207428263,0.6904140440625365
234,1,TP,-0.8305564511964268,-7.228595608958856
235,1,TP,-0.8305564511964268,-7.228595608958856
236,1,TP,2.4388207164553775,-3.3795946918919433
237,1,FN,7.354544333234317,-6.036010658729213
238,1,FN,-0.8305564511964268,-7.228595608958856
239,1,TP,2.4388207164553775,-3.3795946918919433
240,1,TP,7.354544333234317,-6.036010658729213
241,1,TP,-0.8305564511964268,-7.228595608958856
243,1,FN,-0.8305564511964268,-7.228595608958856
244,1,FN,11.824665561070466,10.674907262614584
245,1,TP,7.354544333234317,-6.036010658729213
246,1,TP,2.4388207164553775,-3.3795946918919433
247,1,FN,10.037993481884818,12.388312155621785
249,1,TP,2.4388207164553775,-3.3795946918919433
250,1,FN,11.824665561070466,10.674907262614584
251,1,FN,17.7044421933021,-0.029787053860757598
252,1,TP,2.4388207164553775,-3.3795946918919433
253,1,FN,-4.301724554503789,5.584438875423292
255,1,FN,17.7044421933021,-0.029787053860757598
256,1,TP,7.354544333234317,-6.036010658729213
257,1,FN,10.800495039778687,11.823956523613534
258,1,FN,-0.8305564511964268,-7.228595608958856
259,1,FN,-5.69267377967014,5.924527996766036
260,1,TP,2.4388207164553775,-3.3795946918919433
261,1,TP,7.354544333234317,-6.036010658729213
262,1,TP,7.857164220704382,-2.6732095396232802
263,1,TP,2.4388207164553775,-3.3795946918919433
264,1,TP,2.4388207164553775,-3.3795946918919433
265,1,TP,2.4388207164553775,-3.3795946918919433
266,1,TP,2.4388207164553775,-3.3795946918919433
267,1,TP,2.4388207164553775,-3.3795946918919433
268,1,FN,-0.8305564511964268,-7.228595608958856
269,1,TP,7.354544333234316,-6.0360106587291735
270,1,FN,-14.502215207428263,0.6904140440625365
271,1,FN,17.7044421933021,-0.029787053860757598
272,1,FN,-0.8305564511964268,-7.228595608958856
273,1,FN,17.7044421933021,-0.029787053860757598
274,1,FN,-14.502215207428263,0.6904140440625365
275,1,TP,7.354544333234317,-6.036010658729213
277,1,TP,7.354544333234317,-6.036010658729213
278,1,FN,15.182179723490483,2.8512423539357745
279,1,TP,-0.8305564511964268,-7.228595608958856
280,1,TP,-0.8305564511964268,-7.228595608958856
281,1,FN,-0.8305564511964268,-7.228595608958856
282,1,FN,-5.69267377967014,5.924527996766036
283,1,TP,2.4388207164553775,-3.3795946918919433
284,1,FN,17.7044421933021,-0.029787053860757598
285,1,TP,2.4388207164553775,-3.3795946918919433
286,1,TP,7.354544333234317,-6.036010658729213
287,1,FN,-14.502215207428263,0.6904140440625365
288,1,FN,-0.8305564511964268,-7.228595608958856
289,1,TP,7.354544333234317,-6.036010658729213
290,1,FN,-14.502215207428263,0.6904140440625365
292,1,FN,-3.8112651456217455,3.849157318905743
293,1,TP,7.857164220704382,-2.6732095396232802
294,1,TP,-0.8305564511964268,-7.228595608958856
296,1,FN,-4.301724554503789,5.584438875423292
297,1,TP,-0.8305564511964268,-7.228595608958856
299,1,FN,10.037993481884818,12.388312155621785
301,1,FN,17.7044421933021,-0.029787053860757598
302,1,TP,2.4388207164553775,-3.3795946918919433
304,1,FN,-14.502215207428263,0.6904140440625365
305,1,FN,-5.69267377967014,5.924527996766036
306,1,FN,-14.502215207428263,0.6904140440625365
307,1,TP,2.4388207164553775,-3.3795946918919433
308,1,FN,17.7044421933021,-0.029787053860757598
309,1,FN,17.7044421933021,-0.029787053860757598
310,1,FN,7.354544333234317,-6.036010658729213
311,1,TP,2.4388207164553775,-3.3795946918919433
313,1,TP,1.8946990869356541,-1.1049382947774558
314,1,FN,10.800495039778687,11.823956523613534
315,1,TP,7.354544333234317,-6.036010658729213
316,1,TP,7.354544333234317,-6.036010658729213
317,1,FN,-14.502215207428263,0.6904140440625365
318,1,FN,17.7044421933021,-0.029787053860757598
319,1,FN,7.354544333234317,-6.036010658729213
320,1,FN,-0.8305564511964268,-7.228595608958856
321,1,TP,7.354544333234317,-6.036010658729213
322,1,FN,17.7044421933021,-0.029787053860757598
323,1,FN,-5.69267377967014,5.924527996766036
324,1,TP,2.4388207164553775,-3.3795946918919433
325,1,TP,2.4388207164553775,-3.3795946918919433
326,1,FN,-14.502215207428263,0.6904140440625365
327,1,FN,17.7044421933021,-0.029787053860757598
328,1,FN,10.800495039778687,11.823956523613534
329,1,FN,-5.69267377967014,5.924527996766036
330,1,TP,2.4388207164553775,-3.3795946918919433
331,1,TP,2.4388207164553775,-3.3795946918919433
332,1,TP,2.4388207164553775,-3.3795946918919433
334,1,FN,-14.502215207428263,0.6904140440625365
335,1,TP,2.4388207164553775,-3.3795946918919433
337,1,FN,-5.69267377967014,5.924527996766036
339,1,FN,7.354544333234317,-6.036010658729213
340,1,TP,15.182179723490483,2.8512423539357745
341,1,FN,-0.8305564511964268,-7.228595608958856
342,1,TP,7.354544333234317,-6.036010658729213
343,1,FN,-0.8305564511964268,-7.228595608958856
344,1,TP,7.354544333234317,-6.036010658729213
345,1,TP,-0.8305564511964268,-7.228595608958856
346,1,TP,-0.8305564511964268,-7.228595608958856
348,1,TP,15.182179723490483,2.8512423539357745
349,1,FN,-14.502215207428263,0.6904140440625365
350,1,TP,2.4388207164553775,-3.3795946918919433
351,1,FN,-5.69267377967014,5.924527996766036
353,1,TP,2.4388207164553775,-3.3795946918919433
354,1,TP,-0.8305564511964268,-7.228595608958856
355,1,FN,17.7044421933021,-0.029787053860757598
356,1,FN,17.7044421933021,-0.029787053860757598
357,1,FN,17.7044421933021,-0.029787053860757598
358,1,TP,2.4388207164553775,-3.3795946918919433
359,1,TP,7.354544333234317,-6.036010658729213
360,1,FN,17.7044421933021,-0.029787053860757598
361,1,TP,2.4388207164553775,-3.3795946918919433
363,1,TP,2.4388207164553775,-3.3795946918919433
364,1,TP,2.4388207164553775,-3.3795946918919433
365,1,TP,2.4388207164553775,-3.3795946918919433
366,1,TP,7.354544333234317,-6.036010658729213
367,1,TP,2.4388207164553775,-3.3795946918919433
368,1,TP,-0.8305564511964268,-7.228595608958856
370,1,TP,2.4388207164553775,-3.3795946918919433
371,1,FN,17.7044421933021,-0.029787053860757598
372,1,FN,11.824665561070466,10.674907262614584
373,1,FN,17.7044421933021,-0.029787053860757598
374,1,FN,-4.301724554503789,5.584438875423292
376,1,FN,-5.69267377967014,5.924527996766036
377,1,TP,2.4388207164553775,-3.3795946918919433
378,1,FN,-5.69267377967014,5.924527996766036
379,1,TP,2.4388207164553775,-3.3795946918919433
380,1,TP,7.354544333234317,-6.036010658729213
381,1,FN,11.824665561070466,10.674907262614584
382,1,TP,7.857164220704382,-2.6732095396232802
383,1,TP,7.857164220704382,-2.6732095396232802
384,1,FN,-5.69267377967014,5.924527996766036
385,1,FN,-5.69267377967014,5.924527996766036
386,1,TP,2.4388207164553775,-3.3795946918919433
388,1,TP,2.4388207164553775,-3.3795946918919433
389,1,TP,7.354544333234317,-6.036010658729213
391,1,TP,17.7044421933021,-0.029787053860757598
392,1,TP,7.354544333234317,-6.036010658729213
393,1,FN,17.7044421933021,-0.029787053860757598
394,1,FN,17.7044421933021,-0.029787053860757598
396,1,TP,7.354544333234317,-6.036010658729213
397,1,TP,17.7044421933021,-0.029787053860757598
398,1,TP,-0.8305564511964268,-7.228595608958856
399,1,TP,2.4388207164553775,-3.3795946918919433
400,1,TP,1.8946990869356541,-1.1049382947774558
401,1,FN,-5.69267377967014,5.924527996766036
402,1,TP,2.4388207164553775,-3.3795946918919433
403,1,TP,7.354544333234317,-6.036010658729213
404,1,TP,2.4388207164553775,-3.3795946918919433
405,1,TP,-0.8305564511964268,-7.228595608958856
406,1,TP,-0.8305564511964268,-7.228595608958856
407,1,TP,7.354544333234317,-6.036010658729213
408,1,FN,-14.502215207428263,0.6904140440625365
409,1,TP,-0.8305564511964268,-7.228595608958856
410,1,TP,2.4388207164553775,-3.3795946918919433
411,1,TP,-0.8305564511964268,-7.228595608958856
412,1,TP,17.7044421933021,-0.029787053860757598
414,1,FN,-14.502215207428263,0.6904140440625365
416,1,FN,17.7044421933021,-0.029787053860757598
417,1,FN,-14.502215207428263,0.6904140440625365
419,1,FN,17.7044421933021,-0.029787053860757598
420,1,FN,17.7044421933021,-0.029787053860757598
421,1,FN,17.7044421933021,-0.029787053860757598
422,1,TP,7.354544333234317,-6.036010658729213
423,1,FN,17.7044421933021,-0.029787053860757598
424,1,FN,-5.69267377967014,5.924527996766036
426,1,FN,10.037993481884818,12.388312155621785
427,1,FN,-14.502215207428263,0.6904140440625365
428,1,TP,2.4388207164553775,-3.3795946918919433
429,1,TP,-0.8305564511964268,-7.228595608958856
430,1,FN,-14.502215207428263,0.6904140440625365
431,1,TP,2.4388207164553775,-3.3795946918919433
432,1,FN,7.354544333234317,-6.036010658729213
433,1,TP,2.4388207164553775,-3.3795946918919433
434,1,FN,10.037993481884818,12.388312155621785
435,1,FN,-3.8112651456217455,3.849157318905743
436,1,TP,7.857164220704382,-2.6732095396232802
437,1,TP,-0.8305564511964268,-7.228595608958856
438,1,FN,11.824665561070466,10.674907262614584
439,1,FN,-14.502215207428263,0.6904140440625365
440,1,TP,-0.8305564511964268,-7.228595608958856
441,1,FN,-14.502215207428263,0.6904140440625365
442,1,FN,-3.8112651456217455,3.849157318905743
443,1,FN,-14.502215207428263,0.6904140440625365
444,1,TP,7.354544333234317,-6.036010658729213
446,1,FN,7.354544333234317,-6.036010658729213
447,1,FN,17.7044421933021,-0.029787053860757598
448,1,TP,7.354544333234317,-6.036010658729213
449,1,TP,7.354544333234317,-6.036010658729213
450,1,TP,2.4388207164553775,-3.3795946918919433
451,1,FN,17.7044421933021,-0.029787053860757598
452,1,FN,-3.8112651456217455,3.849157318905743
453,1,TP,2.4388207164553775,-3.3795946918919433
454,1,TP,2.4388207164553775,-3.3795946918919433
455,1,TP,17.7044421933021,-0.029787053860757598
456,1,TP,2.4388207164553775,-3.3795946918919433
457,1,TP,2.4388207164553775,-3.3795946918919433
459,1,TP,7.354544333234317,-6.036010658729213
460,1,FN,-14.502215207428263,0.6904140440625365
461,1,TP,-0.8305564511964268,-7.228595608958856
463,1,FN,17.7044421933021,-0.029787053860757598
466,1,TP,7.354544333234317,-6.036010658729213
467,1,TP,7.354544333234317,-6.036010658729213
468,1,TP,2.4388207164553775,-3.3795946918919433
469,1,FN,17.7044421933021,-0.029787053860757598
470,1,FN,11.824665561070466,10.674907262614584
471,1,TP,2.4388207164553775,-3.3795946918919433
472,1,FN,10.800495039778687,11.823956523613534
473,1,TP,7.354544333234317,-6.036010658729213
474,1,TP,7.354544333234317,-6.036010658729213
475,1,FN,-5.69267377967014,5.924527996766036
476,1,FN,-5.69267377967014,5.924527996766036
477,1,FN,-5.69267377967014,5.924527996766036
478,1,TP,7.354544333234317,-6.036010658729213
479,1,FN,15.182179723490483,2.8512423539357745
480,1,TP,-0.8305564511964268,-7.228595608958856
481,1,FN,-5.69267377967014,5.924527996766036
482,1,FN,-14.502215207428263,0.6904140440625365
483,1,TP,2.4388207164553775,-3.3795946918919433
484,1,FN,17.7044421933021,-0.029787053860757598
486,1,FN,17.7044421933021,-0.029787053860757598
487,1,FN,-0.8305564511964268,-7.228595608958856
488,1,TP,7.354544333234317,-6.036010658729213
489,1,TP,2.4388207164553775,-3.3795946918919433
490,1,TP,2.4388207164553775,-3.3795946918919433
491,1,FN,-14.502215207428263,0.6904140440625365
492,1,FN,-14.502215207428263,0.6904140440625365
493,1,TP,2.4388207164553775,-3.3795946918919433
494,1,FN,17.7044421933021,-0.029787053860757598
495,1,FN,-14.502215207428263,0.6904140440625365
496,1,FN,17.7044421933021,-0.029787053860757598
497,1,TP,7.354544333234317,-6.036010658729213
499,1,FN,-5.69267377967014,5.924527996766036
500,1,TP,2.4388207164553775,-3.3795946918919433
501,1,FN,10.037993481884818,12.388312155621785
502,1,TP,7.354544333234317,-6.036010658729213
503,1,TP,17.7044421933021,-0.029787053860757598
504,1,TP,2.4388207164553775,-3.3795946918919433
505,1,FN,11.824665561070466,10.674907262614584
506,1,TP,7.354544333234317,-6.036010658729213
508,1,FN,-14.502215207428263,0.6904140440625365
509,1,FN,-14.502215207428263,0.6904140440625365
510,1,TP,7.354544333234317,-6.036010658729213
511,1,TP,7.354544333234317,-6.036010658729213
512,1,TP,2.4388207164553775,-3.3795946918919433
513,1,FN,-14.502215207428263,0.6904140440625365
514,1,FN,-14.502215207428263,0.6904140440625365
515,1,TP,7.354544333234317,-6.036010658729213
516,1,FN,7.857164220704382,-2.6732095396232802
517,1,TP,17.7044421933021,-0.029787053860757598
518,1,FN,10.800495039778687,11.823956523613534
519,1,TP,2.4388207164553775,-3.3795946918919433
520,1,TP,2.4388207164553775,-3.3795946918919433
521,1,FN,-0.8305564511964268,-7.228595608958856
522,1,TP,-0.8305564511964268,-7.228595608958856
523,1,TP,2.4388207164553775,-3.3795946918919433
524,1,TP,2.4388207164553775,-3.3795946918919433
525,1,FN,-14.502215207428263,0.6904140440625365
527,1,TP,7.354544333234317,-6.036010658729213
528,1,TP,2.4388207164553775,-3.3795946918919433
529,1,FN,7.354544333234317,-6.036010658729213
530,1,FN,10.037993481884818,12.388312155621785
531,1,FN,17.7044421933021,-0.029787053860757598
532,1,FN,11.824665561070466,10.674907262614584
533,1,TP,2.4388207164553775,-3.3795946918919433
534,1,TP,-0.8305564511964268,-7.228595608958856
535,1,TP,7.354544333234317,-6.036010658729213
536,1,TP,7.354544333234317,-6.036010658729213
537,1,TP,2.4388207164553775,-3.3795946918919433
538,1,FN,17.7044421933021,-0.029787053860757598
539,1,TP,7.354544333234317,-6.036010658729213
540,1,FN,-14.502215207428263,0.6904140440625365
541,1,FN,-5.69267377967014,5.924527996766036
542,1,TP,2.4388207164553775,-3.3795946918919433
543,1,TP,7.354544333234317,-6.036010658729213
544,1,FN,-0.8305564511964268,-7.228595608958856
545,1,TP,2.4388207164553775,-3.3795946918919433
546,1,TP,-0.8305564511964268,-7.228595608958856
547,1,TP,-0.8305564511964268,-7.228595608958856
548,1,TP,7.354544333234317,-6.036010658729213
550,1,FN,-14.502215207428263,0.6904140440625365
551,1,TP,-0.8305564511964268,-7.228595608958856
552,1,FN,10.037993481884818,12.388312155621785
553,1,FN,-5.69267377967014,5.924527996766036
554,1,FN,-0.8305564511964268,-7.228595608958856
555,1,FN,17.7044421933021,-0.029787053860757598
556,1,TP,7.354544333234317,-6.036010658729213
557,1,TP,-0.8305564511964268,-7.228595608958856
558,1,FN,10.800495039778687,11.823956523613534
559,1,TP,-0.8305564511964268,-7.228595608958856
560,1,TP,2.4388207164553775,-3.3795946918919433
561,1,TP,17.7044421933021,-0.029787053860757598
562,1,TP,2.4388207164553775,-3.3795946918919433
563,1,TP,7.857164220704382,-2.6732095396232802
564,1,TP,2.4388207164553775,-3.3795946918919433
566,1,FN,-14.502215207428263,0.6904140440625365
567,1,FN,7.354544333234317,-6.036010658729213
569,1,TP,2.4388207164553775,-3.3795946918919433
570,1,FN,11.824665561070466,10.674907262614584
571,1,FN,-14.502215207428263,0.6904140440625365
572,1,FN,-14.502215207428263,0.6904140440625365
573,1,TP,-0.8305564511964268,-7.228595608958856
574,1,TP,2.4388207164553775,-3.3795946918919433
575,1,FN,11.824665561070466,10.674907262614584
576,1,FN,7.354544333234317,-6.036010658729213
577,1,TP,7.354544333234317,-6.036010658729213
578,1,FN,-5.69267377967014,5.924527996766036
579,1,TP,2.4388207164553775,-3.3795946918919433
580,1,TP,2.4388207164553775,-3.3795946918919433
581,1,TP,17.7044421933021,-0.029787053860757598
582,1,TP,2.4388207164553775,-3.3795946918919433
583,1,TP,7.354544333234317,-6.036010658729213
584,1,FN,-5.69267377967014,5.924527996766036
585,1,FN,7.857164220704382,-2.6732095396232802
586,1,TP,-0.8305564511964268,-7.228595608958856
587,1,TP,7.354544333234317,-6.036010658729213
588,1,FN,10.037993481884818,12.388312155621785
589,1,TP,2.4388207164553775,-3.3795946918919433
590,1,FN,-5.69267377967014,5.924527996766036
591,1,FN,-5.69267377967014,5.924527996766036
592,1,FN,14.427450521400546,4.24825177945657
593,1,FN,-0.8305564511964268,-7.228595608958856
594,1,TP,7.354544333234317,-6.036010658729213
595,1,FN,14.22706976349214,4.063664791056369
596,1,FN,17.7044421933021,-0.029787053860757598
597,1,TP,7.857164220704382,-2.6732095396232802
598,1,TP,2.4388207164553775,-3.3795946918919433
599,1,FN,15.182179723490483,2.8512423539357745
600,1,FN,17.7044421933021,-0.029787053860757598
603,1,TP,2.4388207164553775,-3.3795946918919433
604,1,FN,15.182179723490483,2.8512423539357745
605,1,FN,-5.69267377967014,5.924527996766036
608,1,TP,2.4388207164553775,-3.3795946918919433
609,1,FN,17.7044421933021,-0.029787053860757598
610,1,FN,10.800495039778687,11.823956523613534
611,1,TP,7.354544333234317,-6.036010658729213
612,1,TP,7.354544333234317,-6.036010658729213
613,1,TP,7.857164220704382,-2.6732095396232802
614,1,FN,17.7044421933021,-0.029787053860757598
615,1,FN,-5.69267377967014,5.924527996766036
616,1,FN,17.7044421933021,-0.029787053860757598
618,1,TP,2.4388207164553775,-3.3795946918919433
619,1,TP,2.4388207164553775,-3.3795946918919433
621,1,FN,10.800495039778687,11.823956523613534
622,1,TP,-0.8305564511964268,-7.228595608958856
623,1,FN,10.037993481884818,12.388312155621785
624,1,FN,10.037993481884818,12.388312155621785
625,1,FN,7.354544333234317,-6.036010658729213
626,1,TP,7.354544333234317,-6.036010658729213
627,1,FN,-14.502215207428263,0.6904140440625365
628,1,FN,-14.502215207428263,0.6904140440625365
629,1,FN,7.354544333234317,-6.036010658729213
630,1,FN,17.7044421933021,-0.029787053860757598
631,1,TP,11.4764952261829,2.3997585496513083
632,1,TP,2.4388207164553775,-3.3795946918919433
633,1,TP,7.354544333234317,-6.036010658729213
634,1,TP,7.354544333234317,-6.036010658729213
635,1,FN,17.7044421933021,-0.029787053860757598
636,1,TP,7.354544333234317,-6.036010658729213
637,0,TN,-14.502215207428263,0.6904140440625365
638,0,TN,-0.8305564511964268,-7.228595608958856
639,0,TN,-14.502215207428263,0.6904140440625365
640,0,TN,-14.502215207428263,0.6904140440625365
641,0,TN,-14.502215207428263,0.6904140440625365
642,0,TN,-14.502215207428263,0.6904140440625365
643,0,TN,-14.502215207428263,0.6904140440625365
644,0,TN,-14.502215207428263,0.6904140440625365
645,0,TN,-0.8305564511964268,-7.228595608958856
646,0,TN,-14.502215207428263,0.6904140440625365
647,0,TN,-14.502215207428263,0.6904140440625365
648,0,TN,-14.502215207428263,0.6904140440625365
649,0,TN,-14.502215207428263,0.6904140440625365
650,0,TN,-14.502215207428263,0.6904140440625365
651,0,TN,17.7044421933021,-0.029787053860757598
652,0,TN,15.182179723490483,2.8512423539357745
654,0,TN,-3.8112651456217455,3.849157318905743
655,0,TN,-14.502215207428263,0.6904140440625365
656,0,FP,2.4388207164553775,-3.3795946918919433
657,0,TN,17.7044421933021,-0.029787053860757598
658,0,TN,-0.8305564511964268,-7.228595608958856
660,0,TN,-0.8305564511964268,-7.228595608958856
661,0,TN,-0.8305564511964268,-7.228595608958856
662,0,TN,-5.69267377967014,5.924527996766036
663,0,TN,-0.8305564511964268,-7.228595608958856
664,0,TN,-14.502215207428263,0.6904140440625365
665,0,TN,10.037993481884818,12.388312155621785
666,0,TN,-0.8305564511964268,-7.228595608958856
667,0,TN,11.824665561070466,10.674907262614584
668,0,TN,-14.502215207428263,0.6904140440625365
669,0,TN,-0.8305564511964268,-7.228595608958856
670,0,TN,-14.502215207428263,0.6904140440625365
671,0,TN,15.182179723490483,2.8512423539357745
672,0,TN,-14.502215207428263,0.6904140440625365
673,0,TN,-14.502215207428263,0.6904140440625365
674,0,TN,17.7044421933021,-0.029787053860757598
676,0,TN,-14.502215207428263,0.6904140440625365
677,0,TN,-14.502215207428263,0.6904140440625365
678,0,TN,-14.502215207428263,0.6904140440625365
679,0,TN,-5.69267377967014,5.924527996766036
680,0,FP,2.4388207164553775,-3.3795946918919433
681,0,TN,-0.8305564511964268,-7.228595608958856
682,0,TN,15.182179723490483,2.8512423539357745
683,0,TN,-14.502215207428263,0.6904140440625365
684,0,FP,11.4764952261829,2.3997585496513083
685,0,TN,15.182179723490483,2.8512423539357745
687,0,TN,-3.8112651456217455,3.849157318905743
688,0,TN,-14.502215207428263,0.6904140440625365
689,0,TN,15.182179723490483,2.8512423539357745
690,0,TN,-14.502215207428263,0.6904140440625365
691,0,TN,17.7044421933021,-0.029787053860757598
692,0,TN,-14.502215207428263,0.6904140440625365
693,0,TN,-14.502215207428263,0.6904140440625365
694,0,TN,-14.502215207428263,0.6904140440625365
695,0,TN,-14.502215207428263,0.6904140440625365
696,0,TN,17.7044421933021,-0.029787053860757598
697,0,TN,17.7044421933021,-0.029787053860757598
698,0,TN,-14.502215207428263,0.6904140440625365
699,0,TN,-14.502215207428263,0.6904140440625365
700,0,TN,-14.502215207428263,0.6904140440625365
702,0,TN,-5.69267377967014,5.924527996766036
703,0,TN,-14.502215207428263,0.6904140440625365
704,0,TN,-5.69267377967014,5.924527996766036
705,0,TN,-14.502215207428263,0.6904140440625365
706,0,TN,-14.502215207428263,0.6904140440625365
707,0,TN,-14.502215207428263,0.6904140440625365
708,0,TN,-14.502215207428263,0.6904140440625365
709,0,TN,-14.502215207428263,0.6904140440625365
710,0,TN,-14.502215207428263,0.6904140440625365
711,0,TN,-14.502215207428263,0.6904140440625365
712,0,TN,15.182179723490483,2.8512423539357745
713,0,TN,-5.69267377967014,5.924527996766036
714,0,TN,-14.502215207428263,0.6904140440625365
715,0,TN,-3.8112651456217455,3.849157318905743
716,0,TN,-14.502215207428263,0.6904140440625365
717,0,FP,2.4388207164553775,-3.3795946918919433
718,0,FP,2.4388207164553775,-3.3795946918919433
719,0,TN,17.7044421933021,-0.029787053860757598
720,0,TN,-5.69267377967014,5.924527996766036
721,0,TN,-0.8305564511964268,-7.228595608958856
722,0,TN,17.7044421933021,-0.029787053860757598
723,0,TN,15.182179723490483,2.8512423539357745
724,0,TN,-14.502215207428263,0.6904140440625365
725,0,TN,-14.502215207428263,0.6904140440625365
726,0,TN,-14.502215207428263,0.6904140440625365
727,0,TN,17.7044421933021,-0.029787053860757598
728,0,TN,-0.8305564511964268,-7.228595608958856
729,0,TN,-14.502215207428263,0.6904140440625365
730,0,TN,-14.502215207428263,0.6904140440625365
731,0,FP,2.4388207164553775,-3.3795946918919433
732,0,TN,17.7044421933021,-0.029787053860757598
733,0,TN,7.857164220704382,-2.6732095396232802
734,0,TN,-14.502215207428263,0.6904140440625365
735,0,TN,17.7044421933021,-0.029787053860757598
736,0,TN,17.7044421933021,-0.029787053860757598
737,0,TN,-14.502215207428263,0.6904140440625365
738,0,TN,-14.502215207428263,0.6904140440625365
739,0,TN,-0.8305564511964268,-7.228595608958856
740,0,TN,-5.69267377967014,5.924527996766036
741,0,TN,10.037993481884818,12.388312155621785
742,0,TN,-5.69267377967014,5.924527996766036
743,0,TN,-3.8112651456217455,3.849157318905743
744,0,TN,10.673877587542549,4.112655887516737
745,0,TN,7.354544333234317,-6.036010658729213
746,0,TN,-14.502215207428263,0.6904140440625365
747,0,TN,-14.502215207428263,0.6904140440625365
748,0,FP,-0.8305564511964268,-7.228595608958856
749,0,TN,17.7044421933021,-0.029787053860757598
750,0,TN,17.7044421933021,-0.029787053860757598
751,0,FP,7.354544333234317,-6.036010658729213
752,0,TN,-14.502215207428263,0.6904140440625365
753,0,TN,-14.502215207428263,0.6904140440625365
754,0,TN,-14.502215207428263,0.6904140440625365
755,0,TN,-14.502215207428263,0.6904140440625365
756,0,TN,-14.502215207428263,0.6904140440625365
757,0,TN,-14.502215207428263,0.6904140440625365
758,0,TN,-14.502215207428263,0.6904140440625365
759,0,TN,-14.502215207428263,0.6904140440625365
760,0,TN,-3.8112651456217455,3.849157318905743
761,0,TN,-5.69267377967014,5.924527996766036
762,0,TN,-14.502215207428263,0.6904140440625365
763,0,TN,-14.502215207428263,0.6904140440625365
764,0,TN,-14.502215207428263,0.6904140440625365
765,0,TN,-5.69267377967014,5.924527996766036
766,0,TN,-14.502215207428263,0.6904140440625365
767,0,TN,-14.502215207428263,0.6904140440625365
768,0,TN,-0.8305564511964268,-7.228595608958856
769,0,TN,17.7044421933021,-0.029787053860757598
770,0,TN,-14.502215207428263,0.6904140440625365
771,0,FP,2.4388207164553775,-3.3795946918919433
772,0,TN,-14.502215207428263,0.6904140440625365
773,0,TN,17.7044421933021,-0.029787053860757598
774,0,TN,11.824665561070466,10.674907262614584
775,0,TN,17.7044421933021,-0.029787053860757598
776,0,TN,17.7044421933021,-0.029787053860757598
777,0,TN,-14.502215207428263,0.6904140440625365
778,0,TN,17.7044421933021,-0.029787053860757598
779,0,TN,15.182179723490483,2.8512423539357745
780,0,TN,15.182179723490483,2.8512423539357745
781,0,TN,-14.502215207428263,0.6904140440625365
782,0,TN,17.7044421933021,-0.029787053860757598
783,0,TN,-14.502215207428263,0.6904140440625365
784,0,TN,15.182179723490483,2.8512423539357745
785,0,TN,-14.502215207428263,0.6904140440625365
786,0,TN,-14.502215207428263,0.6904140440625365
787,0,TN,-0.8305564511964268,-7.228595608958856
788,0,TN,-14.502215207428263,0.6904140440625365
789,0,TN,-3.8112651456217455,3.849157318905743
790,0,TN,11.824665561070466,10.674907262614584
791,0,TN,17.7044421933021,-0.029787053860757598
792,0,TN,-0.8305564511964268,-7.228595608958856
793,0,TN,-14.502215207428263,0.6904140440625365
794,0,TN,17.7044421933021,-0.029787053860757598
795,0,TN,11.824665561070466,10.674907262614584
796,0,TN,-14.502215207428263,0.6904140440625365
797,0,TN,-14.502215207428263,0.6904140440625365
798,0,TN,-14.502215207428263,0.6904140440625365
799,0,TN,-0.8305564511964268,-7.228595608958856
800,0,TN,-14.502215207428263,0.6904140440625365
801,0,TN,17.7044421933021,-0.029787053860757598
802,0,TN,-0.8305564511964268,-7.228595608958856
803,0,TN,-14.502215207428263,0.6904140440625365
804,0,TN,-14.502215207428263,0.6904140440625365
805,0,TN,-5.69267377967014,5.924527996766036
806,0,TN,-0.8305564511964268,-7.228595608958856
807,0,TN,17.7044421933021,-0.029787053860757598
808,0,TN,-14.502215207428263,0.6904140440625365
809,0,TN,-14.502215207428263,0.6904140440625365
810,0,TN,-0.8305564511964268,-7.228595608958856
811,0,TN,-14.502215207428263,0.6904140440625365
812,0,TN,10.037993481884818,12.388312155621785
814,0,TN,17.7044421933021,-0.029787053860757598
815,0,TN,17.7044421933021,-0.029787053860757598
816,0,TN,-5.69267377967014,5.924527996766036
817,0,TN,17.7044421933021,-0.029787053860757598
818,0,TN,-14.502215207428263,0.6904140440625365
819,0,TN,-14.502215207428263,0.6904140440625365
820,0,TN,-14.502215207428263,0.6904140440625365
821,0,TN,-0.8305564511964268,-7.228595608958856
822,0,TN,10.800495039778687,11.823956523613534
823,0,TN,-14.502215207428263,0.6904140440625365
824,0,TN,-14.502215207428263,0.6904140440625365
825,0,TN,-14.502215207428263,0.6904140440625365
826,0,TN,-14.502215207428263,0.6904140440625365
827,0,TN,17.7044421933021,-0.029787053860757598
828,0,TN,-0.8305564511964268,-7.228595608958856
829,0,TN,-14.502215207428263,0.6904140440625365
830,0,TN,17.7044421933021,-0.029787053860757598
831,0,TN,17.7044421933021,-0.029787053860757598
832,0,TN,-14.502215207428263,0.6904140440625365
833,0,TN,-14.502215207428263,0.6904140440625365
834,0,TN,-14.502215207428263,0.6904140440625365
835,0,TN,-5.69267377967014,5.924527996766036
836,0,TN,-14.502215207428263,0.6904140440625365
837,0,TN,-0.8305564511964268,-7.228595608958856
838,0,TN,15.182179723490483,2.8512423539357745
839,0,TN,7.354544333234317,-6.036010658729213
840,0,TN,-14.502215207428263,0.6904140440625365
841,0,TN,-14.502215207428263,0.6904140440625365
842,0,TN,17.7044421933021,-0.029787053860757598
843,0,TN,-14.502215207428263,0.6904140440625365
844,0,TN,-14.502215207428263,0.6904140440625365
845,0,TN,-14.502215207428263,0.6904140440625365
846,0,TN,15.182179723490483,2.8512423539357745
847,0,FP,2.4388207164553775,-3.3795946918919433
848,0,TN,-14.502215207428263,0.6904140440625365
849,0,TN,-3.8112651456217455,3.849157318905743
850,0,TN,-0.8305564511964268,-7.228595608958856
851,0,FP,7.857164220704382,-2.6732095396232802
852,0,TN,-0.8305564511964268,-7.228595608958856
853,0,TN,-14.502215207428263,0.6904140440625365
854,0,TN,10.800495039778687,11.823956523613534
855,0,TN,17.7044421933021,-0.029787053860757598
856,0,TN,-14.502215207428263,0.6904140440625365
857,0,TN,7.354544333234317,-6.036010658729213
858,0,TN,-14.502215207428263,0.6904140440625365
859,0,TN,-14.502215207428263,0.6904140440625365
860,0,TN,17.7044421933021,-0.029787053860757598
861,0,TN,-14.502215207428263,0.6904140440625365
862,0,TN,-14.502215207428263,0.6904140440625365
863,0,TN,17.7044421933021,-0.029787053860757598
864,0,TN,-14.502215207428263,0.6904140440625365
865,0,TN,-14.502215207428263,0.6904140440625365
866,0,FP,2.4388207164553775,-3.3795946918919433
867,0,TN,-0.8305564511964268,-7.228595608958856
868,0,TN,17.7044421933021,-0.029787053860757598
869,0,TN,-14.502215207428263,0.6904140440625365
870,0,TN,7.354544333234317,-6.036010658729213
871,0,FP,17.7044421933021,-0.029787053860757598
872,0,TN,17.7044421933021,-0.029787053860757598
873,0,TN,17.7044421933021,-0.029787053860757598
874,0,TN,-14.502215207428263,0.6904140440625365
875,0,TN,-14.502215207428263,0.6904140440625365
876,0,TN,-14.502215207428263,0.6904140440625365
877,0,FP,2.4388207164553775,-3.3795946918919433
878,0,TN,-3.8112651456217455,3.849157318905743
879,0,TN,11.824665561070466,10.674907262614584
880,0,TN,-14.502215207428263,0.6904140440625365
881,0,TN,17.7044421933021,-0.029787053860757598
882,0,TN,-14.502215207428263,0.6904140440625365
883,0,TN,-0.8305564511964268,-7.228595608958856
884,0,TN,-14.502215207428263,0.6904140440625365
885,0,TN,7.354544333234317,-6.036010658729213
886,0,TN,-0.8305564511964268,-7.228595608958856
887,0,TN,-5.69267377967014,5.924527996766036
888,0,TN,15.182179723490483,2.8512423539357745
889,0,TN,15.182179723490483,2.8512423539357745
890,0,TN,-0.8305564511964268,-7.228595608958856
891,0,TN,-14.502215207428263,0.6904140440625365
892,0,TN,-14.502215207428263,0.6904140440625365
893,0,TN,-14.502215207428263,0.6904140440625365
894,0,TN,-14.502215207428263,0.6904140440625365
895,0,TN,-14.502215207428263,0.6904140440625365
896,0,TN,-14.502215207428263,0.6904140440625365
897,0,TN,11.824665561070466,10.674907262614584
898,0,TN,-14.502215207428263,0.6904140440625365
899,0,TN,-14.502215207428263,0.6904140440625365
900,0,TN,-0.8305564511964268,-7.228595608958856
901,0,TN,-0.8305564511964268,-7.228595608958856
902,0,TN,-14.502215207428263,0.6904140440625365
903,0,TN,-0.8305564511964268,-7.228595608958856
904,0,TN,11.824665561070466,10.674907262614584
905,0,FP,2.4388207164553775,-3.3795946918919433
906,0,TN,-14.502215207428263,0.6904140440625365
907,0,TN,-14.502215207428263,0.6904140440625365
908,0,TN,-14.502215207428263,0.6904140440625365
909,0,TN,15.182179723490483,2.8512423539357745
910,0,TN,-14.502215207428263,0.6904140440625365
911,0,TN,-14.502215207428263,0.6904140440625365
912,0,TN,-0.8305564511964268,-7.228595608958856
913,0,TN,-14.502215207428263,0.6904140440625365
914,0,TN,-14.502215207428263,0.6904140440625365
915,0,TN,-14.502215207428263,0.6904140440625365
916,0,TN,-14.502215207428263,0.6904140440625365
917,0,TN,-0.8305564511964268,-7.228595608958856
918,0,TN,15.182179723490483,2.8512423539357745
919,0,TN,-14.502215207428263,0.6904140440625365
920,0,FP,7.354544333234317,-6.036010658729213
921,0,FP,7.354544333234317,-6.036010658729213
922,0,TN,17.7044421933021,-0.029787053860757598
923,0,TN,17.7044421933021,-0.029787053860757598
924,0,TN,-14.502215207428263,0.6904140440625365
925,0,TN,-14.502215207428263,0.6904140440625365
927,0,TN,17.7044421933021,-0.029787053860757598
928,0,TN,17.7044421933021,-0.029787053860757598
929,0,TN,17.7044421933021,-0.029787053860757598
930,0,TN,-14.502215207428263,0.6904140440625365
931,0,FP,2.4388207164553775,-3.3795946918919433
932,0,TN,-14.502215207428263,0.6904140440625365
933,0,TN,-5.69267377967014,5.924527996766036
934,0,TN,-0.8305564511964268,-7.228595608958856
935,0,TN,-14.502215207428263,0.6904140440625365
936,0,TN,10.800495039778687,11.823956523613534
937,0,FP,2.4388207164553775,-3.3795946918919433
938,0,TN,-14.502215207428263,0.6904140440625365
939,0,TN,-14.502215207428263,0.6904140440625365
940,0,TN,17.7044421933021,-0.029787053860757598
941,0,TN,10.673877587542549,4.112655887516737
942,0,TN,-14.502215207428263,0.6904140440625365
943,0,TN,-14.502215207428263,0.6904140440625365
944,0,TN,-14.502215207428263,0.6904140440625365
945,0,TN,-14.502215207428263,0.6904140440625365
946,0,TN,-5.69267377967014,5.924527996766036
947,0,TN,-14.502215207428263,0.6904140440625365
948,0,TN,-14.502215207428263,0.6904140440625365
949,0,TN,-0.8305564511964268,-7.228595608958856
950,0,TN,17.7044421933021,-0.029787053860757598
951,0,TN,-14.502215207428263,0.6904140440625365
952,0,TN,17.7044421933021,-0.029787053860757598
953,0,TN,17.7044421933021,-0.029787053860757598
954,0,TN,-0.8305564511964268,-7.228595608958856
955,0,TN,-14.502215207428263,0.6904140440625365
956,0,TN,-14.502215207428263,0.6904140440625365
957,0,TN,-14.502215207428263,0.6904140440625365
958,0,TN,-14.502215207428263,0.6904140440625365
959,0,TN,17.7044421933021,-0.029787053860757598
960,0,FP,2.4388207164553775,-3.3795946918919433
961,0,TN,-5.69267377967014,5.924527996766036
962,0,TN,17.7044421933021,-0.029787053860757598
964,0,TN,-0.8305564511964268,-7.228595608958856
965,0,TN,17.7044421933021,-0.029787053860757598
966,0,FP,7.354544333234317,-6.036010658729213
967,0,TN,-0.8305564511964268,-7.228595608958856
968,0,TN,-14.502215207428263,0.6904140440625365
969,0,TN,-14.502215207428263,0.6904140440625365
970,0,TN,-14.502215207428263,0.6904140440625365
971,0,TN,10.037993481884818,12.388312155621785
972,0,TN,17.7044421933021,-0.029787053860757598
973,0,TN,-0.8305564511964268,-7.228595608958856
974,0,TN,-4.301724554503789,5.584438875423292
976,0,TN,-0.8305564511964268,-7.228595608958856
977,0,TN,-14.502215207428263,0.6904140440625365
978,0,TN,-0.8305564511964268,-7.228595608958856
979,0,TN,-14.502215207428263,0.6904140440625365
980,0,TN,-14.502215207428263,0.6904140440625365
981,0,TN,-0.8305564511964268,-7.228595608958856
982,0,TN,-14.502215207428263,0.6904140440625365
983,0,TN,-14.502215207428263,0.6904140440625365
985,0,TN,-14.502215207428263,0.6904140440625365
987,0,TN,17.7044421933021,-0.029787053860757598
988,0,TN,-14.502215207428263,0.6904140440625365
989,0,TN,17.7044421933021,-0.029787053860757598
990,0,TN,-14.502215207428263,0.6904140440625365
991,0,TN,17.7044421933021,-0.029787053860757598
992,0,TN,17.7044421933021,-0.029787053860757598
993,0,FP,-0.8305564511964268,-7.228595608958856
994,0,TN,15.182179723490483,2.8512423539357745
996,0,TN,10.037993481884818,12.388312155621785
997,0,TN,-14.502215207428263,0.6904140440625365
998,0,TN,-5.69267377967014,5.924527996766036
999,0,TN,10.800495039778687,11.823956523613534
1000,0,TN,17.7044421933021,-0.029787053860757598
1001,0,TN,-14.502215207428263,0.6904140440625365
1003,0,TN,11.824665561070466,10.674907262614584
1004,0,TN,-14.502215207428263,0.6904140440625365
1006,0,TN,-14.502215207428263,0.6904140440625365
1007,0,TN,-14.502215207428263,0.6904140440625365
1008,0,TN,-5.69267377967014,5.924527996766036
1009,0,TN,10.800495039778687,11.823956523613534
1010,0,TN,-5.69267377967014,5.924527996766036
1011,0,TN,17.7044421933021,-0.029787053860757598
1013,0,TN,-14.502215207428263,0.6904140440625365
1014,0,FP,2.4388207164553775,-3.3795946918919433
1015,0,TN,7.354544333234317,-6.036010658729213
1016,0,TN,-5.69267377967014,5.924527996766036
1017,0,TN,17.7044421933021,-0.029787053860757598
1018,0,TN,17.7044421933021,-0.029787053860757598
1019,0,TN,11.824665561070466,10.674907262614584
1020,0,TN,-14.502215207428263,0.6904140440625365
1021,0,TN,-14.502215207428263,0.6904140440625365
1022,0,TN,-14.502215207428263,0.6904140440625365
1023,0,TN,-14.502215207428263,0.6904140440625365
1024,0,TN,-0.8305564511964268,-7.228595608958856
1025,0,TN,-0.8305564511964268,-7.228595608958856
1026,0,TN,11.824665561070466,10.674907262614584
1027,0,TN,11.824665561070466,10.674907262614584
1028,0,TN,7.354544333234317,-6.036010658729213
1029,0,TN,17.7044421933021,-0.029787053860757598
1030,0,TN,17.7044421933021,-0.029787053860757598
1031,0,FP,7.354544333234317,-6.036010658729213
1032,0,TN,-14.502215207428263,0.6904140440625365
1033,0,TN,17.7044421933021,-0.029787053860757598
1034,0,TN,10.800495039778687,11.823956523613534
1035,0,TN,-14.502215207428263,0.6904140440625365
1036,0,TN,17.7044421933021,-0.029787053860757598
1037,0,TN,-14.502215207428263,0.6904140440625365
1038,0,TN,-14.502215207428263,0.6904140440625365
1040,0,TN,-14.502215207428263,0.6904140440625365
1041,0,TN,-14.502215207428263,0.6904140440625365
1043,0,TN,17.7044421933021,-0.029787053860757598
1044,0,FP,7.354544333234317,-6.036010658729213
1045,0,TN,17.7044421933021,-0.029787053860757598
1046,0,TN,11.824665561070466,10.674907262614584
1047,0,TN,17.7044421933021,-0.029787053860757598
1048,0,FP,7.354544333234317,-6.036010658729213
1049,0,TN,-14.502215207428263,0.6904140440625365
1050,0,TN,17.7044421933021,-0.029787053860757598
1051,0,TN,-14.502215207428263,0.6904140440625365
1052,0,TN,-3.8112651456217455,3.849157318905743
1053,0,TN,-14.502215207428263,0.6904140440625365
1054,0,TN,-14.502215207428263,0.6904140440625365
1055,0,FP,2.4388207164553775,-3.3795946918919433
1056,0,TN,11.824665561070466,10.674907262614584
1057,0,TN,-14.502215207428263,0.6904140440625365
1058,0,TN,17.7044421933021,-0.029787053860757598
1059,0,TN,-0.8305564511964268,-7.228595608958856
1060,0,TN,-14.502215207428263,0.6904140440625365
1061,0,TN,-0.8305564511964268,-7.228595608958856
1062,0,TN,-5.69267377967014,5.924527996766036
1064,0,TN,7.354544333234317,-6.036010658729213
1065,0,TN,17.7044421933021,-0.029787053860757598
1066,0,TN,11.824665561070466,10.674907262614584
1067,0,TN,-14.502215207428263,0.6904140440625365
1068,0,TN,-14.502215207428263,0.6904140440625365
1069,0,TN,-14.502215207428263,0.6904140440625365
1070,0,TN,-0.8305564511964268,-7.228595608958856
1071,0,TN,17.7044421933021,-0.029787053860757598
1072,0,TN,-14.502215207428263,0.6904140440625365
1073,0,TN,17.7044421933021,-0.029787053860757598
1074,0,TN,17.7044421933021,-0.029787053860757598
1075,0,TN,-14.502215207428263,0.6904140440625365
1076,0,TN,-14.502215207428263,0.6904140440625365
1077,0,FP,2.4388207164553775,-3.3795946918919433
1078,0,TN,-0.8305564511964268,-7.228595608958856
1079,0,TN,-14.502215207428263,0.6904140440625365
1080,0,TN,7.354544333234317,-6.036010658729213
1081,0,TN,-3.8112651456217455,3.849157318905743
1082,0,TN,17.7044421933021,-0.029787053860757598
1083,0,TN,-14.502215207428263,0.6904140440625365
1084,0,TN,-14.502215207428263,0.6904140440625365
1086,0,TN,-5.69267377967014,5.924527996766036
1087,0,TN,-14.502215207428263,0.6904140440625365
1088,0,TN,-14.502215207428263,0.6904140440625365
1089,0,TN,-14.502215207428263,0.6904140440625365
1090,0,TN,-14.502215207428263,0.6904140440625365
1091,0,TN,-14.502215207428263,0.6904140440625365
1092,0,TN,-14.502215207428263,0.6904140440625365
1093,0,TN,-0.8305564511964268,-7.228595608958856
1095,0,TN,17.7044421933021,-0.029787053860757598
1096,0,TN,-5.69267377967014,5.924527996766036
1097,0,TN,-3.8112651456217455,3.849157318905743
1098,0,TN,-14.502215207428263,0.6904140440625365
1099,0,TN,-14.502215207428263,0.6904140440625365
1100,0,TN,17.7044421933021,-0.029787053860757598
1101,0,TN,-14.502215207428263,0.6904140440625365
1102,0,TN,-5.69267377967014,5.924527996766036
1103,0,TN,-14.502215207428263,0.6904140440625365
1104,0,TN,-14.502215207428263,0.6904140440625365
1105,0,TN,10.037993481884818,12.388312155621785
1106,0,TN,-14.502215207428263,0.6904140440625365
1107,0,TN,-14.502215207428263,0.6904140440625365
1108,0,TN,17.7044421933021,-0.029787053860757598
1109,0,TN,17.7044421933021,-0.029787053860757598
1110,0,TN,-14.502215207428263,0.6904140440625365
1111,0,TN,-14.502215207428263,0.6904140440625365
1112,0,TN,11.016892953619433,11.503688704426626
1113,0,TN,-14.502215207428263,0.6904140440625365
1114,0,TN,15.182179723490483,2.8512423539357745
1115,0,TN,17.7044421933021,-0.029787053860757598
1116,0,TN,-0.8305564511964268,-7.228595608958856
1117,0,TN,-14.502215207428263,0.6904140440625365
1118,0,TN,-14.502215207428263,0.6904140440625365
1119,0,TN,-14.502215207428263,0.6904140440625365
1121,0,TN,-14.502215207428263,0.6904140440625365
1122,0,TN,15.182179723490483,2.8512423539357745
1123,0,TN,-5.69267377967014,5.924527996766036
1125,0,TN,-14.502215207428263,0.6904140440625365
1126,0,TN,-3.8112651456217455,3.849157318905743
1127,0,TN,7.354544333234317,-6.036010658729213
1128,0,TN,-14.502215207428263,0.6904140440625365
1129,0,TN,-5.69267377967014,5.924527996766036
1131,0,TN,17.7044421933021,-0.029787053860757598
1132,0,TN,10.037993481884818,12.388312155621785
1133,0,TN,-14.502215207428263,0.6904140440625365
1134,0,TN,-14.502215207428263,0.6904140440625365
1135,0,TN,-14.502215207428263,0.6904140440625365
1136,0,TN,17.7044421933021,-0.029787053860757598
1137,0,TN,-14.502215207428263,0.6904140440625365
1138,0,TN,-14.502215207428263,0.6904140440625365
1139,0,TN,-3.8112651456217455,3.849157318905743
1140,0,TN,-5.69267377967014,5.924527996766036
1141,0,TN,17.7044421933021,-0.029787053860757598
1142,0,TN,-14.502215207428263,0.6904140440625365
1143,0,TN,-14.502215207428263,0.6904140440625365
1144,0,TN,-14.502215207428263,0.6904140440625365
1145,0,TN,-14.502215207428263,0.6904140440625365
1146,0,TN,-14.502215207428263,0.6904140440625365
1147,0,TN,-14.502215207428263,0.6904140440625365
1148,0,TN,-14.502215207428263,0.6904140440625365
1149,0,TN,10.800495039778687,11.823956523613534
1150,0,TN,17.7044421933021,-0.029787053860757598
1151,0,TN,-5.69267377967014,5.924527996766036
1152,0,TN,-14.502215207428263,0.6904140440625365
1153,0,TN,17.7044421933021,-0.029787053860757598
1154,0,TN,-14.502215207428263,0.6904140440625365
1155,0,TN,-14.502215207428263,0.6904140440625365
1156,0,TN,-5.69267377967014,5.924527996766036
1157,0,TN,-14.502215207428263,0.6904140440625365
1158,0,TN,-14.502215207428263,0.6904140440625365
1159,0,TN,17.7044421933021,-0.029787053860757598
1160,0,TN,7.354544333234317,-6.036010658729213
1161,0,TN,15.182179723490483,2.8512423539357745
1162,0,TN,-5.69267377967014,5.924527996766036
1163,0,TN,17.7044421933021,-0.029787053860757598
1165,0,TN,-14.502215207428263,0.6904140440625365
1166,0,TN,7.354544333234317,-6.036010658729213
1167,0,TN,-14.502215207428263,0.6904140440625365
1168,0,TN,-14.502215207428263,0.6904140440625365
1169,0,TN,-14.502215207428263,0.6904140440625365
1170,0,TN,17.7044421933021,-0.029787053860757598
1171,0,TN,-14.502215207428263,0.6904140440625365
1172,0,TN,7.354544333234317,-6.036010658729213
1173,0,TN,-14.502215207428263,0.6904140440625365
1174,0,TN,-14.502215207428263,0.6904140440625365
1175,0,TN,10.800495039778687,11.823956523613534
1176,0,TN,-3.8112651456217455,3.849157318905743
1177,0,TN,-0.8305564511964268,-7.228595608958856
1178,0,TN,-14.502215207428263,0.6904140440625365
1179,0,TN,-14.502215207428263,0.6904140440625365
1180,0,TN,-14.502215207428263,0.6904140440625365
1181,0,TN,-14.502215207428263,0.6904140440625365
1182,0,TN,17.7044421933021,-0.029787053860757598
1183,0,TN,-0.8305564511964268,-7.228595608958856
1184,0,TN,10.037993481884818,12.388312155621785
1185,0,TN,-14.502215207428263,0.6904140440625365
1186,0,TN,-14.502215207428263,0.6904140440625365
1187,0,TN,-14.502215207428263,0.6904140440625365
1188,0,TN,-14.502215207428263,0.6904140440625365
1190,0,TN,-14.502215207428263,0.6904140440625365
1191,0,TN,17.7044421933021,-0.029787053860757598
1192,0,TN,17.7044421933021,-0.029787053860757598
1193,0,TN,-14.502215207428263,0.6904140440625365
1194,0,FP,2.4388207164553775,-3.3795946918919433
1195,0,TN,17.7044421933021,-0.029787053860757598
1196,0,TN,-5.69267377967014,5.924527996766036
1197,0,TN,-14.502215207428263,0.6904140440625365
1198,0,TN,-0.8305564511964268,-7.228595608958856
1199,0,TN,-14.502215207428263,0.6904140440625365
1200,0,FP,2.4388207164553775,-3.3795946918919433
1201,0,TN,-14.502215207428263,0.6904140440625365
1202,0,TN,-0.8305564511964268,-7.228595608958856
1203,0,FP,7.354544333234317,-6.036010658729213
1204,0,TN,-14.502215207428263,0.6904140440625365
1205,0,TN,-14.502215207428263,0.6904140440625365
1206,0,TN,-14.502215207428263,0.6904140440625365
1207,0,TN,-5.69267377967014,5.924527996766036
1208,0,TN,-14.502215207428263,0.6904140440625365
1209,0,TN,-3.8112651456217455,3.849157318905743
1210,0,TN,-14.502215207428263,0.6904140440625365
1211,0,FP,7.857164220704382,-2.6732095396232802
1212,0,TN,-14.502215207428263,0.6904140440625365
1213,0,TN,17.7044421933021,-0.029787053860757598
1214,0,FP,2.4388207164553775,-3.3795946918919433
1215,0,TN,-5.69267377967014,5.924527996766036
1216,0,TN,-14.502215207428263,0.6904140440625365
1218,0,TN,-14.502215207428263,0.6904140440625365
1219,0,TN,17.7044421933021,-0.029787053860757598
1220,0,TN,-14.502215207428263,0.6904140440625365
1221,0,TN,17.7044421933021,-0.029787053860757598
1222,0,FP,2.4388207164553775,-3.3795946918919433
1223,0,TN,-0.8305564511964268,-7.228595608958856
1224,0,TN,17.7044421933021,-0.029787053860757598
1225,0,TN,17.7044421933021,-0.029787053860757598
1226,0,TN,17.7044421933021,-0.029787053860757598
1227,0,TN,17.7044421933021,-0.029787053860757598
1228,0,TN,-0.8305564511964268,-7.228595608958856
1229,0,TN,17.7044421933021,-0.029787053860757598
1230,0,TN,17.7044421933021,-0.029787053860757598
1232,0,TN,11.824665561070466,10.674907262614584
1233,0,TN,10.037993481884818,12.388312155621785
1234,0,TN,15.182179723490483,2.8512423539357745
1235,0,TN,10.673877587542549,4.112655887516737
1236,0,TN,-5.69267377967014,5.924527996766036
1237,0,TN,17.7044421933021,-0.029787053860757598
1238,0,TN,-14.502215207428263,0.6904140440625365
1239,0,TN,-14.502215207428263,0.6904140440625365
1240,0,TN,-14.502215207428263,0.6904140440625365
1241,0,TN,-14.502215207428263,0.6904140440625365
1242,0,TN,-14.502215207428263,0.6904140440625365
1243,0,TN,-14.502215207428263,0.6904140440625365
1244,0,TN,14.427450521400546,4.24825177945657
1245,0,TN,-5.69267377967014,5.924527996766036
1246,0,TN,-14.502215207428263,0.6904140440625365
1247,0,TN,17.7044421933021,-0.029787053860757598
1248,0,TN,17.7044421933021,-0.029787053860757598
1249,0,TN,17.7044421933021,-0.029787053860757598
1250,0,TN,17.7044421933021,-0.029787053860757598
1251,0,FP,-0.8305564511964268,-7.228595608958856
1252,0,TN,-14.502215207428263,0.6904140440625365
1254,0,TN,17.7044421933021,-0.029787053860757598
1255,0,TN,-14.502215207428263,0.6904140440625365
1256,0,TN,17.7044421933021,-0.029787053860757598
1257,0,TN,-5.69267377967014,5.924527996766036
1258,0,FP,2.4388207164553775,-3.3795946918919433
1259,0,TN,-14.502215207428263,0.6904140440625365
1260,0,FP,7.354544333234317,-6.036010658729213
1261,0,TN,17.7044421933021,-0.029787053860757598
1262,0,TN,-14.502215207428263,0.6904140440625365
1263,0,TN,-14.502215207428263,0.6904140440625365
1264,0,TN,-14.502215207428263,0.6904140440625365
1265,0,TN,17.7044421933021,-0.029787053860757598
1266,0,TN,17.7044421933021,-0.029787053860757598
1267,0,TN,17.7044421933021,-0.029787053860757598
1268,0,TN,17.7044421933021,-0.029787053860757598
1269,0,TN,-14.502215207428263,0.6904140440625365
1270,0,TN,17.7044421933021,-0.029787053860757598
1271,0,TN,-14.502215207428263,0.6904140440625365
1272,0,TN,-14.502215207428263,0.6904140440625365
1273,0,TN,7.354544333234317,-6.036010658729213
1274,0,TN,11.824665561070466,10.674907262614584
1276,0,TN,-14.502215207428263,0.6904140440625365
1277,0,TN,-0.8305564511964268,-7.228595608958856
1278,0,FP,2.4388207164553775,-3.3795946918919433
1279,0,TN,-14.502215207428263,0.6904140440625365
1280,0,TN,-14.502215207428263,0.6904140440625365
1281,0,TN,17.7044421933021,-0.029787053860757598
1282,0,TN,-3.8112651456217455,3.849157318905743
1283,0,TN,17.7044421933021,-0.029787053860757598
1284,0,TN,-14.502215207428263,0.6904140440625365
1285,0,TN,-0.8305564511964268,-7.228595608958856
1286,0,FP,2.4388207164553775,-3.3795946918919433
1287,0,TN,-14.502215207428263,0.6904140440625365
1288,0,TN,17.7044421933021,-0.029787053860757598
1289,0,TN,17.7044421933021,-0.029787053860757598
1290,0,TN,11.824665561070466,10.674907262614584
1291,0,TN,-14.502215207428263,0.6904140440625365
1292,0,TN,-5.69267377967014,5.924527996766036
1293,0,TN,17.7044421933021,-0.029787053860757598
1294,0,TN,-5.69267377967014,5.924527996766036
1295,0,TN,-0.8305564511964268,-7.228595608958856
1296,0,TN,17.7044421933021,-0.029787053860757598
1297,0,TN,-14.502215207428263,0.6904140440625365
1298,0,TN,-14.502215207428263,0.6904140440625365
1299,0,TN,17.7044421933021,-0.029787053860757598
1300,0,TN,17.7044421933021,-0.029787053860757598
1301,0,TN,15.182179723490483,2.8512423539357745
1302,0,TN,-0.8305564511964268,-7.228595608958856
1303,0,TN,17.7044421933021,-0.029787053860757598
1304,0,TN,-14.502215207428263,0.6904140440625365
1305,0,TN,10.800495039778687,11.823956523613534
1306,0,TN,-14.502215207428263,0.6904140440625365
1307,0,FP,2.4388207164553775,-3.3795946918919433
1308,0,TN,-0.8305564511964268,-7.228595608958856
1309,0,TN,17.7044421933021,-0.029787053860757598
1310,0,TN,17.7044421933021,-0.029787053860757598
1311,0,TN,-14.502215207428263,0.6904140440625365
1312,0,TN,-14.502215207428263,0.6904140440625365
1313,0,TN,-14.502215207428263,0.6904140440625365
1314,0,FP,2.4388207164553775,-3.3795946918919433
1315,0,TN,15.182179723490483,2.8512423539357745
1317,0,TN,-14.502215207428263,0.6904140440625365
1318,0,TN,-14.502215207428263,0.6904140440625365
1320,0,TN,-14.502215207428263,0.6904140440625365
1321,0,TN,-14.502215207428263,0.6904140440625365
1322,0,TN,17.7044421933021,-0.029787053860757598
1323,0,TN,-14.502215207428263,0.6904140440625365
1324,0,TN,-3.8112651456217455,3.849157318905743
1325,0,TN,-5.69267377967014,5.924527996766036
1326,0,TN,-14.502215207428263,0.6904140440625365
1327,0,TN,-14.502215207428263,0.6904140440625365
1328,0,TN,-14.502215207428263,0.6904140440625365
1329,0,TN,17.7044421933021,-0.029787053860757598
1330,0,TN,-0.8305564511964268,-7.228595608958856
1331,0,TN,-14.502215207428263,0.6904140440625365
1332,0,TN,14.427450521400546,4.24825177945657
1333,0,FP,17.7044421933021,-0.029787053860757598
1334,0,TN,11.824665561070466,10.674907262614584
1335,0,TN,-14.502215207428263,0.6904140440625365
1336,0,TN,-0.8305564511964268,-7.228595608958856
1337,0,TN,-14.502215207428263,0.6904140440625365
1338,0,TN,14.427450521400546,4.24825177945657
1339,0,TN,-14.502215207428263,0.6904140440625365
1340,0,TN,-14.502215207428263,0.6904140440625365
1341,0,TN,17.7044421933021,-0.029787053860757598
1342,0,TN,-14.502215207428263,0.6904140440625365
1343,0,TN,-0.8305564511964268,-7.228595608958856
1344,0,TN,-14.502215207428263,0.6904140440625365
1345,0,TN,11.824665561070466,10.674907262614584
1346,0,TN,-14.502215207428263,0.6904140440625365
1347,0,TN,17.7044421933021,-0.029787053860757598
1348,0,TN,-14.502215207428263,0.6904140440625365
1350,0,FP,2.4388207164553775,-3.3795946918919433
1351,0,TN,-14.502215207428263,0.6904140440625365
1352,0,TN,-5.69267377967014,5.924527996766036
1353,0,TN,-14.502215207428263,0.6904140440625365
1354,0,TN,-0.8305564511964268,-7.228595608958856
1355,0,TN,17.7044421933021,-0.029787053860757598
1356,0,TN,-14.502215207428263,0.6904140440625365
1357,0,TN,-14.502215207428263,0.6904140440625365
1358,0,TN,-14.502215207428263,0.6904140440625365
1359,0,TN,-3.8112651456217455,3.849157318905743
1360,0,TN,7.354544333234317,-6.036010658729213
1361,0,TN,-14.502215207428263,0.6904140440625365
1362,0,FP,2.4388207164553775,-3.3795946918919433
1363,0,TN,11.016892953619433,11.503688704426626
1364,0,TN,-14.502215207428263,0.6904140440625365
1365,0,TN,-14.502215207428263,0.6904140440625365
1367,0,TN,-5.69267377967014,5.924527996766036
1369,0,TN,-14.502215207428263,0.6904140440625365
1370,0,TN,-5.69267377967014,5.924527996766036
1371,0,TN,10.800495039778687,11.823956523613534
1372,0,TN,17.7044421933021,-0.029787053860757598
1373,0,TN,-3.8112651456217455,3.849157318905743
1374,0,TN,-14.502215207428263,0.6904140440625365
1375,0,TN,-14.502215207428263,0.6904140440625365
1376,0,FP,7.354544333234317,-6.036010658729213
1377,0,TN,-14.502215207428263,0.6904140440625365
1378,0,TN,-14.502215207428263,0.6904140440625365
1379,0,TN,-14.502215207428263,0.6904140440625365
1380,0,TN,-14.502215207428263,0.6904140440625365
1381,0,TN,-14.502215207428263,0.6904140440625365
1382,0,TN,11.824665561070466,10.674907262614584
1383,0,TN,17.7044421933021,-0.029787053860757598
1384,0,TN,-14.502215207428263,0.6904140440625365
1385,0,TN,-14.502215207428263,0.6904140440625365
1386,0,TN,-14.502215207428263,0.6904140440625365
1387,0,TN,-14.502215207428263,0.6904140440625365
1388,0,TN,17.7044421933021,-0.029787053860757598
1389,0,TN,-14.502215207428263,0.6904140440625365
1390,0,TN,-14.502215207428263,0.6904140440625365
1391,0,TN,-14.502215207428263,0.6904140440625365
1392,0,TN,-14.502215207428263,0.6904140440625365
1393,0,TN,-14.502215207428263,0.6904140440625365
1394,0,TN,17.7044421933021,-0.029787053860757598
1395,0,TN,11.824665561070466,10.674907262614584
1396,0,TN,-0.8305564511964268,-7.228595608958856
1397,0,TN,10.037993481884818,12.388312155621785
1398,0,FP,2.4388207164553775,-3.3795946918919433
1399,0,TN,-14.502215207428263,0.6904140440625365
1400,0,TN,-14.502215207428263,0.6904140440625365
1401,0,TN,-5.69267377967014,5.924527996766036
1402,0,TN,15.182179723490483,2.8512423539357745
1403,0,TN,-14.502215207428263,0.6904140440625365
1404,0,TN,-0.8305564511964268,-7.228595608958856
1405,0,TN,-14.502215207428263,0.6904140440625365
1406,0,TN,-14.502215207428263,0.6904140440625365
1407,0,TN,17.7044421933021,-0.029787053860757598
1408,0,TN,-0.8305564511964268,-7.228595608958856
1409,0,TN,10.800495039778687,11.823956523613534
1410,0,TN,-14.502215207428263,0.6904140440625365
1411,0,TN,-14.502215207428263,0.6904140440625365
1412,0,TN,-0.8305564511964268,-7.228595608958856
1413,0,FP,7.354544333234317,-6.036010658729213
1414,0,TN,-14.502215207428263,0.6904140440625365
1415,0,TN,-14.502215207428263,0.6904140440625365
1416,0,TN,-14.502215207428263,0.6904140440625365
1417,0,TN,-0.8305564511964268,-7.228595608958856
1418,0,TN,-5.69267377967014,5.924527996766036
1420,0,TN,-14.502215207428263,0.6904140440625365
1421,0,TN,10.037993481884818,12.388312155621785
1422,0,TN,-14.502215207428263,0.6904140440625365
1423,0,FP,2.4388207164553775,-3.3795946918919433
1424,0,TN,17.7044421933021,-0.029787053860757598
1425,0,TN,-14.502215207428263,0.6904140440625365
1426,0,TN,-14.502215207428263,0.6904140440625365
1427,0,TN,-14.502215207428263,0.6904140440625365
1428,0,TN,15.182179723490483,2.8512423539357745
1429,0,TN,-14.502215207428263,0.6904140440625365
1430,0,TN,-14.502215207428263,0.6904140440625365
1431,0,TN,-14.502215207428263,0.6904140440625365
1432,0,TN,17.7044421933021,-0.029787053860757598
1433,0,TN,7.354544333234317,-6.036010658729213
1434,0,TN,-14.502215207428263,0.6904140440625365
1435,0,TN,-14.502215207428263,0.6904140440625365
1436,0,TN,11.824665561070466,10.674907262614584
1437,0,TN,-14.502215207428263,0.6904140440625365
1438,0,TN,-14.502215207428263,0.6904140440625365
1439,0,TN,7.354544333234317,-6.036010658729213
1440,0,TN,-14.502215207428263,0.6904140440625365
1441,0,TN,-14.502215207428263,0.6904140440625365
1442,0,TN,17.7044421933021,-0.029787053860757598
1443,0,TN,-14.502215207428263,0.6904140440625365
1444,0,TN,17.7044421933021,-0.029787053860757598
1445,0,TN,-14.502215207428263,0.6904140440625365
1446,0,TN,-14.502215207428263,0.6904140440625365
1447,0,TN,-0.8305564511964268,-7.228595608958856
1448,0,TN,-0.8305564511964268,-7.228595608958856
1449,0,TN,11.824665561070466,10.674907262614584
1451,0,TN,11.824665561070466,10.674907262614584
1452,0,TN,-14.502215207428263,0.6904140440625365
1453,0,TN,-14.502215207428263,0.6904140440625365
1454,0,FP,2.4388207164553775,-3.3795946918919433
1455,0,TN,17.7044421933021,-0.029787053860757598
1456,0,TN,-3.8112651456217455,3.849157318905743
1457,0,TN,7.354544333234317,-6.036010658729213
1459,0,FP,2.4388207164553775,-3.3795946918919433
1460,0,TN,-14.502215207428263,0.6904140440625365
1461,0,TN,-0.8305564511964268,-7.228595608958856
1462,0,TN,11.824665561070466,10.674907262614584
1463,0,TN,14.427450521400546,4.24825177945657
1464,0,TN,-5.69267377967014,5.924527996766036
1465,0,TN,-14.502215207428263,0.6904140440625365
1466,0,TN,-14.502215207428263,0.6904140440625365
1467,0,TN,-5.69267377967014,5.924527996766036
1468,0,FP,-0.8305564511964268,-7.228595608958856
1470,0,TN,17.7044421933021,-0.029787053860757598
1471,0,TN,-14.502215207428263,0.6904140440625365
1472,0,TN,-0.8305564511964268,-7.228595608958856
1474,0,TN,17.7044421933021,-0.029787053860757598
1475,0,TN,-14.502215207428263,0.6904140440625365
1476,0,TN,-14.502215207428263,0.6904140440625365
1477,0,TN,-5.69267377967014,5.924527996766036
1478,0,TN,-14.502215207428263,0.6904140440625365
1479,0,TN,-14.502215207428263,0.6904140440625365
1481,0,TN,-14.502215207428263,0.6904140440625365
1482,0,TN,-14.502215207428263,0.6904140440625365
1483,0,TN,-3.8112651456217455,3.849157318905743
1484,0,TN,-3.8112651456217455,3.849157318905743
1485,0,TN,-14.502215207428263,0.6904140440625365
1486,0,TN,-14.502215207428263,0.6904140440625365
1488,0,TN,-14.502215207428263,0.6904140440625365
1489,0,TN,-14.502215207428263,0.6904140440625365
1490,0,TN,10.800495039778687,11.823956523613534
1491,0,TN,-14.502215207428263,0.6904140440625365
1492,0,TN,-14.502215207428263,0.6904140440625365
1493,0,TN,17.7044421933021,-0.029787053860757598
1495,0,TN,11.824665561070466,10.674907262614584
1496,0,TN,-14.502215207428263,0.6904140440625365
1497,0,TN,-14.502215207428263,0.6904140440625365
1498,0,TN,17.7044421933021,-0.029787053860757598
1499,0,TN,17.7044421933021,-0.029787053860757598
1500,0,TN,-5.69267377967014,5.924527996766036
1501,0,TN,15.182179723490483,2.8512423539357745
1502,0,FP,7.857164220704382,-2.6732095396232802
1503,0,TN,17.7044421933021,-0.029787053860757598
1504,0,FP,2.4388207164553775,-3.3795946918919433
1505,0,TN,-14.502215207428263,0.6904140440625365
1506,0,TN,-14.502215207428263,0.6904140440625365
1507,0,TN,-14.502215207428263,0.6904140440625365
1508,0,TN,17.7044421933021,-0.029787053860757598
1509,0,TN,-0.8305564511964268,-7.228595608958856
1510,0,TN,-5.69267377967014,5.924527996766036
1511,0,TN,-14.502215207428263,0.6904140440625363
1512,0,TN,17.7044421933021,-0.02978705386075772
1513,0,TN,17.7044421933021,-0.02978705386075772
1514,0,TN,-14.502215207428263,0.6904140440625365
1515,0,TN,-14.502215207428263,0.6904140440625365
1516,0,TN,-14.502215207428263,0.6904140440625365
1517,0,TN,17.7044421933021,-0.029787053860757598
1518,0,TN,17.7044421933021,-0.029787053860757598
1519,0,TN,15.182179723490483,2.8512423539357745
1520,0,TN,-14.502215207428263,0.6904140440625365
1521,0,TN,-14.502215207428263,0.6904140440625365
1522,0,TN,15.182179723490483,2.8512423539357745
1523,0,TN,-14.502215207428263,0.6904140440625365
1524,0,TN,-14.502215207428263,0.6904140440625365
1525,0,FP,-0.8305564511964268,-7.228595608958856
1526,0,TN,-14.502215207428263,0.6904140440625365
1527,0,TN,-14.502215207428263,0.6904140440625365
1528,0,TN,17.7044421933021,-0.029787053860757598
1529,0,TN,-14.502215207428263,0.6904140440625365
1530,0,TN,-0.8305564511964268,-7.228595608958856
1531,0,FP,2.4388207164553775,-3.3795946918919433
1532,0,TN,17.7044421933021,-0.029787053860757598
1533,0,TN,-14.502215207428263,0.6904140440625365
1534,0,TN,11.016892953619433,11.503688704426626
1535,0,TN,-0.8305564511964268,-7.228595608958856
1537,0,TN,7.354544333234317,-6.036010658729213
1538,0,TN,11.824665561070466,10.674907262614584
1539,0,TN,-14.502215207428263,0.6904140440625365
1540,0,TN,-14.502215207428263,0.6904140440625365
1541,0,TN,17.7044421933021,-0.029787053860757598
1542,0,TN,-14.502215207428263,0.6904140440625365
1543,0,TN,-14.502215207428263,0.6904140440625365
1544,0,TN,-14.502215207428263,0.6904140440625365
1545,0,TN,15.182179723490483,2.8512423539357745
1546,0,TN,-5.69267377967014,5.924527996766036
1547,0,TN,-14.502215207428263,0.6904140440625365
1548,0,TN,-4.301724554503789,5.584438875423292
1549,0,TN,-14.502215207428263,0.6904140440625365
1550,0,TN,17.7044421933021,-0.029787053860757598
1551,0,TN,17.7044421933021,-0.029787053860757598
1552,0,FP,2.4388207164553775,-3.3795946918919433
1553,0,TN,17.7044421933021,-0.029787053860757598
1554,0,TN,-0.8305564511964268,-7.228595608958856
1555,0,TN,17.7044421933021,-0.029787053860757598
1556,0,TN,7.354544333234317,-6.036010658729213
1557,0,TN,-0.8305564511964268,-7.228595608958856
1558,0,TN,17.7044421933021,-0.029787053860757598
1559,0,TN,-0.8305564511964268,-7.228595608958856
1560,0,TN,-5.69267377967014,5.924527996766036
1561,0,TN,-5.69267377967014,5.924527996766036
1562,0,TN,11.824665561070466,10.674907262614584
1563,0,TN,7.354544333234317,-6.036010658729213
1564,0,TN,-14.502215207428263,0.6904140440625365
1565,0,TN,-14.502215207428263,0.6904140440625365
1566,0,TN,-3.8112651456217455,3.849157318905743
1567,0,TN,-14.502215207428263,0.6904140440625365
1568,0,TN,-5.69267377967014,5.924527996766036
1569,0,FP,2.4388207164553775,-3.3795946918919433
1570,0,TN,-14.502215207428263,0.6904140440625365
1571,0,FP,2.4388207164553775,-3.3795946918919433
1572,0,TN,10.037993481884818,12.388312155621785
1573,0,TN,17.7044421933021,-0.029787053860757598
1574,0,TN,17.7044421933021,-0.029787053860757598
1575,0,TN,-14.502215207428263,0.6904140440625365
1576,0,TN,-14.502215207428263,0.6904140440625365
1577,0,TN,-14.502215207428263,0.6904140440625365
1578,0,TN,-14.502215207428263,0.6904140440625365
1579,0,TN,-14.502215207428263,0.6904140440625365
1580,0,TN,-5.69267377967014,5.924527996766036
1581,0,TN,-0.8305564511964268,-7.228595608958856
1582,0,TN,15.182179723490483,2.8512423539357745
1583,0,TN,10.037993481884818,12.388312155621785
1584,0,TN,17.7044421933021,-0.029787053860757598
1585,0,TN,-14.502215207428263,0.6904140440625365
1586,0,TN,-14.502215207428263,0.6904140440625365
1587,0,TN,-5.69267377967014,5.924527996766036
1588,0,TN,17.7044421933021,-0.029787053860757598
1589,0,TN,-14.502215207428263,0.6904140440625365
1590,0,TN,-14.502215207428263,0.6904140440625365
1591,0,TN,-14.502215207428263,0.6904140440625365
1592,0,TN,-14.502215207428263,0.6904140440625365
1593,0,TN,17.7044421933021,-0.029787053860757598
1594,0,TN,-0.8305564511964268,-7.228595608958856
1595,0,TN,17.7044421933021,-0.029787053860757598
1596,0,TN,-5.69267377967014,5.924527996766036
1598,0,TN,10.037993481884818,12.388312155621785
1599,0,TN,-14.502215207428263,0.6904140440625365
1600,0,TN,17.7044421933021,-0.029787053860757598
1601,0,TN,-5.69267377967014,5.924527996766036
1602,0,TN,-14.502215207428263,0.6904140440625365
1603,0,TN,-14.502215207428263,0.6904140440625365
1604,0,TN,17.7044421933021,-0.029787053860757598
1605,0,TN,-0.8305564511964268,-7.228595608958856
1606,0,FP,2.4388207164553775,-3.3795946918919433
1607,0,TN,17.7044421933021,-0.029787053860757598
1608,0,TN,-3.8112651456217455,3.849157318905743
1609,0,TN,-5.69267377967014,5.924527996766036
1610,0,TN,-5.69267377967014,5.924527996766036
1611,0,TN,17.7044421933021,-0.029787053860757598
1612,0,TN,-5.69267377967014,5.924527996766036
1613,0,TN,-14.502215207428263,0.6904140440625365
1614,0,TN,17.7044421933021,-0.029787053860757598
1615,0,TN,17.7044421933021,-0.029787053860757598
1616,0,TN,-5.69267377967014,5.924527996766036
1617,0,TN,-14.502215207428263,0.6904140440625365
1618,0,TN,-14.502215207428263,0.6904140440625365
1619,0,TN,-14.502215207428263,0.6904140440625365
1620,0,TN,7.354544333234317,-6.036010658729213
1621,0,TN,-14.502215207428263,0.6904140440625365
1622,0,TN,-14.502215207428263,0.6904140440625365
1623,0,TN,-14.502215207428263,0.6904140440625365
1624,0,TN,15.182179723490483,2.8512423539357745
1625,0,TN,17.7044421933021,-0.029787053860757598
1626,0,TN,-0.8305564511964268,-7.228595608958856
1627,0,TN,-3.8112651456217455,3.849157318905743
1628,0,TN,17.7044421933021,-0.029787053860757598
1629,0,TN,-14.502215207428263,0.6904140440625365
1630,0,TN,-14.502215207428263,0.6904140440625365
1631,0,TN,-14.502215207428263,0.6904140440625365
1632,0,TN,-5.69267377967014,5.924527996766036
1633,0,TN,11.016892953619433,11.503688704426626
1634,0,TN,17.7044421933021,-0.029787053860757598
1635,0,TN,-14.502215207428263,0.6904140440625365
1636,0,TN,17.7044421933021,-0.029787053860757598
1637,0,TN,-14.502215207428263,0.6904140440625365
1638,0,TN,17.7044421933021,-0.029787053860757598
1639,0,TN,-5.69267377967014,5.924527996766036
1640,0,TN,11.016892953619433,11.503688704426626
1641,0,TN,-14.502215207428263,0.6904140440625365
1642,0,TN,-14.502215207428263,0.6904140440625365
1643,0,TN,11.824665561070466,10.674907262614584
1644,0,TN,-14.502215207428263,0.6904140440625365
1645,0,TN,-0.8305564511964268,-7.228595608958856
1646,0,TN,-14.502215207428263,0.6904140440625365
1647,0,TN,-14.502215207428263,0.6904140440625365
1648,0,TN,17.7044421933021,-0.029787053860757598
1649,0,TN,-5.69267377967014,5.924527996766036
1650,0,TN,-14.502215207428263,0.6904140440625365
1651,0,TN,-5.69267377967014,5.924527996766036
1652,0,TN,17.7044421933021,-0.029787053860757598
1653,0,FP,2.4388207164553775,-3.3795946918919433
1654,0,TN,-14.502215207428263,0.6904140440625365
1655,0,TN,-14.502215207428263,0.6904140440625365
1656,0,TN,17.7044421933021,-0.029787053860757598
1657,0,FP,7.354544333234317,-6.036010658729213
1658,0,TN,-14.502215207428263,0.6904140440625365
1659,0,TN,-0.8305564511964268,-7.228595608958856
1660,0,TN,-14.502215207428263,0.6904140440625365
1661,0,TN,7.354544333234317,-6.036010658729213
1662,0,TN,-14.502215207428263,0.6904140440625365
1663,0,TN,-14.502215207428263,0.6904140440625365
1664,0,FP,-0.8305564511964268,-7.228595608958856
1665,0,TN,17.7044421933021,-0.029787053860757598
1666,0,TN,17.7044421933021,-0.029787053860757598
1667,0,TN,10.037993481884818,12.388312155621785
1668,0,FP,2.4388207164553775,-3.3795946918919433
1669,0,TN,-14.502215207428263,0.6904140440625365
1670,0,FP,7.354544333234317,-6.036010658729213
1671,0,TN,-14.502215207428263,0.6904140440625365
1672,0,TN,17.7044421933021,-0.029787053860757598
1673,0,TN,-14.502215207428263,0.6904140440625365
1674,0,TN,10.037993481884818,12.388312155621785
1676,0,TN,17.7044421933021,-0.029787053860757598
1678,0,TN,17.7044421933021,-0.029787053860757598
1679,0,TN,17.7044421933021,-0.029787053860757598
1680,0,TN,17.7044421933021,-0.029787053860757598
1681,0,TN,-5.69267377967014,5.924527996766036
1682,0,FP,7.354544333234317,-6.036010658729213
1683,0,TN,-14.502215207428263,0.6904140440625365
1684,0,FP,2.4388207164553775,-3.3795946918919433
1685,0,TN,-14.502215207428263,0.6904140440625365
1686,0,TN,-14.502215207428263,0.6904140440625365
1687,0,TN,-14.502215207428263,0.6904140440625365
1688,0,TN,17.7044421933021,-0.029787053860757598
1689,0,TN,10.800495039778687,11.823956523613534
1691,0,TN,-14.502215207428263,0.6904140440625365
1692,0,TN,-0.8305564511964268,-7.228595608958856
1693,0,TN,-5.69267377967014,5.924527996766036
1694,0,TN,-5.69267377967014,5.924527996766036
1695,0,TN,-14.502215207428263,0.6904140440625365
1696,0,TN,-14.502215207428263,0.6904140440625365
1697,0,TN,7.354544333234317,-6.036010658729213
1698,0,TN,-14.502215207428263,0.6904140440625365
1699,0,TN,-0.8305564511964268,-7.228595608958856
1700,0,TN,-0.8305564511964268,-7.228595608958856
1701,0,FP,2.4388207164553775,-3.3795946918919433
1702,0,TN,11.824665561070466,10.674907262614584
1703,0,TN,17.7044421933021,-0.029787053860757598
1704,0,TN,-5.69267377967014,5.924527996766036
1705,0,FP,2.4388207164553775,-3.3795946918919433
1706,0,TN,17.7044421933021,-0.029787053860757598
1707,0,TN,-14.502215207428263,0.6904140440625365
1708,0,TN,7.354544333234317,-6.036010658729213
1709,0,TN,-14.502215207428263,0.6904140440625365
1710,0,TN,11.824665561070466,10.674907262614584
1711,0,TN,-14.502215207428263,0.6904140440625365
1712,0,TN,-14.502215207428263,0.6904140440625365
1713,0,TN,10.800495039778687,11.823956523613534
1714,0,TN,17.7044421933021,-0.029787053860757598
1715,0,TN,-5.69267377967014,5.924527996766036
1716,0,TN,-0.8305564511964268,-7.228595608958856
1717,0,TN,17.7044421933021,-0.029787053860757598
1718,0,TN,-14.502215207428263,0.6904140440625365
1719,0,FP,2.4388207164553775,-3.3795946918919433
1720,0,TN,-14.502215207428263,0.6904140440625365
1721,0,TN,-14.502215207428263,0.6904140440625365
1723,0,TN,11.824665561070466,10.674907262614584
1724,0,TN,17.7044421933021,-0.029787053860757598
1725,0,TN,7.857164220704382,-2.6732095396232802
1726,0,TN,-14.502215207428263,0.6904140440625365
1727,0,TN,-14.502215207428263,0.6904140440625365
1728,0,TN,-0.8305564511964268,-7.228595608958856
1729,0,FP,7.354544333234317,-6.036010658729213
1730,0,TN,7.857164220704382,-2.6732095396232802
1731,0,TN,17.7044421933021,-0.029787053860757598
1732,0,TN,-14.502215207428263,0.6904140440625365
1733,0,TN,-14.502215207428263,0.6904140440625365
1734,0,TN,-14.502215207428263,0.6904140440625365
1735,0,FP,2.4388207164553775,-3.3795946918919433
1736,0,TN,-14.502215207428263,0.6904140440625365
1738,0,TN,-0.8305564511964268,-7.228595608958856
1739,0,TN,17.7044421933021,-0.029787053860757598
1740,0,TN,-5.69267377967014,5.924527996766036
1742,0,TN,-14.502215207428263,0.6904140440625365
1743,0,TN,-14.502215207428263,0.6904140440625365
1744,0,TN,-5.69267377967014,5.924527996766036
1745,0,TN,-3.8112651456217455,3.849157318905743
1746,0,FP,7.354544333234317,-6.036010658729213
1748,0,TN,10.037993481884818,12.388312155621785
1749,0,TN,-0.8305564511964268,-7.228595608958856
1750,0,TN,-0.8305564511964268,-7.228595608958856
1751,0,TN,-14.502215207428263,0.6904140440625388
1752,0,FP,2.4388207164553766,-3.3795946918919393
1753,0,TN,-14.502215207428263,0.6904140440625388
1754,0,TN,17.7044421933021,-0.029787053860757598
1756,0,TN,-14.502215207428263,0.6904140440625365
1757,0,TN,17.7044421933021,-0.029787053860757598
1758,0,FP,7.354544333234317,-6.036010658729213
1759,0,TN,17.7044421933021,-0.029787053860757598
1760,0,TN,10.037993481884818,12.388312155621785
1761,0,FP,2.4388207164553775,-3.3795946918919433
1762,0,TN,11.824665561070466,10.674907262614584
1763,0,TN,17.7044421933021,-0.029787053860757598
1764,0,TN,-0.8305564511964268,-7.228595608958856
1765,0,TN,-14.502215207428263,0.6904140440625365
1766,0,TN,-0.8305564511964268,-7.228595608958856
1767,0,TN,-0.8305564511964268,-7.228595608958856
1768,0,TN,-5.69267377967014,5.924527996766036
1769,0,TN,-14.502215207428263,0.6904140440625365
1770,0,TN,17.7044421933021,-0.029787053860757598
1771,0,TN,-14.502215207428263,0.6904140440625365
1772,0,TN,10.037993481884818,12.388312155621785
1773,0,TN,-14.502215207428263,0.6904140440625365
1774,0,TN,-14.502215207428263,0.6904140440625365
1775,0,TN,11.824665561070466,10.674907262614584
1776,0,TN,-14.502215207428263,0.6904140440625365
1777,0,FP,7.354544333234317,-6.036010658729213
1778,0,TN,-14.502215207428263,0.6904140440625365
1779,0,FP,7.354544333234317,-6.036010658729213
1780,0,TN,-14.502215207428263,0.6904140440625365
1781,0,TN,-0.8305564511964268,-7.228595608958856
1782,0,TN,17.7044421933021,-0.029787053860757598
1783,0,TN,-14.502215207428263,0.6904140440625365
1784,0,FP,2.4388207164553775,-3.3795946918919433
1785,0,TN,11.824665561070466,10.674907262614584
1787,0,TN,10.673877587542549,4.112655887516737
1788,0,TN,-14.502215207428263,0.6904140440625365
1789,0,TN,-14.502215207428263,0.6904140440625365
1791,0,TN,10.037993481884818,12.388312155621785
1792,0,TN,15.182179723490483,2.8512423539357745
1793,0,TN,15.182179723490483,2.8512423539357745
1794,0,TN,-14.502215207428263,0.6904140440625365
1795,0,TN,17.7044421933021,-0.029787053860757598
1796,0,TN,-14.502215207428263,0.6904140440625365
1797,0,TN,-0.8305564511964268,-7.228595608958856
1798,0,TN,17.7044421933021,-0.029787053860757598
1799,0,TN,-14.502215207428263,0.6904140440625365
1800,0,TN,-14.502215207428263,0.6904140440625365
1801,0,TN,17.7044421933021,-0.029787053860757598
1802,0,TN,15.182179723490483,2.8512423539357745
1803,0,TN,17.7044421933021,-0.029787053860757598
1804,0,TN,17.7044421933021,-0.029787053860757598
1805,0,TN,17.7044421933021,-0.029787053860757598
1806,0,TN,17.7044421933021,-0.029787053860757598
1807,0,TN,-14.502215207428263,0.6904140440625365
1808,0,TN,-5.69267377967014,5.924527996766036
1809,0,TN,17.7044421933021,-0.029787053860757598
1811,0,TN,10.037993481884818,12.388312155621785
1812,0,TN,-14.502215207428263,0.6904140440625365
1813,0,TN,-0.8305564511964268,-7.228595608958856
1814,0,TN,17.7044421933021,-0.029787053860757598
1815,0,FP,7.354544333234317,-6.036010658729213
1816,0,TN,10.800495039778687,11.823956523613534
1817,0,TN,-5.69267377967014,5.924527996766036
1818,0,FP,2.4388207164553775,-3.3795946918919433
1820,0,TN,17.7044421933021,-0.029787053860757598
1821,0,TN,-14.502215207428263,0.6904140440625365
1822,0,TN,17.7044421933021,-0.029787053860757598
1823,0,TN,11.824665561070466,10.674907262614584
1824,0,TN,17.7044421933021,-0.029787053860757598
1825,0,TN,-14.502215207428263,0.6904140440625365
1826,0,TN,-5.69267377967014,5.924527996766036
1828,0,TN,11.824665561070466,10.674907262614584
1829,0,TN,15.182179723490483,2.8512423539357745
1830,0,FP,2.4388207164553775,-3.3795946918919433
1831,0,TN,17.7044421933021,-0.029787053860757598
1832,0,TN,10.037993481884818,12.388312155621785
1833,0,TN,-14.502215207428263,0.6904140440625365
1834,0,TN,7.354544333234317,-6.036010658729213
1835,0,TN,17.7044421933021,-0.029787053860757598
1836,0,TN,17.7044421933021,-0.029787053860757598
1837,0,FP,2.4388207164553775,-3.3795946918919433
1838,0,FP,2.4388207164553775,-3.3795946918919433
1839,0,FP,2.4388207164553775,-3.3795946918919433
1840,0,TN,17.7044421933021,-0.029787053860757598
1841,0,TN,17.7044421933021,-0.029787053860757598
1842,0,TN,-14.502215207428263,0.6904140440625365
1843,0,TN,-14.502215207428263,0.6904140440625365
1844,0,TN,-3.8112651456217455,3.849157318905743
1845,0,TN,17.7044421933021,-0.029787053860757598
1846,0,TN,7.354544333234317,-6.036010658729213
1847,0,TN,-5.69267377967014,5.924527996766036
1848,0,TN,17.7044421933021,-0.029787053860757598
1849,0,TN,11.824665561070466,10.674907262614584
1850,0,TN,-14.502215207428263,0.6904140440625365
1851,0,TN,-14.502215207428263,0.6904140440625365
1852,0,TN,-14.502215207428263,0.6904140440625365
1853,0,TN,15.182179723490483,2.8512423539357745
1854,0,TN,-0.8305564511964268,-7.228595608958856
1855,0,TN,10.800495039778687,11.823956523613534
1856,0,TN,-14.502215207428263,0.6904140440625365
1857,0,TN,-14.502215207428263,0.6904140440625365
1858,0,TN,-14.502215207428263,0.6904140440625365
1859,0,TN,-14.502215207428263,0.6904140440625365
1861,0,TN,11.824665561070466,10.674907262614584
1862,0,TN,15.182179723490483,2.8512423539357745
1863,0,TN,11.824665561070466,10.674907262614584
1865,0,TN,-14.502215207428263,0.6904140440625365
1866,0,TN,17.7044421933021,-0.029787053860757598
1867,0,TN,-14.502215207428263,0.6904140440625365
1868,0,TN,-14.502215207428263,0.6904140440625365
1869,0,TN,17.7044421933021,-0.029787053860757598
1870,0,FP,2.4388207164553775,-3.3795946918919433
1871,0,TN,-14.502215207428263,0.6904140440625365
1872,0,TN,17.7044421933021,-0.029787053860757598
1873,0,TN,11.824665561070466,10.674907262614584
1874,0,TN,-14.502215207428263,0.6904140440625365
1875,0,TN,17.7044421933021,-0.029787053860757598
1876,0,TN,-14.502215207428263,0.6904140440625365
1877,0,TN,17.7044421933021,-0.029787053860757598
1878,0,TN,-14.502215207428263,0.6904140440625365
1879,0,TN,-14.502215207428263,0.6904140440625365
1880,0,TN,17.7044421933021,-0.029787053860757598
1881,0,TN,-14.502215207428263,0.6904140440625365
1882,0,TN,17.7044421933021,-0.029787053860757598
1883,0,TN,17.7044421933021,-0.029787053860757598
1884,0,TN,-5.69267377967014,5.924527996766036
1885,0,TN,-5.69267377967014,5.924527996766036
1886,0,FP,7.857164220704382,-2.6732095396232802
1887,0,TN,15.182179723490483,2.8512423539357745
1888,0,TN,-14.502215207428263,0.6904140440625365
1889,0,TN,-14.502215207428263,0.6904140440625365
1890,0,TN,-0.8305564511964268,-7.228595608958856
1891,0,TN,11.824665561070466,10.674907262614584
1892,0,TN,-14.502215207428263,0.6904140440625365
1893,0,TN,-14.502215207428263,0.6904140440625365
1894,0,TN,-0.8305564511964268,-7.228595608958856
1896,0,TN,-0.8305564511964268,-7.228595608958856
1897,0,TN,17.7044421933021,-0.029787053860757598
1898,0,FP,2.4388207164553775,-3.3795946918919433
1899,0,TN,-14.502215207428263,0.6904140440625365
1901,0,TN,-5.69267377967014,5.924527996766036
1902,0,TN,17.7044421933021,-0.029787053860757598
1903,0,TN,-14.502215207428263,0.6904140440625365
1904,0,TN,17.7044421933021,-0.029787053860757598
1905,0,TN,-14.502215207428263,0.6904140440625365
1906,0,TN,17.7044421933021,-0.029787053860757598
1907,0,TN,-14.502215207428263,0.6904140440625365
1908,0,TN,-14.502215207428263,0.6904140440625365
1909,0,TN,17.7044421933021,-0.029787053860757598
1910,0,TN,-14.502215207428263,0.6904140440625365
1911,0,FP,17.7044421933021,-0.029787053860757598
1912,0,TN,-14.502215207428263,0.6904140440625365
1913,0,TN,-14.502215207428263,0.6904140440625365
1914,0,TN,-0.8305564511964268,-7.228595608958856
1915,0,TN,-14.502215207428263,0.6904140440625365
1916,0,TN,-5.69267377967014,5.924527996766036
1917,0,TN,11.824665561070466,10.674907262614584
1918,0,TN,-3.8112651456217455,3.849157318905743
1919,0,TN,17.7044421933021,-0.029787053860757598
1920,0,TN,-14.502215207428263,0.6904140440625365
1921,0,TN,17.7044421933021,-0.029787053860757598
1922,0,TN,-0.8305564511964268,-7.228595608958856
1924,0,TN,-14.502215207428263,0.6904140440625365
1925,0,TN,-3.8112651456217455,3.849157318905743
1926,0,TN,-14.502215207428263,0.6904140440625365
1927,0,FP,7.857164220704382,-2.6732095396232802
1928,0,TN,-0.8305564511964268,-7.228595608958856
1929,0,TN,-14.502215207428263,0.6904140440625365
1930,0,TN,-14.502215207428263,0.6904140440625365
1931,0,TN,-5.69267377967014,5.924527996766036
1932,0,TN,-14.502215207428263,0.6904140440625365
1934,0,TN,-0.8305564511964268,-7.228595608958856
1935,0,TN,-0.8305564511964268,-7.228595608958856
1936,0,TN,17.7044421933021,-0.029787053860757598
1937,0,TN,-14.502215207428263,0.6904140440625365
1938,0,TN,-0.8305564511964268,-7.228595608958856
1939,0,TN,-14.502215207428263,0.6904140440625365
1940,0,TN,11.824665561070466,10.674907262614584
1941,0,TN,-14.502215207428263,0.6904140440625365
1942,0,TN,-14.502215207428263,0.6904140440625365
1943,0,TN,17.7044421933021,-0.029787053860757598
1944,0,TN,15.182179723490483,2.8512423539357745
1945,0,TN,17.7044421933021,-0.029787053860757598
1946,0,TN,17.7044421933021,-0.029787053860757598
1947,0,TN,-14.502215207428263,0.6904140440625365
1948,0,TN,17.7044421933021,-0.029787053860757598
1949,0,TN,-0.8305564511964268,-7.228595608958856
1950,0,FP,2.4388207164553775,-3.3795946918919433
1951,0,TN,17.7044421933021,-0.029787053860757598
1952,0,TN,17.7044421933021,-0.029787053860757598
1953,0,TN,-14.502215207428263,0.6904140440625365
1954,0,TN,-5.69267377967014,5.924527996766036
1955,0,TN,-14.502215207428263,0.6904140440625365
1956,0,TN,-3.8112651456217455,3.849157318905743
1957,0,TN,-14.502215207428263,0.6904140440625365
1958,0,TN,17.7044421933021,-0.029787053860757598
1960,0,TN,-3.8112651456217455,3.849157318905743
1961,0,TN,-0.8305564511964268,-7.228595608958856
1962,0,TN,10.800495039778687,11.823956523613534
1963,0,TN,-14.502215207428263,0.6904140440625365
1964,0,TN,11.824665561070466,10.674907262614584
1966,0,TN,-0.8305564511964268,-7.228595608958856
1967,0,TN,-14.502215207428263,0.6904140440625365
1968,0,TN,-14.502215207428263,0.6904140440625365
1969,0,TN,17.7044421933021,-0.029787053860757598
1970,0,TN,-14.502215207428263,0.6904140440625365
1971,0,TN,17.7044421933021,-0.029787053860757598
1972,0,TN,-14.502215207428263,0.6904140440625365
1973,0,TN,17.7044421933021,-0.029787053860757598
1974,0,TN,14.427450521400546,4.24825177945657
1975,0,TN,-14.502215207428263,0.6904140440625365
1976,0,TN,-14.502215207428263,0.6904140440625365
1977,0,TN,-14.502215207428263,0.6904140440625365
1978,0,TN,17.7044421933021,-0.029787053860757598
1979,0,FP,2.4388207164553775,-3.3795946918919433
1980,0,TN,17.7044421933021,-0.029787053860757598
1981,0,TN,-14.502215207428263,0.6904140440625365
1982,0,TN,7.857164220704382,-2.6732095396232802
1983,0,TN,-0.8305564511964268,-7.228595608958856
1984,0,TN,-14.502215207428263,0.6904140440625365
1985,0,TN,-14.502215207428263,0.6904140440625365
1986,0,TN,-14.502215207428263,0.6904140440625365
1987,0,TN,-14.502215207428263,0.6904140440625365
1988,0,FP,7.354544333234317,-6.036010658729213
1989,0,TN,-14.502215207428263,0.6904140440625365
1990,0,TN,-5.69267377967014,5.924527996766036
1991,0,TN,-14.502215207428263,0.6904140440625365
1992,0,TN,-14.502215207428263,0.6904140440625365
1993,0,TN,17.7044421933021,-0.029787053860757598
1994,0,TN,17.7044421933021,-0.029787053860757598
1995,0,FP,7.354544333234317,-6.036010658729213
1996,0,TN,-14.502215207428037,0.6904140440624367
1997,0,TN,-0.8305564511963996,-7.228595608958863
1998,0,TN,-14.502215207428037,0.6904140440624367
