1,1,TP,24.21308382085664,6.639923250426478
3,1,FN,-7.087547074128807,-0.13840612536519264
4,1,TP,-7.087547074128757,-0.13840612536555608
6,1,TP,25.162515937833817,0.9498868248940895
7,1,TP,25.19639241450267,-5.629955844727
8,1,TP,25.162515937833817,0.9498868248940869
9,1,FN,-7.087547074128755,-0.13840612536559063
10,1,FN,-7.087547074128755,-0.13840612536559063
11,1,FN,-7.087547074128755,-0.13840612536559063
12,1,FN,-7.087547074128755,-0.13840612536559066
13,1,TP,25.196392414502675,-5.629955844727
14,1,TP,24.213083820857772,6.639923250426576
15,1,TP,25.196392414502675,-5.629955844727
16,1,TP,25.16251593783382,0.9498868248940869
17,1,TP,25.196392414502675,-5.629955844727
18,1,TP,25.196392414502675,-5.629955844727
20,1,TP,24.213083820857772,6.639923250426576
22,1,TP,24.77482204935812,0.8903994435847756
23,1,FN,-7.087547074128755,-0.13840612536559063
24,1,TP,25.196392414502675,-5.629955844727
25,1,FN,-7.087547074128755,-0.13840612536559063
27,1,TP,-7.087547074128755,-0.13840612536559063
28,1,FN,-7.087547074128755,-0.13840612536559063
29,1,FN,-7.087547074128755,-0.13840612536559063
30,1,FN,-7.087547074128755,-0.13840612536559063
32,1,TP,24.09891518462069,-1.122106166087171
34,1,TP,25.16251593783382,0.9498868248940869
35,1,FN,-7.087547074128755,-0.13840612536559063
37,1,TP,25.16251593783382,0.9498868248940869
38,1,FN,-7.087547074128755,-0.13840612536559063
39,1,TP,25.196392414502675,-5.629955844727
40,1,TP,23.882252948208045,-1.0882211239229684
42,1,TP,24.213083820857772,6.639923250426576
44,1,TP,25.196392414502675,-5.629955844727
45,1,FN,-7.087547074128755,-0.13840612536559063
46,1,FN,-7.087547074128755,-0.13840612536559063
47,1,TP,24.77482204935812,0.8903994435847756
48,1,FN,-7.087547074128755,-0.13840612536559063
50,1,TP,24.576334720105226,-2.601873097401519
52,1,TP,25.16251593783382,0.9498868248940869
53,1,FN,-7.087547074128755,-0.13840612536559063
54,1,FN,-7.087547074128755,-0.13840612536559063
56,1,TP,-7.087547074128755,-0.13840612536559063
58,1,TP,24.37039551609171,-2.714529023942328
59,1,FN,-7.087547074128755,-0.13840612536559063
60,1,FN,-7.087547074128755,-0.13840612536559063
61,1,FN,-7.087547074128755,-0.13840612536559063
66,1,TP,24.213083820857772,6.639923250426576
67,1,FN,-7.087547074128755,-0.13840612536559063
68,1,FN,-7.087547074128755,-0.13840612536559063
70,1,TP,24.09891518462069,-1.122106166087171
71,1,FN,-7.087547074128755,-0.13840612536559063
72,1,FN,-7.087547074128755,-0.13840612536559063
75,1,FN,-7.087547074128755,-0.13840612536559063
76,1,FN,-7.087547074128755,-0.13840612536559063
77,1,TP,25.16251593783382,0.9498868248940869
80,1,FN,-7.087547074128755,-0.13840612536559063
81,1,FN,-7.087547074128755,-0.13840612536559063
82,1,TP,-7.087547074128755,-0.13840612536559063
83,1,TP,25.196392414502675,-5.629955844727
84,1,FN,-7.087547074128755,-0.13840612536559063
85,1,FN,-7.087547074128755,-0.13840612536559063
86,1,TP,24.213083820857772,6.639923250426576
88,1,TP,-7.087547074128755,-0.13840612536559063
93,1,FN,-7.087547074128755,-0.13840612536559063
94,1,TP,-7.087547074128755,-0.13840612536559063
96,1,TP,25.16251593783382,0.9498868248940869
98,1,FN,-7.087547074128755,-0.13840612536559063
99,1,TP,-7.087547074128755,-0.13840612536559063
100,1,TP,25.196392414502675,-5.629955844727
102,1,TP,24.213083820857772,6.639923250426576
103,1,TP,25.196392414502675,-5.629955844727
104,1,FN,-7.087547074128755,-0.13840612536559063
105,1,TP,24.576334720105226,-2.601873097401519
107,1,TP,-7.087547074128755,-0.13840612536559063
108,1,TP,24.576334720105226,-2.601873097401519
109,1,FN,-7.087547074128755,-0.13840612536559063
110,1,TP,24.213083820857772,6.639923250426576
113,1,TP,24.213083820857772,6.639923250426576
114,1,FN,8.407496056242731,4.564264055364017
115,1,FN,-7.087547074128755,-0.13840612536559063
117,1,TP,25.196392414502675,-5.629955844727
118,1,FN,-7.087547074128755,-0.13840612536559063
123,1,TP,-7.087547074128755,-0.13840612536559063
125,1,TP,25.196392414502675,-5.629955844727
126,1,FN,-7.087547074128755,-0.13840612536559063
127,1,FN,-7.087547074128755,-0.13840612536559063
128,1,FN,-7.087547074128755,-0.13840612536559063
130,1,TP,-7.087547074128755,-0.13840612536559063
131,1,FN,-7.087547074128755,-0.13840612536559063
132,1,FN,-7.087547074128755,-0.13840612536559063
133,1,FN,-7.087547074128755,-0.13840612536559063
135,1,TP,25.16251593783382,0.9498868248940869
136,1,FN,-7.087547074128755,-0.13840612536559063
137,1,FN,-7.087547074128755,-0.13840612536559063
138,1,FN,-7.087547074128755,-0.13840612536559063
139,1,TP,25.196392414502675,-5.629955844727
140,1,FN,-7.087547074128755,-0.13840612536559063
141,1,TP,-7.087547074128755,-0.13840612536559063
142,1,FN,-7.087547074128755,-0.13840612536559063
143,1,TP,25.196392414502675,-5.629955844727
144,1,TP,24.77482204935812,0.8903994435847756
145,1,FN,-7.087547074128755,-0.13840612536559063
146,1,FN,-7.087547074128755,-0.13840612536559063
149,1,TP,24.576334720105226,-2.601873097401519
151,1,TP,25.16251593783382,0.9498868248940869
152,1,FN,-7.087547074128755,-0.13840612536559063
154,1,TP,-7.087547074128755,-0.13840612536559063
157,1,FN,-7.087547074128755,-0.13840612536559063
158,1,TP,25.16251593783382,0.9498868248940869
160,1,TP,24.37039551609171,-2.714529023942328
161,1,FN,-7.087547074128755,-0.13840612536559063
163,1,TP,25.196392414502675,-5.629955844727
165,1,FN,-7.087547074128755,-0.13840612536559063
166,1,TP,25.16251593783382,0.9498868248940869
167,1,FN,-7.087547074128755,-0.13840612536559063
168,1,FN,-7.087547074128755,-0.13840612536559063
170,1,FN,-7.087547074128755,-0.13840612536559063
171,1,FN,-7.087547074128755,-0.13840612536559063
175,1,TP,24.77482204935812,0.8903994435847756
176,1,TP,25.196392414502675,-5.629955844727
177,1,FN,-7.087547074128755,-0.13840612536559063
179,1,TP,-7.087547074128755,-0.13840612536559063
180,1,FN,-7.087547074128755,-0.13840612536559063
181,1,FN,-7.087547074128755,-0.13840612536559063
182,1,FN,-7.087547074128755,-0.13840612536559063
184,1,TP,25.16251593783382,0.9498868248940869
185,1,FN,-7.087547074128755,-0.13840612536559063
188,1,FN,-7.087547074128755,-0.13840612536559063
189,1,TP,-7.087547074128755,-0.13840612536559063
190,1,FN,-7.087547074128755,-0.13840612536559063
191,1,TP,25.196392414502675,-5.629955844727
192,1,TP,24.213083820857772,6.639923250426576
193,1,FN,-7.087547074128755,-0.13840612536559063
194,1,FN,-7.087547074128755,-0.13840612536559063
196,1,TP,25.16251593783382,0.9498868248940869
197,1,FN,-7.087547074128755,-0.13840612536559063
199,1,TP,24.213083820857772,6.639923250426576
201,1,FN,-7.087547074128755,-0.13840612536559063
203,1,TP,23.882252948208045,-1.0882211239229684
204,1,FN,-7.087547074128755,-0.13840612536559063
205,1,FN,-7.087547074128755,-0.13840612536559063
207,1,FN,-7.087547074128755,-0.13840612536559063
208,1,FN,-7.087547074128755,-0.13840612536559063
209,1,TP,-7.087547074128755,-0.13840612536559063
210,1,FN,-7.087547074128755,-0.13840612536559063
214,1,TP,24.640076590353047,2.382381034150167
216,1,FN,-7.087547074128755,-0.13840612536559063
217,1,FN,-7.087547074128755,-0.13840612536559063
218,1,TP,25.16251593783382,0.9498868248940869
219,1,FN,-7.087547074128755,-0.13840612536559063
220,1,FN,-7.087547074128755,-0.13840612536559063
223,1,TP,24.213083820857772,6.639923250426576
225,1,TP,25.16251593783382,0.9498868248940869
226,1,FN,-7.087547074128755,-0.13840612536559063
227,1,FN,-7.087547074128755,-0.13840612536559063
229,1,TP,24.77482204935812,0.8903994435847756
230,1,FN,-7.087547074128755,-0.13840612536559063
231,1,FN,-7.087547074128755,-0.13840612536559063
232,1,FN,-7.087547074128755,-0.13840612536559063
233,1,FN,-7.087547074128755,-0.13840612536559063
235,1,TP,24.77482204935812,0.8903994435847756
237,1,FN,-7.087547074128755,-0.13840612536559063
239,1,TP,25.16251593783382,0.9498868248940869
241,1,TP,24.77482204935812,0.8903994435847756
242,1,FN,-7.087547074128755,-0.13840612536559063
243,1,FN,-7.087547074128755,-0.13840612536559063
244,1,FN,-7.087547074128755,-0.13840612536559063
246,1,TP,25.16251593783382,0.9498868248940869
247,1,FN,-7.087547074128755,-0.13840612536559063
249,1,TP,24.37039551609171,-2.714529023942328
250,1,FN,-7.087547074128755,-0.13840612536559063
251,1,FN,-7.087547074128755,-0.13840612536559063
252,1,TP,25.196392414502675,-5.629955844727
254,1,FN,-7.087547074128755,-0.13840612536559063
255,1,FN,-7.087547074128755,-0.13840612536559063
256,1,TP,25.16251593783382,0.9498868248940869
257,1,FN,-7.087547074128755,-0.13840612536559063
258,1,FN,-7.087547074128755,-0.13840612536559063
259,1,FN,-7.087547074128755,-0.13840612536559063
261,1,TP,25.16251593783382,0.9498868248940869
263,1,TP,24.213083820857772,6.639923250426576
264,1,TP,25.196392414502675,-5.629955844727
265,1,TP,24.213083820857772,6.639923250426576
267,1,TP,24.213083820857772,6.639923250426576
268,1,FN,-7.087547074128755,-0.13840612536559063
271,1,FN,-7.087547074128755,-0.13840612536559063
273,1,FN,-7.087547074128755,-0.13840612536559063
275,1,TP,25.16251593783382,0.9498868248940869
277,1,TP,-7.087547074128755,-0.13840612536559063
278,1,FN,-7.087547074128755,-0.13840612536559063
280,1,TP,24.005190047296793,3.9437785494033943
281,1,FN,-7.087547074128755,-0.13840612536559063
282,1,FN,-7.087547074128755,-0.13840612536559063
284,1,FN,-7.087547074128755,-0.13840612536559063
285,1,TP,24.640076590353047,2.382381034150167
289,1,TP,-7.087547074128755,-0.13840612536559063
293,1,TP,-7.087547074128755,-0.13840612536559063
295,1,FN,-7.087547074128755,-0.13840612536559063
296,1,FN,23.16144640312924,0.8799948221990559
297,1,TP,24.640076590353047,2.382381034150167
298,1,FN,-7.087547074128755,-0.13840612536559063
299,1,FN,-7.087547074128755,-0.13840612536559063
300,1,FN,-7.087547074128755,-0.13840612536559063
301,1,FN,-7.087547074128755,-0.13840612536559063
302,1,TP,25.196392414502675,-5.629955844727
303,1,TP,24.213083820857772,6.639923250426576
304,1,FN,-7.087547074128755,-0.13840612536559063
305,1,FN,-7.087547074128755,-0.13840612536559063
306,1,FN,7.793104963875588,0.6326338533464331
307,1,TP,25.196392414502675,-5.629955844727
308,1,FN,-7.087547074128755,-0.13840612536559063
309,1,FN,-7.087547074128755,-0.13840612536559063
310,1,FN,-7.087547074128755,-0.13840612536559063
311,1,TP,24.213083820857772,6.639923250426576
313,1,TP,24.37039551609171,-2.714529023942328
314,1,FN,-7.087547074128755,-0.13840612536559063
316,1,TP,-7.087547074128755,-0.13840612536559063
317,1,FN,-7.087547074128755,-0.13840612536559063
318,1,FN,-7.087547074128755,-0.13840612536559063
319,1,FN,-7.087547074128755,-0.13840612536559063
320,1,FN,-7.087547074128755,-0.13840612536559063
322,1,FN,-7.087547074128755,-0.13840612536559063
324,1,TP,23.77379658456958,-0.7209793555110287
325,1,TP,25.196392414502675,-5.629955844727
327,1,FN,-7.087547074128755,-0.13840612536559063
328,1,FN,-7.087547074128755,-0.13840612536559063
330,1,TP,25.196392414502675,-5.629955844727
331,1,TP,25.196392414502675,-5.629955844727
332,1,TP,24.213083820857772,6.639923250426576
335,1,TP,23.77379658456958,-0.7209793555110287
338,1,FN,-7.087547074128755,-0.13840612536559063
339,1,FN,-7.087547074128755,-0.13840612536559063
340,1,TP,-7.087547074128755,-0.13840612536559063
341,1,FN,-7.087547074128755,-0.13840612536559063
344,1,TP,25.16251593783382,0.9498868248940869
346,1,TP,24.77482204935812,0.8903994435847756
348,1,TP,-7.087547074128755,-0.13840612536559063
350,1,TP,24.365354574860458,-2.4371249847070104
352,1,FN,-7.087547074128755,-0.13840612536559063
353,1,TP,24.213083820857772,6.639923250426576
355,1,FN,-7.087547074128755,-0.13840612536559063
356,1,FN,-7.087547074128755,-0.13840612536559063
357,1,FN,-7.087547074128755,-0.13840612536559063
358,1,TP,24.213083820857772,6.639923250426576
360,1,FN,-7.087547074128755,-0.13840612536559063
361,1,TP,23.77379658456958,-0.7209793555110287
362,1,FN,-7.087547074128755,-0.13840612536559063
364,1,TP,24.37039551609171,-2.714529023942328
365,1,TP,25.196392414502675,-5.629955844727
366,1,TP,24.213083820857772,6.639923250426576
368,1,TP,24.77482204935812,0.8903994435847756
369,1,TP,25.196392414502675,-5.629955844727
370,1,TP,24.213083820857772,6.639923250426576
371,1,FN,-7.087547074128755,-0.13840612536559063
372,1,FN,-7.087547074128755,-0.13840612536559063
373,1,FN,-7.087547074128755,-0.13840612536559063
374,1,FN,-7.087547074128755,-0.13840612536559063
375,1,FN,-7.087547074128755,-0.13840612536559063
376,1,FN,-7.087547074128755,-0.13840612536559063
379,1,TP,25.196392414502675,-5.629955844727
381,1,FN,-7.087547074128755,-0.13840612536559063
382,1,TP,-7.087547074128755,-0.13840612536559063
386,1,TP,24.213083820857772,6.639923250426576
387,1,FN,-7.087547074128755,-0.13840612536559063
388,1,TP,25.196392414502675,-5.629955844727
389,1,TP,24.640076590353047,2.382381034150167
390,1,FN,-7.087547074128755,-0.13840612536559063
392,1,TP,25.16251593783382,0.9498868248940869
393,1,FN,-7.087547074128755,-0.13840612536559063
394,1,FN,-7.087547074128755,-0.13840612536559063
396,1,TP,24.640076590353047,2.382381034150167
398,1,TP,24.77482204935812,0.8903994435847756
400,1,TP,25.16251593783382,0.9498868248940869
401,1,FN,-7.087547074128755,-0.13840612536559063
402,1,TP,25.196392414502675,-5.629955844727
403,1,TP,-7.087547074128755,-0.13840612536559063
404,1,TP,25.196392414502675,-5.629955844727
405,1,TP,24.77482204935812,0.8903994435847756
407,1,TP,25.16251593783382,0.9498868248940869
408,1,FN,-7.087547074128755,-0.13840612536559063
410,1,TP,25.16251593783382,0.9498868248940869
411,1,TP,24.576334720105226,-2.601873097401519
412,1,TP,-7.087547074128755,-0.13840612536559063
413,1,FN,-7.087547074128755,-0.13840612536559063
414,1,FN,-7.087547074128755,-0.13840612536559063
416,1,FN,-7.087547074128755,-0.13840612536559063
418,1,TP,24.213083820857772,6.639923250426576
419,1,FN,-7.087547074128755,-0.13840612536559063
420,1,FN,-7.087547074128755,-0.13840612536559063
421,1,FN,-7.087547074128755,-0.13840612536559063
423,1,FN,-7.087547074128755,-0.13840612536559063
425,1,FN,-7.087547074128755,-0.13840612536559063
426,1,FN,-7.087547074128755,-0.13840612536559063
428,1,TP,24.213083820857772,6.639923250426576
429,1,TP,24.576334720105226,-2.601873097401519
431,1,TP,23.882252948208045,-1.0882211239229684
432,1,FN,-7.087547074128755,-0.13840612536559063
434,1,FN,-7.087547074128755,-0.13840612536559063
436,1,TP,25.196392414502675,-5.629955844727
438,1,FN,-7.087547074128755,-0.13840612536559063
440,1,TP,24.77482204935812,0.8903994435847756
442,1,FN,-7.087547074128755,-0.13840612536559063
443,1,FN,-7.087547074128755,-0.13840612536559063
445,1,TP,24.213083820857772,6.639923250426576
446,1,FN,-7.087547074128755,-0.13840612536559063
447,1,FN,-7.087547074128755,-0.13840612536559063
449,1,TP,25.16251593783382,0.9498868248940869
451,1,FN,-7.087547074128755,-0.13840612536559063
453,1,TP,24.213083820857772,6.639923250426576
455,1,TP,-7.087547074128755,-0.13840612536559063
457,1,TP,24.37039551609171,-2.714529023942328
458,1,FN,-7.087547074128755,-0.13840612536559063
461,1,TP,24.77482204935812,0.8903994435847756
462,1,FN,-7.087547074128755,-0.13840612536559063
463,1,FN,-7.087547074128755,-0.13840612536559063
465,1,FN,-7.087547074128755,-0.13840612536559063
466,1,TP,-7.087547074128755,-0.13840612536559063
468,1,TP,25.16251593783382,0.9498868248940869
469,1,FN,-7.087547074128755,-0.13840612536559063
470,1,FN,-7.087547074128755,-0.13840612536559063
471,1,TP,25.196392414502675,-5.629955844727
472,1,FN,-7.087547074128755,-0.13840612536559063
473,1,TP,-7.087547074128755,-0.13840612536559063
479,1,FN,-7.087547074128755,-0.13840612536559063
480,1,TP,24.77482204935812,0.8903994435847756
481,1,FN,-7.087547074128755,-0.13840612536559063
482,1,FN,-7.087547074128755,-0.13840612536559063
484,1,FN,-7.087547074128755,-0.13840612536559063
485,1,TP,25.196392414502675,-5.629955844727
486,1,FN,-7.087547074128755,-0.13840612536559063
487,1,FN,8.407496056242731,4.564264055364017
489,1,TP,24.213083820857772,6.639923250426576
493,1,TP,24.213083820857772,6.639923250426576
494,1,FN,-7.087547074128755,-0.13840612536559063
495,1,FN,-7.087547074128755,-0.13840612536559063
496,1,FN,-7.087547074128755,-0.13840612536559063
498,1,TP,25.196392414502675,-5.629955844727
499,1,FN,-7.087547074128755,-0.13840612536559063
501,1,FN,-7.087547074128755,-0.13840612536559063
502,1,TP,25.196392414502675,-5.629955844727
504,1,TP,24.213083820857772,6.639923250426576
505,1,FN,-7.087547074128755,-0.13840612536559063
507,1,FN,-7.087547074128755,-0.13840612536559063
510,1,TP,25.16251593783382,0.9498868248940869
512,1,TP,24.213083820857772,6.639923250426576
513,1,FN,-7.087547074128755,-0.13840612536559063
514,1,FN,-7.087547074128755,-0.13840612536559063
516,1,FN,-7.087547074128755,-0.13840612536559063
517,1,TP,-7.087547074128755,-0.13840612536559063
518,1,FN,-7.087547074128755,-0.13840612536559063
519,1,TP,24.365354574860458,-2.4371249847070104
520,1,TP,24.049267997862238,-1.647979824173455
521,1,FN,-7.087547074128755,-0.13840612536559063
523,1,TP,24.213083820857772,6.639923250426576
526,1,FN,-7.087547074128755,-0.13840612536559063
527,1,TP,24.37039551609171,-2.714529023942328
528,1,TP,25.196392414502675,-5.629955844727
529,1,FN,-7.087547074128755,-0.13840612536559063
530,1,FN,-7.087547074128755,-0.13840612536559063
531,1,FN,-7.087547074128755,-0.13840612536559063
532,1,FN,-7.087547074128755,-0.13840612536559063
533,1,TP,24.213083820857772,6.639923250426576
535,1,TP,-7.087547074128755,-0.13840612536559063
537,1,TP,24.213083820857772,6.639923250426576
538,1,FN,-7.087547074128755,-0.13840612536559063
542,1,TP,25.196392414502675,-5.629955844727
543,1,TP,25.16251593783382,0.9498868248940869
544,1,FN,-7.087547074128755,-0.13840612536559063
545,1,TP,25.196392414502675,-5.629955844727
546,1,TP,23.8163714149316,-0.30028888571786666
547,1,TP,24.576334720105226,-2.601873097401519
548,1,TP,25.16251593783382,0.9498868248940869
549,1,FN,-7.087547074128755,-0.13840612536559063
552,1,FN,-7.087547074128755,-0.13840612536559063
555,1,FN,-7.087547074128755,-0.13840612536559063
556,1,TP,-7.087547074128755,-0.13840612536559063
558,1,FN,-7.087547074128755,-0.13840612536559063
559,1,TP,24.77482204935812,0.8903994435847756
561,1,TP,-7.087547074128755,-0.13840612536559063
563,1,TP,-7.087547074128755,-0.13840612536559063
565,1,TP,24.213083820857772,6.639923250426576
566,1,FN,-7.087547074128755,-0.13840612536559063
567,1,FN,-7.087547074128755,-0.13840612536559063
568,1,FN,-7.087547074128755,-0.13840612536559063
569,1,TP,25.196392414502675,-5.629955844727
570,1,FN,-7.087547074128755,-0.13840612536559063
573,1,TP,25.16251593783382,0.9498868248940869
575,1,FN,-7.087547074128755,-0.13840612536559063
576,1,FN,-7.087547074128755,-0.13840612536559063
577,1,TP,25.196392414502675,-5.629955844727
578,1,FN,-7.087547074128755,-0.13840612536559063
579,1,TP,25.196392414502675,-5.629955844727
580,1,TP,24.049267997862238,-1.647979824173455
582,1,TP,25.196392414502675,-5.629955844727
585,1,FN,-7.087547074128755,-0.13840612536559063
586,1,TP,24.77482204935812,0.8903994435847756
588,1,FN,-7.087547074128755,-0.13840612536559063
589,1,TP,23.882252948208045,-1.0882211239229684
590,1,FN,-7.087547074128755,-0.13840612536559063
591,1,FN,-7.087547074128755,-0.13840612536559063
592,1,FN,-7.087547074128755,-0.13840612536559063
593,1,FN,-7.087547074128755,-0.13840612536559063
595,1,FN,-7.087547074128755,-0.13840612536559063
596,1,FN,-7.087547074128755,-0.13840612536559063
597,1,TP,-7.087547074128755,-0.13840612536559063
599,1,FN,-7.087547074128755,-0.13840612536559063
600,1,FN,-7.087547074128755,-0.13840612536559063
601,1,FN,-7.087547074128755,-0.13840612536559063
602,1,FN,-7.087547074128755,-0.13840612536559063
603,1,TP,24.049267997862238,-1.647979824173455
604,1,FN,-7.087547074128755,-0.13840612536559063
605,1,FN,-7.087547074128755,-0.13840612536559063
607,1,FN,-7.087547074128755,-0.13840612536559063
608,1,TP,25.196392414502675,-5.629955844727
609,1,FN,-7.087547074128755,-0.13840612536559063
610,1,FN,-7.087547074128755,-0.13840612536559063
612,1,TP,24.37039551609171,-2.714529023942328
614,1,FN,-7.087547074128755,-0.13840612536559063
616,1,FN,-7.087547074128755,-0.13840612536559063
618,1,TP,25.196392414502675,-5.629955844727
619,1,TP,25.196392414502675,-5.629955844727
621,1,FN,-7.087547074128755,-0.13840612536559063
622,1,TP,24.77482204935812,0.8903994435847756
623,1,FN,-7.087547074128755,-0.13840612536559063
624,1,FN,-7.087547074128755,-0.13840612536559063
625,1,FN,-7.087547074128755,-0.13840612536559063
629,1,FN,-7.087547074128755,-0.13840612536559063
630,1,FN,-7.087547074128755,-0.13840612536559063
631,1,TP,24.77482204935812,0.8903994435847756
632,1,TP,25.196392414502675,-5.629955844727
633,1,TP,-7.087547074128755,-0.13840612536559063
635,1,FN,-7.087547074128755,-0.13840612536559063
636,1,TP,25.16251593783382,0.9498868248940869
638,0,TN,7.793104963875588,0.6326338533464331
640,0,TN,7.842893553425974,0.6191125212903588
641,0,TN,-7.087547074128755,-0.13840612536559063
642,0,TN,-7.087547074128755,-0.13840612536559063
644,0,TN,8.407496056242731,4.564264055364017
645,0,TN,-7.087547074128755,-0.13840612536559063
646,0,TN,8.407496056242731,4.564264055364017
648,0,TN,-7.087547074128755,-0.13840612536559063
649,0,TN,-7.087547074128755,-0.13840612536559063
650,0,TN,-7.087547074128755,-0.13840612536559063
651,0,TN,-7.087547074128755,-0.13840612536559063
652,0,TN,-7.087547074128755,-0.13840612536559063
656,0,FP,25.196392414502675,-5.629955844727
657,0,TN,-7.087547074128755,-0.13840612536559063
658,0,TN,-7.087547074128755,-0.13840612536559063
659,0,FP,25.196392414502675,-5.629955844727
665,0,TN,-7.087547074128755,-0.13840612536559063
667,0,TN,-7.087547074128755,-0.13840612536559063
671,0,TN,-7.087547074128755,-0.13840612536559063
674,0,TN,-7.087547074128755,-0.13840612536559063
675,0,TN,-7.087547074128755,-0.13840612536559063
680,0,FP,24.213083820857772,6.639923250426576
681,0,TN,-7.087547074128755,-0.13840612536559063
682,0,TN,-7.087547074128755,-0.13840612536559063
683,0,TN,-7.087547074128755,-0.13840612536559063
684,0,FP,24.576334720105226,-2.601873097401519
685,0,TN,-7.087547074128755,-0.13840612536559063
686,0,TN,-7.087547074128755,-0.13840612536559063
687,0,TN,23.149182682422328,0.8832164538622967
689,0,TN,-7.087547074128755,-0.13840612536559063
691,0,TN,-7.087547074128755,-0.13840612536559063
696,0,TN,-7.087547074128755,-0.13840612536559063
697,0,TN,-7.087547074128755,-0.13840612536559063
701,0,TN,-7.087547074128755,-0.13840612536559063
712,0,TN,-7.087547074128755,-0.13840612536559063
715,0,TN,24.213083820857772,6.639923250426576
717,0,FP,24.213083820857772,6.639923250426576
719,0,TN,8.407496056242731,4.564264055364017
722,0,TN,-7.087547074128755,-0.13840612536559063
723,0,TN,-7.087547074128755,-0.13840612536559063
727,0,TN,-7.087547074128755,-0.13840612536559063
731,0,FP,24.213083820857772,6.639923250426576
732,0,TN,-7.087547074128755,-0.13840612536559063
733,0,TN,-7.087547074128755,-0.13840612536559063
734,0,TN,8.407496056242731,4.564264055364017
735,0,TN,-7.087547074128755,-0.13840612536559063
736,0,TN,-7.087547074128755,-0.13840612536559063
737,0,TN,8.407496056242731,4.564264055364017
738,0,TN,-7.087547074128755,-0.13840612536559063
739,0,TN,-7.087547074128755,-0.13840612536559063
740,0,TN,-7.087547074128755,-0.13840612536559063
741,0,TN,-7.087547074128755,-0.13840612536559063
742,0,TN,-7.087547074128755,-0.13840612536559063
744,0,TN,-7.087547074128755,-0.13840612536559063
745,0,TN,-7.087547074128755,-0.13840612536559063
748,0,FP,24.77482204935812,0.8903994435847756
749,0,TN,-7.087547074128755,-0.13840612536559063
750,0,TN,-7.087547074128755,-0.13840612536559063
769,0,TN,-7.087547074128755,-0.13840612536559063
771,0,FP,24.213083820857772,6.639923250426576
772,0,TN,-7.087547074128755,-0.13840612536559063
773,0,TN,-7.087547074128755,-0.13840612536559063
774,0,TN,-7.087547074128755,-0.13840612536559063
775,0,TN,-7.087547074128755,-0.13840612536559063
776,0,TN,-7.087547074128755,-0.13840612536559063
777,0,TN,-7.087547074128755,-0.13840612536559063
778,0,TN,-7.087547074128755,-0.13840612536559063
779,0,TN,-7.087547074128755,-0.13840612536559063
780,0,TN,-7.087547074128755,-0.13840612536559063
781,0,TN,-7.087547074128755,-0.13840612536559063
782,0,TN,-7.087547074128755,-0.13840612536559063
783,0,TN,-7.087547074128755,-0.13840612536559063
784,0,TN,-7.087547074128755,-0.13840612536559063
785,0,TN,-7.087547074128755,-0.13840612536559063
787,0,TN,-7.087547074128755,-0.13840612536559063
789,0,TN,-7.087547074128755,-0.13840612536559063
790,0,TN,-7.087547074128755,-0.13840612536559063
791,0,TN,-7.087547074128755,-0.13840612536559063
792,0,TN,-7.087547074128755,-0.13840612536559063
793,0,TN,-7.087547074128755,-0.13840612536559063
794,0,TN,-7.087547074128755,-0.13840612536559063
795,0,TN,-7.087547074128755,-0.13840612536559063
796,0,TN,-7.087547074128755,-0.13840612536559063
798,0,TN,-7.087547074128755,-0.13840612536559063
799,0,TN,-7.087547074128755,-0.13840612536559063
801,0,TN,-7.087547074128755,-0.13840612536559063
803,0,TN,-7.087547074128755,-0.13840612536559063
804,0,TN,8.151817142048312,2.8821438265078414
805,0,TN,-7.087547074128755,-0.13840612536559063
806,0,TN,-7.087547074128755,-0.13840612536559063
807,0,TN,-7.087547074128755,-0.13840612536559063
808,0,TN,8.407496056242731,4.564264055364017
810,0,TN,8.407496056242731,4.564264055364017
812,0,TN,-7.087547074128755,-0.13840612536559063
813,0,TN,-7.087547074128755,-0.13840612536559063
814,0,TN,-7.087547074128755,-0.13840612536559063
815,0,TN,-7.087547074128755,-0.13840612536559063
816,0,TN,-7.087547074128755,-0.13840612536559063
817,0,TN,-7.087547074128755,-0.13840612536559063
818,0,TN,8.151817142048312,2.8821438265078414
819,0,TN,-7.087547074128755,-0.13840612536559063
820,0,TN,-7.087547074128755,-0.13840612536559063
821,0,TN,-7.087547074128755,-0.13840612536559063
822,0,TN,-7.087547074128755,-0.13840612536559063
823,0,TN,-7.087547074128755,-0.13840612536559063
824,0,TN,7.793104963875588,0.6326338533464331
827,0,TN,-7.087547074128755,-0.13840612536559063
830,0,TN,-7.087547074128755,-0.13840612536559063
831,0,TN,-7.087547074128755,-0.13840612536559063
833,0,TN,-7.087547074128755,-0.13840612536559063
834,0,TN,-7.087547074128755,-0.13840612536559063
835,0,TN,-7.087547074128755,-0.13840612536559063
836,0,TN,-7.087547074128755,-0.13840612536559063
837,0,TN,-7.087547074128755,-0.13840612536559063
838,0,TN,-7.087547074128755,-0.13840612536559063
839,0,TN,-7.087547074128755,-0.13840612536559063
840,0,TN,-7.087547074128755,-0.13840612536559063
841,0,TN,7.805374010002437,0.6294265179537593
842,0,TN,-7.087547074128755,-0.13840612536559063
843,0,TN,-7.087547074128755,-0.13840612536559063
844,0,TN,-7.087547074128755,-0.13840612536559063
845,0,TN,7.793104963875588,0.6326338533464331
846,0,TN,-7.087547074128755,-0.13840612536559063
851,0,FP,-7.087547074128755,-0.13840612536559063
852,0,TN,-7.087547074128755,-0.13840612536559063
853,0,TN,7.793104963875588,0.6326338533464331
854,0,TN,-7.087547074128755,-0.13840612536559063
855,0,TN,8.031921125308969,0.34655063615529375
856,0,TN,-7.087547074128755,-0.13840612536559063
857,0,TN,-7.087547074128755,-0.13840612536559063
858,0,TN,-7.087547074128755,-0.13840612536559063
859,0,TN,-7.087547074128755,-0.13840612536559063
860,0,TN,-7.087547074128755,-0.13840612536559063
861,0,TN,-7.087547074128755,-0.13840612536559063
862,0,TN,8.407496056242731,4.564264055364017
863,0,TN,-7.087547074128755,-0.13840612536559063
864,0,TN,-7.087547074128755,-0.13840612536559063
865,0,TN,-7.087547074128755,-0.13840612536559063
866,0,FP,25.196392414502675,-5.629955844727
868,0,TN,-7.087547074128755,-0.13840612536559063
870,0,TN,-7.087547074128755,-0.13840612536559063
871,0,FP,-7.087547074128755,-0.13840612536559063
872,0,TN,-7.087547074128755,-0.13840612536559063
873,0,TN,-7.087547074128755,-0.13840612536559063
874,0,TN,-7.087547074128755,-0.13840612536559063
875,0,TN,-7.087547074128755,-0.13840612536559063
876,0,TN,-7.087547074128755,-0.13840612536559063
877,0,FP,25.196392414502675,-5.629955844727
879,0,TN,-7.087547074128755,-0.13840612536559063
881,0,TN,-7.087547074128755,-0.13840612536559063
885,0,TN,-7.087547074128755,-0.13840612536559063
888,0,TN,-7.087547074128755,-0.13840612536559063
889,0,TN,-7.087547074128755,-0.13840612536559063
897,0,TN,-7.087547074128755,-0.13840612536559063
904,0,TN,-7.087547074128755,-0.13840612536559063
905,0,FP,24.576334720105226,-2.601873097401519
908,0,TN,7.830430852400334,0.6228406804065737
909,0,TN,-7.087547074128755,-0.13840612536559063
910,0,TN,-7.087547074128755,-0.13840612536559063
911,0,TN,8.151817142048312,2.8821438265078414
912,0,TN,-7.087547074128755,-0.13840612536559063
913,0,TN,-7.087547074128755,-0.13840612536559063
914,0,TN,-7.087547074128755,-0.13840612536559063
916,0,TN,8.407496056242731,4.564264055364017
917,0,TN,-7.087547074128755,-0.13840612536559063
918,0,TN,-7.087547074128755,-0.13840612536559063
920,0,FP,25.196392414502675,-5.629955844727
921,0,FP,25.16251593783382,0.9498868248940869
922,0,TN,-7.087547074128755,-0.13840612536559063
923,0,TN,8.031921125308969,0.34655063615529375
924,0,TN,8.407496056242731,4.564264055364017
925,0,TN,-7.087547074128755,-0.13840612536559063
926,0,TN,-7.087547074128755,-0.13840612536559063
927,0,TN,-7.087547074128755,-0.13840612536559063
928,0,TN,-7.087547074128755,-0.13840612536559063
929,0,TN,-7.087547074128755,-0.13840612536559063
930,0,TN,-7.087547074128755,-0.13840612536559063
931,0,FP,25.196392414502675,-5.629955844727
936,0,TN,-7.087547074128755,-0.13840612536559063
937,0,FP,24.213083820857772,6.639923250426576
940,0,TN,-7.087547074128755,-0.13840612536559063
941,0,TN,8.031921125308969,0.34655063615529375
942,0,TN,8.407496056242731,4.564264055364017
943,0,TN,-7.087547074128755,-0.13840612536559063
944,0,TN,-7.087547074128755,-0.13840612536559063
945,0,TN,8.407496056242731,4.564264055364017
946,0,TN,-7.087547074128755,-0.13840612536559063
947,0,TN,-7.087547074128755,-0.13840612536559063
948,0,TN,-7.087547074128755,-0.13840612536559063
949,0,TN,-7.087547074128755,-0.13840612536559063
950,0,TN,-7.087547074128755,-0.13840612536559063
952,0,TN,-7.087547074128755,-0.13840612536559063
953,0,TN,-7.087547074128755,-0.13840612536559063
954,0,TN,-7.087547074128755,-0.13840612536559063
958,0,TN,-7.087547074128755,-0.13840612536559063
959,0,TN,-7.087547074128755,-0.13840612536559063
960,0,FP,25.196392414502675,-5.629955844727
962,0,TN,7.793104963875588,0.6326338533464331
963,0,TN,-7.087547074128755,-0.13840612536559063
965,0,TN,-7.087547074128755,-0.13840612536559063
966,0,FP,25.16251593783382,0.9498868248940869
967,0,TN,-7.087547074128755,-0.13840612536559063
968,0,TN,8.407496056242731,4.564264055364017
970,0,TN,8.407496056242731,4.564264055364017
971,0,TN,-7.087547074128755,-0.13840612536559063
972,0,TN,-7.087547074128755,-0.13840612536559063
973,0,TN,-7.087547074128755,-0.13840612536559063
974,0,TN,-7.087547074128755,-0.13840612536559063
975,0,TN,-7.087547074128755,-0.13840612536559063
976,0,TN,8.407496056242731,4.564264055364017
977,0,TN,-7.087547074128755,-0.13840612536559063
978,0,TN,-7.087547074128755,-0.13840612536559063
980,0,TN,7.805374010002437,0.6294265179537593
986,0,FP,-7.087547074128755,-0.13840612536559063
987,0,TN,-7.087547074128755,-0.13840612536559063
989,0,TN,-7.087547074128755,-0.13840612536559063
990,0,TN,-7.087547074128755,-0.13840612536559063
991,0,TN,-7.087547074128755,-0.13840612536559063
992,0,TN,-7.087547074128755,-0.13840612536559063
994,0,TN,-7.087547074128755,-0.13840612536559063
995,0,TN,-7.087547074128755,-0.13840612536559063
996,0,TN,-7.087547074128755,-0.13840612536559063
999,0,TN,-7.087547074128755,-0.13840612536559063
1000,0,TN,-7.087547074128755,-0.13840612536559063
1002,0,TN,-7.087547074128755,-0.13840612536559063
1003,0,TN,-7.087547074128755,-0.13840612536559063
1005,0,FP,-7.087547074128755,-0.13840612536559063
1007,0,TN,7.793104963875588,0.6326338533464331
1008,0,TN,-7.087547074128755,-0.13840612536559063
1009,0,TN,-7.087547074128755,-0.13840612536559063
1010,0,TN,-7.087547074128755,-0.13840612536559063
1011,0,TN,-7.087547074128755,-0.13840612536559063
1012,0,TN,-7.087547074128755,-0.13840612536559063
1013,0,TN,8.407496056242731,4.564264055364017
1015,0,TN,-7.087547074128755,-0.13840612536559063
1017,0,TN,-7.087547074128755,-0.13840612536559063
1018,0,TN,-7.087547074128755,-0.13840612536559063
1019,0,TN,-7.087547074128755,-0.13840612536559063
1026,0,TN,-7.087547074128755,-0.13840612536559063
1027,0,TN,-7.087547074128755,-0.13840612536559063
1028,0,TN,-7.087547074128755,-0.13840612536559063
1029,0,TN,-7.087547074128755,-0.13840612536559063
1030,0,TN,-7.087547074128755,-0.13840612536559063
1031,0,FP,25.16251593783382,0.9498868248940869
1033,0,TN,-7.087547074128755,-0.13840612536559063
1034,0,TN,-7.087547074128755,-0.13840612536559063
1035,0,TN,-7.087547074128755,-0.13840612536559063
1036,0,TN,-7.087547074128755,-0.13840612536559063
1037,0,TN,-7.087547074128755,-0.13840612536559063
1038,0,TN,-7.087547074128755,-0.13840612536559063
1039,0,TN,-7.087547074128755,-0.13840612536559063
1040,0,TN,-7.087547074128755,-0.13840612536559063
1041,0,TN,-7.087547074128755,-0.13840612536559063
1042,0,TN,-7.087547074128755,-0.13840612536559063
1043,0,TN,-7.087547074128755,-0.13840612536559063
1045,0,TN,-7.087547074128755,-0.13840612536559063
1046,0,TN,-7.087547074128755,-0.13840612536559063
1047,0,TN,-7.087547074128755,-0.13840612536559063
1048,0,FP,25.16251593783382,0.9498868248940869
1049,0,TN,-7.087547074128755,-0.13840612536559063
1050,0,TN,-7.087547074128755,-0.13840612536559063
1051,0,TN,-7.087547074128755,-0.13840612536559063
1052,0,TN,-7.087547074128755,-0.13840612536559063
1053,0,TN,-7.087547074128755,-0.13840612536559063
1054,0,TN,8.407496056242731,4.564264055364017
1056,0,TN,-7.087547074128755,-0.13840612536559063
1058,0,TN,-7.087547074128755,-0.13840612536559063
1063,0,TN,-7.087547074128755,-0.13840612536559063
1064,0,TN,-7.087547074128755,-0.13840612536559063
1065,0,TN,-7.087547074128755,-0.13840612536559063
1066,0,TN,-7.087547074128755,-0.13840612536559063
1071,0,TN,8.407496056242731,4.564264055364017
1073,0,TN,-7.087547074128755,-0.13840612536559063
1074,0,TN,-7.087547074128755,-0.13840612536559063
1077,0,FP,24.213083820857772,6.639923250426576
1078,0,TN,-7.087547074128755,-0.13840612536559063
1079,0,TN,-7.087547074128755,-0.13840612536559063
1080,0,TN,-7.087547074128755,-0.13840612536559063
1081,0,TN,-7.087547074128755,-0.13840612536559063
1082,0,TN,-7.087547074128755,-0.13840612536559063
1084,0,TN,-7.087547074128755,-0.13840612536559063
1094,0,FP,-7.087547074128755,-0.13840612536559063
1095,0,TN,-7.087547074128755,-0.13840612536559063
1100,0,TN,-7.087547074128755,-0.13840612536559063
1105,0,TN,-7.087547074128755,-0.13840612536559063
1108,0,TN,-7.087547074128755,-0.13840612536559063
1109,0,TN,-7.087547074128755,-0.13840612536559063
1112,0,TN,-7.087547074128755,-0.13840612536559063
1114,0,TN,-7.087547074128755,-0.13840612536559063
1115,0,TN,-7.087547074128755,-0.13840612536559063
1120,0,FP,-7.087547074128755,-0.13840612536559063
1122,0,TN,-7.087547074128755,-0.13840612536559063
1123,0,TN,-7.087547074128755,-0.13840612536559063
1124,0,TN,-7.087547074128755,-0.13840612536559063
1126,0,TN,-7.087547074128755,-0.13840612536559063
1127,0,TN,-7.087547074128755,-0.13840612536559063
1128,0,TN,-7.087547074128755,-0.13840612536559063
1129,0,TN,-7.087547074128755,-0.13840612536559063
1130,0,TN,-7.087547074128755,-0.13840612536559063
1131,0,TN,-7.087547074128755,-0.13840612536559063
1132,0,TN,-7.087547074128755,-0.13840612536559063
1133,0,TN,-7.087547074128755,-0.13840612536559063
1134,0,TN,-7.087547074128755,-0.13840612536559063
1135,0,TN,-7.087547074128755,-0.13840612536559063
1136,0,TN,-7.087547074128755,-0.13840612536559063
1139,0,TN,-7.087547074128755,-0.13840612536559063
1140,0,TN,-7.087547074128755,-0.13840612536559063
1141,0,TN,-7.087547074128755,-0.13840612536559063
1143,0,TN,-7.087547074128755,-0.13840612536559063
1146,0,TN,-7.087547074128755,-0.13840612536559063
1149,0,TN,-7.087547074128755,-0.13840612536559063
1150,0,TN,-7.087547074128755,-0.13840612536559063
1151,0,TN,-7.087547074128755,-0.13840612536559063
1152,0,TN,-7.087547074128755,-0.13840612536559063
1153,0,TN,-7.087547074128755,-0.13840612536559063
1154,0,TN,-7.087547074128755,-0.13840612536559063
1156,0,TN,-7.087547074128755,-0.13840612536559063
1157,0,TN,-7.087547074128755,-0.13840612536559063
1158,0,TN,-7.087547074128755,-0.13840612536559063
1159,0,TN,-7.087547074128755,-0.13840612536559063
1160,0,TN,-7.087547074128755,-0.13840612536559063
1161,0,TN,-7.087547074128755,-0.13840612536559063
1162,0,TN,-7.087547074128755,-0.13840612536559063
1163,0,TN,8.031921125308969,0.34655063615529375
1166,0,TN,-7.087547074128755,-0.13840612536559063
1170,0,TN,-7.087547074128755,-0.13840612536559063
1172,0,TN,-7.087547074128755,-0.13840612536559063
1175,0,TN,-7.087547074128755,-0.13840612536559063
1182,0,TN,-7.087547074128755,-0.13840612536559063
1184,0,TN,-7.087547074128755,-0.13840612536559063
1189,0,FP,-7.087547074128755,-0.13840612536559063
1190,0,TN,-7.087547074128755,-0.13840612536559063
1191,0,TN,-7.087547074128755,-0.13840612536559063
1192,0,TN,-7.087547074128755,-0.13840612536559063
1193,0,TN,-7.087547074128755,-0.13840612536559063
1194,0,FP,25.196392414502675,-5.629955844727
1195,0,TN,-7.087547074128755,-0.13840612536559063
1200,0,FP,24.213083820857772,6.639923250426576
1201,0,TN,-7.087547074128755,-0.13840612536559063
1202,0,TN,-7.087547074128755,-0.13840612536559063
1211,0,FP,-7.087547074128755,-0.13840612536559063
1213,0,TN,-7.087547074128755,-0.13840612536559063
1214,0,FP,25.196392414502675,-5.629955844727
1219,0,TN,-7.087547074128755,-0.13840612536559063
1221,0,TN,-7.087547074128755,-0.13840612536559063
1222,0,FP,25.196392414502675,-5.629955844727
1224,0,TN,-7.087547074128755,-0.13840612536559063
1225,0,TN,-7.087547074128755,-0.13840612536559063
1226,0,TN,-7.087547074128755,-0.13840612536559063
1227,0,TN,-7.087547074128755,-0.13840612536559063
1229,0,TN,-7.087547074128755,-0.13840612536559063
1230,0,TN,-7.087547074128755,-0.13840612536559063
1231,0,TN,-7.087547074128755,-0.13840612536559063
1232,0,TN,-7.087547074128755,-0.13840612536559063
1233,0,TN,-7.087547074128755,-0.13840612536559063
1234,0,TN,-7.087547074128755,-0.13840612536559063
1235,0,TN,8.407496056242731,4.564264055364017
1237,0,TN,-7.087547074128755,-0.13840612536559063
1244,0,TN,-7.087547074128755,-0.13840612536559063
1247,0,TN,-7.087547074128755,-0.13840612536559063
1248,0,TN,-7.087547074128755,-0.13840612536559063
1249,0,TN,-7.087547074128755,-0.13840612536559063
1250,0,TN,-7.087547074128755,-0.13840612536559063
1251,0,FP,24.77482204935812,0.8903994435847756
1252,0,TN,-7.087547074128755,-0.13840612536559063
1253,0,TN,-7.087547074128755,-0.13840612536559063
1254,0,TN,-7.087547074128755,-0.13840612536559063
1256,0,TN,-7.087547074128755,-0.13840612536559063
1257,0,TN,-7.087547074128755,-0.13840612536559063
1258,0,FP,25.196392414502675,-5.629955844727
1260,0,FP,25.16251593783382,0.9498868248940869
1261,0,TN,-7.087547074128755,-0.13840612536559063
1262,0,TN,-7.087547074128755,-0.13840612536559063
1265,0,TN,8.031921125308969,0.34655063615529375
1266,0,TN,-7.087547074128755,-0.13840612536559063
1267,0,TN,-7.087547074128755,-0.13840612536559063
1268,0,TN,-7.087547074128755,-0.13840612536559063
1270,0,TN,-7.087547074128755,-0.13840612536559063
1271,0,TN,-7.087547074128755,-0.13840612536559063
1272,0,TN,-7.087547074128755,-0.13840612536559063
1273,0,TN,-7.087547074128755,-0.13840612536559063
1274,0,TN,-7.087547074128755,-0.13840612536559063
1275,0,TN,-7.087547074128755,-0.13840612536559063
1276,0,TN,8.407496056242731,4.564264055364017
1281,0,TN,-7.087547074128755,-0.13840612536559063
1283,0,TN,-7.087547074128755,-0.13840612536559063
1286,0,FP,25.196392414502675,-5.629955844727
1287,0,TN,8.407496056242731,4.564264055364017
1288,0,TN,-7.087547074128755,-0.13840612536559063
1289,0,TN,-7.087547074128755,-0.13840612536559063
1290,0,TN,-7.087547074128755,-0.13840612536559063
1291,0,TN,-7.087547074128755,-0.13840612536559063
1292,0,TN,-7.087547074128755,-0.13840612536559063
1293,0,TN,-7.087547074128755,-0.13840612536559063
1294,0,TN,-7.087547074128755,-0.13840612536559063
1295,0,TN,-7.087547074128755,-0.13840612536559063
1296,0,TN,-7.087547074128755,-0.13840612536559063
1298,0,TN,8.407496056242731,4.564264055364017
1299,0,TN,-7.087547074128755,-0.13840612536559063
1300,0,TN,-7.087547074128755,-0.13840612536559063
1301,0,TN,-7.087547074128755,-0.13840612536559063
1303,0,TN,-7.087547074128755,-0.13840612536559063
1305,0,TN,-7.087547074128755,-0.13840612536559063
1309,0,TN,-7.087547074128755,-0.13840612536559063
1310,0,TN,-7.087547074128755,-0.13840612536559063
1314,0,FP,24.213083820857772,6.639923250426576
1315,0,TN,-7.087547074128755,-0.13840612536559063
1316,0,TN,-7.087547074128755,-0.13840612536559063
1317,0,TN,-7.087547074128755,-0.13840612536559063
1318,0,TN,-7.087547074128755,-0.13840612536559063
1319,0,TN,-7.087547074128755,-0.13840612536559063
1321,0,TN,-7.087547074128755,-0.13840612536559063
1322,0,TN,-7.087547074128755,-0.13840612536559063
1323,0,TN,-7.087547074128755,-0.13840612536559063
1324,0,TN,-7.087547074128755,-0.13840612536559063
1325,0,TN,-7.087547074128755,-0.13840612536559063
1326,0,TN,-7.087547074128755,-0.13840612536559063
1327,0,TN,-7.087547074128755,-0.13840612536559063
1328,0,TN,-7.087547074128755,-0.13840612536559063
1329,0,TN,-7.087547074128755,-0.13840612536559063
1330,0,TN,-7.087547074128755,-0.13840612536559063
1331,0,TN,-7.087547074128755,-0.13840612536559063
1332,0,TN,-7.087547074128755,-0.13840612536559063
1334,0,TN,-7.087547074128755,-0.13840612536559063
1338,0,TN,-7.087547074128755,-0.13840612536559063
1341,0,TN,-7.087547074128755,-0.13840612536559063
1345,0,TN,-7.087547074128755,-0.13840612536559063
1347,0,TN,-7.087547074128755,-0.13840612536559063
1349,0,TN,-7.087547074128755,-0.13840612536559063
1350,0,FP,24.213083820857772,6.639923250426576
1351,0,TN,8.151817142048312,2.8821438265078414
1352,0,TN,-7.087547074128755,-0.13840612536559063
1353,0,TN,-7.087547074128755,-0.13840612536559063
1355,0,TN,-7.087547074128755,-0.13840612536559063
1356,0,TN,-7.087547074128755,-0.13840612536559063
1357,0,TN,-7.087547074128755,-0.13840612536559063
1358,0,TN,-7.087547074128755,-0.13840612536559063
1359,0,TN,-7.087547074128755,-0.13840612536559063
1360,0,TN,-7.087547074128755,-0.13840612536559063
1361,0,TN,8.407496056242731,4.564264055364017
1362,0,FP,25.196392414502675,-5.629955844727
1363,0,TN,-7.087547074128755,-0.13840612536559063
1366,0,TN,-7.087547074128755,-0.13840612536559063
1368,0,TN,-7.087547074128755,-0.13840612536559063
1371,0,TN,-7.087547074128755,-0.13840612536559063
1372,0,TN,7.842893553425974,0.6191125212903588
1376,0,FP,25.196392414502675,-5.629955844727
1378,0,TN,-7.087547074128755,-0.13840612536559063
1379,0,TN,7.81505230717668,0.6268540955259946
1382,0,TN,-7.087547074128755,-0.13840612536559063
1383,0,TN,-7.087547074128755,-0.13840612536559063
1385,0,TN,-7.087547074128755,-0.13840612536559063
1386,0,TN,8.407496056242731,4.564264055364017
1388,0,TN,-7.087547074128755,-0.13840612536559063
1390,0,TN,8.407496056242731,4.564264055364017
1391,0,TN,-7.087547074128755,-0.13840612536559063
1392,0,TN,-7.087547074128755,-0.13840612536559063
1393,0,TN,-7.087547074128755,-0.13840612536559063
1394,0,TN,-7.087547074128755,-0.13840612536559063
1395,0,TN,-7.087547074128755,-0.13840612536559063
1396,0,TN,-7.087547074128755,-0.13840612536559063
1397,0,TN,-7.087547074128755,-0.13840612536559063
1402,0,TN,-7.087547074128755,-0.13840612536559063
1407,0,TN,-7.087547074128755,-0.13840612536559063
1409,0,TN,-7.087547074128755,-0.13840612536559063
1413,0,FP,25.16251593783382,0.9498868248940869
1415,0,TN,-7.087547074128755,-0.13840612536559063
1416,0,TN,-7.087547074128755,-0.13840612536559063
1417,0,TN,-7.087547074128755,-0.13840612536559063
1418,0,TN,-7.087547074128755,-0.13840612536559063
1421,0,TN,-7.087547074128755,-0.13840612536559063
1423,0,FP,24.213083820857772,6.639923250426576
1424,0,TN,-7.087547074128755,-0.13840612536559063
1425,0,TN,7.830430852400334,0.6228406804065737
1426,0,TN,-7.087547074128755,-0.13840612536559063
1428,0,TN,-7.087547074128755,-0.13840612536559063
1429,0,TN,-7.087547074128755,-0.13840612536559063
1432,0,TN,-7.087547074128755,-0.13840612536559063
1433,0,TN,-7.087547074128755,-0.13840612536559063
1434,0,TN,-7.087547074128755,-0.13840612536559063
1436,0,TN,-7.087547074128755,-0.13840612536559063
1437,0,TN,8.151817142048312,2.8821438265078414
1438,0,TN,8.407496056242731,4.564264055364017
1439,0,TN,-7.087547074128755,-0.13840612536559063
1440,0,TN,-7.087547074128755,-0.13840612536559063
1442,0,TN,8.031921125308969,0.34655063615529375
1443,0,TN,-7.087547074128755,-0.13840612536559063
1444,0,TN,-7.087547074128755,-0.13840612536559063
1445,0,TN,-7.087547074128755,-0.13840612536559063
1448,0,TN,7.805374010002437,0.6294265179537593
1449,0,TN,-7.087547074128755,-0.13840612536559063
1451,0,TN,-7.087547074128755,-0.13840612536559063
1454,0,FP,24.213083820857772,6.639923250426576
1455,0,TN,-7.087547074128755,-0.13840612536559063
1456,0,TN,-7.087547074128755,-0.13840612536559063
1457,0,TN,-7.087547074128755,-0.13840612536559063
1458,0,TN,-7.087547074128755,-0.13840612536559063
1459,0,FP,25.196392414502675,-5.629955844727
1462,0,TN,-7.087547074128755,-0.13840612536559063
1463,0,TN,-7.087547074128755,-0.13840612536559063
1468,0,FP,24.77482204935812,0.8903994435847756
1469,0,TN,-7.087547074128755,-0.13840612536559063
1470,0,TN,-7.087547074128755,-0.13840612536559063
1472,0,TN,-7.087547074128755,-0.13840612536559063
1473,0,FP,25.196392414502675,-5.629955844727
1474,0,TN,-7.087547074128755,-0.13840612536559063
1480,0,FP,24.213083820857772,6.639923250426576
1481,0,TN,8.407496056242731,4.564264055364017
1482,0,TN,7.842893553425974,0.6191125212903588
1483,0,TN,-7.087547074128755,-0.13840612536559063
1484,0,TN,-7.087547074128755,-0.13840612536559063
1486,0,TN,8.407496056242731,4.564264055364017
1490,0,TN,-7.087547074128755,-0.13840612536559063
1493,0,TN,-7.087547074128755,-0.13840612536559063
1494,0,TN,-7.087547074128755,-0.13840612536559063
1495,0,TN,-7.087547074128755,-0.13840612536559063
1498,0,TN,-7.087547074128755,-0.13840612536559063
1499,0,TN,-7.087547074128755,-0.13840612536559063
1501,0,TN,-7.087547074128755,-0.13840612536559063
1502,0,FP,-7.087547074128755,-0.13840612536559063
1503,0,TN,-7.087547074128755,-0.13840612536559063
1504,0,FP,25.196392414502675,-5.629955844727
1508,0,TN,-7.087547074128755,-0.13840612536559063
1512,0,TN,-7.087547074128755,-0.13840612536559063
1513,0,TN,-7.087547074128755,-0.13840612536559063
1517,0,TN,-7.087547074128755,-0.13840612536559063
1518,0,TN,-7.087547074128755,-0.13840612536559063
1519,0,TN,-7.087547074128755,-0.13840612536559063
1522,0,TN,-7.087547074128755,-0.13840612536559063
1525,0,FP,24.77482204935812,0.8903994435847756
1526,0,TN,7.793104963875588,0.6326338533464331
1527,0,TN,8.407496056242731,4.564264055364017
1528,0,TN,-7.087547074128755,-0.13840612536559063
1530,0,TN,-7.087547074128755,-0.13840612536559063
1531,0,FP,25.196392414502675,-5.629955844727
1532,0,TN,-7.087547074128755,-0.13840612536559063
1534,0,TN,-7.087547074128755,-0.13840612536559063
1536,0,FP,-7.087547074128755,-0.13840612536559063
1537,0,TN,-7.087547074128755,-0.13840612536559063
1538,0,TN,-7.087547074128755,-0.13840612536559063
1539,0,TN,-7.087547074128755,-0.13840612536559063
1540,0,TN,-7.087547074128755,-0.13840612536559063
1541,0,TN,-7.087547074128755,-0.13840612536559063
1542,0,TN,-7.087547074128755,-0.13840612536559063
1545,0,TN,-7.087547074128755,-0.13840612536559063
1546,0,TN,-7.087547074128755,-0.13840612536559063
1547,0,TN,8.151817142048312,2.8821438265078414
1548,0,TN,-7.087547074128755,-0.13840612536559063
1550,0,TN,-7.087547074128755,-0.13840612536559063
1551,0,TN,-7.087547074128755,-0.13840612536559063
1552,0,FP,25.196392414502675,-5.629955844727
1553,0,TN,-7.087547074128755,-0.13840612536559063
1555,0,TN,-7.087547074128755,-0.13840612536559063
1556,0,TN,-7.087547074128755,-0.13840612536559063
1558,0,TN,-7.087547074128755,-0.13840612536559063
1563,0,TN,-7.087547074128755,-0.13840612536559063
1564,0,TN,-7.087547074128755,-0.13840612536559063
1565,0,TN,8.407496056242731,4.564264055364017
1566,0,TN,-7.087547074128755,-0.13840612536559063
1568,0,TN,-7.087547074128755,-0.13840612536559063
1569,0,FP,25.196392414502675,-5.629955844727
1571,0,FP,23.8163714149316,-0.30028888571786666
1572,0,TN,-7.087547074128755,-0.13840612536559063
1573,0,TN,-7.087547074128755,-0.13840612536559063
1574,0,TN,-7.087547074128755,-0.13840612536559063
1575,0,TN,7.793104963875588,0.6326338533464331
1576,0,TN,-7.087547074128755,-0.13840612536559063
1577,0,TN,8.407496056242731,4.564264055364017
1578,0,TN,-7.087547074128755,-0.13840612536559063
1580,0,TN,-7.087547074128755,-0.13840612536559063
1581,0,TN,-7.087547074128755,-0.13840612536559063
1582,0,TN,-7.087547074128755,-0.13840612536559063
1583,0,TN,-7.087547074128755,-0.13840612536559063
1584,0,TN,-7.087547074128755,-0.13840612536559063
1585,0,TN,-7.087547074128755,-0.13840612536559063
1587,0,TN,-7.087547074128755,-0.13840612536559063
1588,0,TN,-7.087547074128755,-0.13840612536559063
1589,0,TN,-7.087547074128755,-0.13840612536559063
1590,0,TN,-7.087547074128755,-0.13840612536559063
1591,0,TN,-7.087547074128755,-0.13840612536559063
1592,0,TN,-7.087547074128755,-0.13840612536559063
1593,0,TN,-7.087547074128755,-0.13840612536559063
1594,0,TN,8.407496056242731,4.564264055364017
1595,0,TN,-7.087547074128755,-0.13840612536559063
1596,0,TN,-7.087547074128755,-0.13840612536559063
1597,0,TN,-7.087547074128755,-0.13840612536559063
1598,0,TN,-7.087547074128755,-0.13840612536559063
1599,0,TN,-7.087547074128755,-0.13840612536559063
1600,0,TN,-7.087547074128755,-0.13840612536559063
1601,0,TN,-7.087547074128755,-0.13840612536559063
1604,0,TN,-7.087547074128755,-0.13840612536559063
1606,0,FP,25.196392414502675,-5.629955844727
1607,0,TN,-7.087547074128755,-0.13840612536559063
1611,0,TN,-7.087547074128755,-0.13840612536559063
1614,0,TN,-7.087547074128755,-0.13840612536559063
1615,0,TN,-7.087547074128755,-0.13840612536559063
1620,0,TN,-7.087547074128755,-0.13840612536559063
1624,0,TN,-7.087547074128755,-0.13840612536559063
1625,0,TN,-7.087547074128755,-0.13840612536559063
1628,0,TN,-7.087547074128755,-0.13840612536559063
1633,0,TN,-7.087547074128755,-0.13840612536559063
1634,0,TN,-7.087547074128755,-0.13840612536559063
1636,0,TN,-7.087547074128755,-0.13840612536559063
1638,0,TN,-7.087547074128755,-0.13840612536559063
1640,0,TN,-7.087547074128755,-0.13840612536559063
1643,0,TN,-7.087547074128755,-0.13840612536559063
1648,0,TN,-7.087547074128755,-0.13840612536559063
1652,0,TN,-7.087547074128755,-0.13840612536559063
1653,0,FP,24.213083820857772,6.639923250426576
1654,0,TN,-7.087547074128755,-0.13840612536559063
1656,0,TN,-7.087547074128755,-0.13840612536559063
1661,0,TN,-7.087547074128755,-0.13840612536559063
1664,0,FP,24.77482204935812,0.8903994435847756
1665,0,TN,-7.087547074128755,-0.13840612536559063
1666,0,TN,-7.087547074128755,-0.13840612536559063
1667,0,TN,-7.087547074128755,-0.13840612536559063
1670,0,FP,24.576334720105226,-2.601873097401519
1671,0,TN,-7.087547074128755,-0.13840612536559063
1672,0,TN,-7.087547074128755,-0.13840612536559063
1673,0,TN,-7.087547074128755,-0.13840612536559063
1674,0,TN,-7.087547074128755,-0.13840612536559063
1676,0,TN,-7.087547074128755,-0.13840612536559063
1677,0,FP,24.213083820857772,6.639923250426576
1678,0,TN,-7.087547074128755,-0.13840612536559063
1679,0,TN,-7.087547074128755,-0.13840612536559063
1680,0,TN,-7.087547074128755,-0.13840612536559063
1681,0,TN,-7.087547074128755,-0.13840612536559063
1684,0,FP,25.196392414502675,-5.629955844727
1685,0,TN,-7.087547074128755,-0.13840612536559063
1687,0,TN,8.407496056242731,4.564264055364017
1688,0,TN,-7.087547074128755,-0.13840612536559063
1689,0,TN,-7.087547074128755,-0.13840612536559063
1690,0,TN,-7.087547074128755,-0.13840612536559063
1691,0,TN,-7.087547074128755,-0.13840612536559063
1692,0,TN,8.407496056242731,4.564264055364017
1693,0,TN,-7.087547074128755,-0.13840612536559063
1694,0,TN,-7.087547074128755,-0.13840612536559063
1695,0,TN,-7.087547074128755,-0.13840612536559063
1696,0,TN,-7.087547074128755,-0.13840612536559063
1697,0,TN,-7.087547074128755,-0.13840612536559063
1698,0,TN,-7.087547074128755,-0.13840612536559063
1699,0,TN,-7.087547074128755,-0.13840612536559063
1700,0,TN,-7.087547074128755,-0.13840612536559063
1701,0,FP,25.196392414502675,-5.629955844727
1702,0,TN,-7.087547074128755,-0.13840612536559063
1703,0,TN,-7.087547074128755,-0.13840612536559063
1705,0,FP,24.213083820857772,6.639923250426576
1706,0,TN,8.031921125308969,0.34655063615529375
1707,0,TN,7.842893553425974,0.6191125212903588
1708,0,TN,-7.087547074128755,-0.13840612536559063
1710,0,TN,-7.087547074128755,-0.13840612536559063
1711,0,TN,-7.087547074128755,-0.13840612536559063
1712,0,TN,-7.087547074128755,-0.13840612536559063
1713,0,TN,-7.087547074128755,-0.13840612536559063
1714,0,TN,-7.087547074128755,-0.13840612536559063
1715,0,TN,-7.087547074128755,-0.13840612536559063
1717,0,TN,-7.087547074128755,-0.13840612536559063
1718,0,TN,-7.087547074128755,-0.13840612536559063
1719,0,FP,25.196392414502675,-5.629955844727
1722,0,TN,-7.087547074128755,-0.13840612536559063
1723,0,TN,-7.087547074128755,-0.13840612536559063
1724,0,TN,-7.087547074128755,-0.13840612536559063
1725,0,TN,-7.087547074128755,-0.13840612536559063
1729,0,FP,-7.087547074128755,-0.13840612536559063
1730,0,TN,-7.087547074128755,-0.13840612536559063
1731,0,TN,-7.087547074128755,-0.13840612536559063
1732,0,TN,8.407496056242731,4.564264055364017
1733,0,TN,8.407496056242731,4.564264055364017
1734,0,TN,-7.087547074128755,-0.13840612536559063
1735,0,FP,25.196392414502675,-5.629955844727
1737,0,TN,-7.087547074128755,-0.13840612536559063
1739,0,TN,-7.087547074128755,-0.13840612536559063
1741,0,TN,-7.087547074128755,-0.13840612536559063
1746,0,FP,24.049267997862238,-1.647979824173455
1747,0,TN,-7.087547074128755,-0.13840612536559063
1748,0,TN,-7.087547074128755,-0.13840612536559063
1749,0,TN,-7.087547074128755,-0.13840612536559063
1750,0,TN,-7.087547074128755,-0.13840612536559063
1752,0,FP,25.196392414502675,-5.629955844727
1754,0,TN,-7.087547074128755,-0.13840612536559063
1755,0,FP,25.196392414502675,-5.629955844727
1757,0,TN,-7.087547074128755,-0.13840612536559063
1759,0,TN,7.805374010002437,0.6294265179537593
1760,0,TN,-7.087547074128755,-0.13840612536559063
1761,0,FP,24.213083820857772,6.639923250426576
1762,0,TN,-7.087547074128755,-0.1384061253655889
1763,0,TN,-7.087547074128755,-0.1384061253655889
1764,0,TN,7.830430852400334,0.6228406804065691
1765,0,TN,8.407496056242731,4.564264055364017
1766,0,TN,-7.087547074128755,-0.13840612536559063
1767,0,TN,-7.087547074128755,-0.13840612536559063
1768,0,TN,-7.087547074128755,-0.13840612536559063
1770,0,TN,-7.087547074128755,-0.13840612536559063
1771,0,TN,8.151817142048312,2.8821438265078414
1772,0,TN,-7.087547074128755,-0.13840612536559063
1773,0,TN,-7.087547074128755,-0.13840612536559063
1774,0,TN,-7.087547074128755,-0.13840612536559063
1775,0,TN,-7.087547074128755,-0.13840612536559063
1779,0,FP,-7.087547074128755,-0.13840612536559063
1780,0,TN,-7.087547074128755,-0.13840612536559063
1781,0,TN,7.81505230717668,0.6268540955259946
1782,0,TN,-7.087547074128755,-0.13840612536559063
1783,0,TN,-7.087547074128755,-0.13840612536559063
1784,0,FP,25.196392414502675,-5.629955844727
1785,0,TN,-7.087547074128755,-0.13840612536559063
1786,0,TN,-7.087547074128755,-0.13840612536559063
1787,0,TN,7.805374010002437,0.6294265179537593
1790,0,FP,-7.087547074128755,-0.13840612536559063
1791,0,TN,-7.087547074128755,-0.13840612536559063
1792,0,TN,-7.087547074128755,-0.13840612536559063
1793,0,TN,-7.087547074128755,-0.13840612536559063
1795,0,TN,-7.087547074128755,-0.13840612536559063
1796,0,TN,-7.087547074128755,-0.13840612536559063
1797,0,TN,-7.087547074128755,-0.13840612536559063
1798,0,TN,-7.087547074128755,-0.13840612536559063
1799,0,TN,-7.087547074128755,-0.13840612536559063
1800,0,TN,7.830430852400334,0.6228406804065737
1801,0,TN,-7.087547074128755,-0.13840612536559063
1802,0,TN,-7.087547074128755,-0.13840612536559063
1803,0,TN,-7.087547074128755,-0.13840612536559063
1804,0,TN,-7.087547074128755,-0.13840612536559063
1805,0,TN,-7.087547074128755,-0.13840612536559063
1806,0,TN,-7.087547074128755,-0.13840612536559063
1807,0,TN,8.151817142048312,2.8821438265078414
1808,0,TN,-7.087547074128755,-0.13840612536559063
1809,0,TN,-7.087547074128755,-0.13840612536559063
1810,0,TN,-7.087547074128755,-0.13840612536559063
1811,0,TN,-7.087547074128755,-0.13840612536559063
1813,0,TN,-7.087547074128755,-0.13840612536559063
1814,0,TN,-7.087547074128755,-0.13840612536559063
1816,0,TN,-7.087547074128755,-0.13840612536559063
1818,0,FP,24.213083820857772,6.639923250426576
1820,0,TN,-7.087547074128755,-0.13840612536559063
1822,0,TN,7.805374010002437,0.6294265179537593
1823,0,TN,-7.087547074128755,-0.13840612536559063
1824,0,TN,-7.087547074128755,-0.13840612536559063
1827,0,TN,-7.087547074128755,-0.13840612536559063
1828,0,TN,-7.087547074128755,-0.13840612536559063
1829,0,TN,-7.087547074128755,-0.13840612536559063
1830,0,FP,25.196392414502675,-5.629955844727
1831,0,TN,-7.087547074128755,-0.13840612536559063
1832,0,TN,-7.087547074128755,-0.13840612536559063
1834,0,TN,-7.087547074128755,-0.13840612536559063
1835,0,TN,-7.087547074128755,-0.13840612536559063
1836,0,TN,-7.087547074128755,-0.13840612536559063
1837,0,FP,25.196392414502675,-5.629955844727
1838,0,FP,25.16251593783382,0.9498868248940869
1839,0,FP,25.196392414502675,-5.629955844727
1840,0,TN,-7.087547074128755,-0.13840612536559063
1841,0,TN,-7.087547074128755,-0.13840612536559063
1845,0,TN,-7.087547074128755,-0.13840612536559063
1846,0,TN,-7.087547074128755,-0.13840612536559063
1848,0,TN,-7.087547074128755,-0.13840612536559063
1849,0,TN,-7.087547074128755,-0.13840612536559063
1853,0,TN,-7.087547074128755,-0.13840612536559063
1856,0,TN,7.805374010002437,0.6294265179537593
1857,0,TN,-7.087547074128755,-0.13840612536559063
1858,0,TN,-7.087547074128755,-0.13840612536559063
1859,0,TN,8.407496056242731,4.564264055364017
1861,0,TN,-7.087547074128755,-0.13840612536559063
1862,0,TN,-7.087547074128755,-0.13840612536559063
1863,0,TN,-7.087547074128755,-0.13840612536559063
1864,0,FP,-7.087547074128755,-0.13840612536559063
1865,0,TN,-7.087547074128755,-0.13840612536559063
1866,0,TN,-7.087547074128755,-0.13840612536559063
1867,0,TN,7.793104963875588,0.6326338533464331
1868,0,TN,8.407496056242731,4.564264055364017
1869,0,TN,-7.087547074128755,-0.13840612536559063
1870,0,FP,25.196392414502675,-5.629955844727
1872,0,TN,-7.087547074128755,-0.13840612536559063
1873,0,TN,-7.087547074128755,-0.13840612536559063
1875,0,TN,-7.087547074128755,-0.13840612536559063
1877,0,TN,-7.087547074128755,-0.13840612536559063
1880,0,TN,-7.087547074128755,-0.13840612536559063
1882,0,TN,7.842893553425974,0.6191125212903588
1883,0,TN,-7.087547074128755,-0.13840612536559063
1886,0,FP,-7.087547074128755,-0.13840612536559063
1887,0,TN,-7.087547074128755,-0.13840612536559063
1888,0,TN,-7.087547074128755,-0.13840612536559063
1889,0,TN,-7.087547074128755,-0.13840612536559063
1890,0,TN,-7.087547074128755,-0.13840612536559063
1891,0,TN,-7.087547074128755,-0.13840612536559063
1893,0,TN,-7.087547074128755,-0.13840612536559063
1894,0,TN,-7.087547074128755,-0.13840612536559063
1895,0,TN,-7.087547074128755,-0.13840612536559063
1896,0,TN,-7.087547074128755,-0.13840612536559063
1897,0,TN,-7.087547074128755,-0.13840612536559063
1898,0,FP,25.196392414502675,-5.629955844727
1900,0,TN,-7.087547074128755,-0.13840612536559063
1902,0,TN,-7.087547074128755,-0.13840612536559063
1904,0,TN,-7.087547074128755,-0.13840612536559063
1906,0,TN,-7.087547074128755,-0.13840612536559063
1909,0,TN,-7.087547074128755,-0.13840612536559063
1911,0,FP,-7.087547074128755,-0.13840612536559063
1914,0,TN,-7.087547074128755,-0.13840612536559063
1915,0,TN,-7.087547074128755,-0.13840612536559063
1916,0,TN,-7.087547074128755,-0.13840612536559063
1917,0,TN,-7.087547074128755,-0.13840612536559063
1918,0,TN,-7.087547074128755,-0.13840612536559063
1919,0,TN,-7.087547074128755,-0.13840612536559063
1920,0,TN,-7.087547074128755,-0.13840612536559063
1921,0,TN,-7.087547074128755,-0.13840612536559063
1922,0,TN,-7.087547074128755,-0.13840612536559063
1923,0,TN,-7.087547074128755,-0.13840612536559063
1925,0,TN,-7.087547074128755,-0.13840612536559063
1926,0,TN,-7.087547074128755,-0.13840612536559063
1933,0,TN,-7.087547074128755,-0.13840612536559063
1936,0,TN,-7.087547074128755,-0.13840612536559063
1940,0,TN,-7.087547074128755,-0.13840612536559063
1943,0,TN,-7.087547074128755,-0.13840612536559063
1944,0,TN,-7.087547074128755,-0.13840612536559063
1945,0,TN,-7.087547074128755,-0.13840612536559063
1946,0,TN,-7.087547074128755,-0.13840612536559063
1948,0,TN,7.842893553425974,0.6191125212903588
1950,0,FP,24.213083820857772,6.639923250426576
1951,0,TN,-7.087547074128755,-0.13840612536559063
1952,0,TN,-7.087547074128755,-0.13840612536559063
1953,0,TN,7.830430852400334,0.6228406804065737
1954,0,TN,-7.087547074128755,-0.13840612536559063
1955,0,TN,-7.087547074128755,-0.13840612536559063
1956,0,TN,-7.087547074128755,-0.13840612536559063
1958,0,TN,-7.087547074128755,-0.13840612536559063
1959,0,FP,25.196392414502675,-5.629955844727
1962,0,TN,-7.087547074128755,-0.13840612536559063
1964,0,TN,-7.087547074128755,-0.13840612536559063
1965,0,FP,-7.087547074128755,-0.13840612536559063
1966,0,TN,-7.087547074128755,-0.13840612536559063
1967,0,TN,-7.087547074128755,-0.13840612536559063
1968,0,TN,-7.087547074128755,-0.13840612536559063
1969,0,TN,-7.087547074128755,-0.13840612536559063
1970,0,TN,-7.087547074128755,-0.13840612536559063
1971,0,TN,-7.087547074128755,-0.13840612536559063
1972,0,TN,7.793104963875588,0.6326338533464331
1973,0,TN,-7.087547074128755,-0.13840612536559063
1974,0,TN,-7.087547074128755,-0.13840612536559063
1975,0,TN,-7.087547074128755,-0.13840612536559063
1977,0,TN,7.842893553425974,0.6191125212903588
1978,0,TN,-7.087547074128755,-0.13840612536559063
1979,0,FP,25.196392414502675,-5.629955844727
1980,0,TN,-7.087547074128755,-0.13840612536559063
1982,0,TN,-7.087547074128755,-0.13840612536559063
1988,0,FP,25.196392414502675,-5.629955844727
1989,0,TN,-7.087547074128755,-0.13840612536559063
1990,0,TN,-7.087547074128755,-0.13840612536559063
1991,0,TN,-7.087547074128754,-0.1384061253655962
1993,0,TN,-7.087547074128754,-0.1384061253655962
1994,0,TN,-7.087547074128754,-0.1384061253655962
