ID,Percentage,Category,no_Anch,no_Chg,Anch1,Anch2,Anch3,Anch4,Chg1,Chg2,Chg3,Chg4,Chg5,Hgt1,Hgt2,Hgt3,Hgt4,Hgt5
1,0.6021055032631419,TP,4,1,0,1,2,5,1,-99,-99,-99,-99,-1.0,-99,-99,-99,-99,
2,0.05881360506109719,TN,1,2,1,-99,-99,-99,1,5,-99,-99,-99,5.0,4.0,-99,-99,-99,
3,0.7971845277938098,TP,1,0,1,-99,-99,-99,-99,-99,-99,-99,-99,-99,-99,-99,-99,-99,
4,0.06240865509736769,TN,1,2,1,-99,-99,-99,1,5,-99,-99,-99,5.0,4.0,-99,-99,-99,
5,0.8192923143190716,TP,3,1,1,5,6,-99,1,-99,-99,-99,-99,-4.0,-99,-99,-99,-99,
6,0.18620390208790807,TN,2,2,1,5,-99,-99,1,5,-99,-99,-99,4.0,1.0,-99,-99,-99,
7,0.08412925605661521,FN,1,2,1,-99,-99,-99,1,5,-99,-99,-99,5.0,3.0,-99,-99,-99,
8,0.6923197461739677,FP,4,0,0,1,2,5,-99,-99,-99,-99,-99,-99,-99,-99,-99,-99,
9,0.7188786275303137,TP,1,1,1,-99,-99,-99,5,-99,-99,-99,-99,-4.0,-99,-99,-99,-99,
10,0.05503278615783182,FN,1,2,5,-99,-99,-99,1,5,-99,-99,-99,4.0,1.0,-99,-99,-99,
11,0.22694256589475323,TN,2,1,0,1,-99,-99,1,-99,-99,-99,-99,4.0,-99,-99,-99,-99,
12,0.8691031791795181,TP,2,0,1,5,-99,-99,-99,-99,-99,-99,-99,-99,-99,-99,-99,-99,
13,0.672186352719915,FP,3,1,0,1,6,-99,1,-99,-99,-99,-99,-2.0,-99,-99,-99,-99,
14,0.7150932135162803,TP,1,0,1,-99,-99,-99,-99,-99,-99,-99,-99,-99,-99,-99,-99,-99,
15,0.594483330560785,TP,3,1,0,1,6,-99,5,-99,-99,-99,-99,-2.0,-99,-99,-99,-99,
16,0.4605035148568266,FN,1,1,1,-99,-99,-99,1,-99,-99,-99,-99,1.0,-99,-99,-99,-99,
17,0.3119235208236091,FN,2,1,0,1,-99,-99,1,-99,-99,-99,-99,2.0,-99,-99,-99,-99,
18,0.22573731182289686,FN,1,1,1,-99,-99,-99,1,-99,-99,-99,-99,3.0,-99,-99,-99,-99,
19,0.3401424351217687,TN,1,1,1,-99,-99,-99,1,-99,-99,-99,-99,3.0,-99,-99,-99,-99,
20,0.22488094598788091,FN,2,1,0,1,-99,-99,1,-99,-99,-99,-99,4.0,-99,-99,-99,-99,
21,0.35900238132470985,TN,3,1,0,1,2,-99,1,-99,-99,-99,-99,2.0,-99,-99,-99,-99,
22,0.26975529658016967,TN,1,1,1,-99,-99,-99,1,-99,-99,-99,-99,3.0,-99,-99,-99,-99,
23,0.9112425955312549,TP,1,0,1,-99,-99,-99,-99,-99,-99,-99,-99,-99,-99,-99,-99,-99,
24,0.2801252563125993,FN,2,1,1,5,-99,-99,1,-99,-99,-99,-99,3.0,-99,-99,-99,-99,
25,0.6056112738449785,TP,3,2,0,1,5,-99,1,5,-99,-99,-99,-1.0,-1.0,-99,-99,-99,
26,0.42278186848793925,FN,3,1,1,4,5,-99,1,-99,-99,-99,-99,2.0,-99,-99,-99,-99,
27,0.6849597017606441,TP,3,0,0,1,5,-99,-99,-99,-99,-99,-99,-99,-99,-99,-99,-99,
28,0.0727199459054638,TN,1,2,1,-99,-99,-99,1,5,-99,-99,-99,5.0,3.0,-99,-99,-99,
29,0.5,TN,1,0,5,-99,-99,-99,-99,-99,-99,-99,-99,-99,-99,-99,-99,-99,
30,0.2662796528017404,TN,2,1,1,2,-99,-99,1,-99,-99,-99,-99,3.0,-99,-99,-99,-99,
31,0.3013820345282909,TN,2,1,1,3,-99,-99,1,-99,-99,-99,-99,3.0,-99,-99,-99,-99,
32,0.5585372203646956,TP,4,0,0,1,5,6,-99,-99,-99,-99,-99,-99,-99,-99,-99,-99,
33,0.07682431143638865,TN,1,3,1,-99,-99,-99,0,1,5,-99,-99,4.0,5.0,2.0,-99,-99,
34,0.057431900748116584,TN,1,2,1,-99,-99,-99,1,5,-99,-99,-99,5.0,5.0,-99,-99,-99,
35,0.361501993798303,TN,2,1,1,5,-99,-99,1,-99,-99,-99,-99,2.0,-99,-99,-99,-99,
36,0.16208354451690618,TN,1,1,1,-99,-99,-99,1,-99,-99,-99,-99,5.0,-99,-99,-99,-99,
37,0.6432611257440197,FP,4,1,0,1,2,5,1,-99,-99,-99,-99,-2.0,-99,-99,-99,-99,
38,0.2929751019816748,FN,1,1,1,-99,-99,-99,1,-99,-99,-99,-99,3.0,-99,-99,-99,-99,
39,0.14841142866218043,FN,1,1,1,-99,-99,-99,1,-99,-99,-99,-99,5.0,-99,-99,-99,-99,
40,0.4028752193557182,FN,2,1,0,1,-99,-99,1,-99,-99,-99,-99,2.0,-99,-99,-99,-99,
41,0.7376209533269603,FP,2,0,1,5,-99,-99,-99,-99,-99,-99,-99,-99,-99,-99,-99,-99,
42,0.6276453071671938,FP,3,1,0,1,5,-99,1,-99,-99,-99,-99,-2.0,-99,-99,-99,-99,
43,0.10994777125471594,TN,1,1,1,-99,-99,-99,1,-99,-99,-99,-99,5.0,-99,-99,-99,-99,
44,0.8625160569488036,TP,2,0,1,5,-99,-99,-99,-99,-99,-99,-99,-99,-99,-99,-99,-99,
45,0.6324294887880643,FP,4,1,0,1,2,3,1,-99,-99,-99,-99,-2.0,-99,-99,-99,-99,
46,0.8999688904373075,TP,2,0,1,5,-99,-99,-99,-99,-99,-99,-99,-99,-99,-99,-99,-99,
47,0.46488579731970786,TN,0,1,-99,-99,-99,-99,1,-99,-99,-99,-99,1.0,-99,-99,-99,-99,
48,0.04952670789046816,TN,1,2,1,-99,-99,-99,1,5,-99,-99,-99,5.0,4.0,-99,-99,-99,
49,0.33480816130724916,FN,1,1,1,-99,-99,-99,1,-99,-99,-99,-99,3.0,-99,-99,-99,-99,
50,0.09730161850315368,TN,1,2,5,-99,-99,-99,1,5,-99,-99,-99,2.0,1.0,-99,-99,-99,
51,0.060414235263363696,TN,1,2,1,-99,-99,-99,1,5,-99,-99,-99,5.0,5.0,-99,-99,-99,
52,0.11471102233051,TN,1,2,1,-99,-99,-99,1,5,-99,-99,-99,5.0,2.0,-99,-99,-99,
53,0.08360815742935987,TN,1,2,1,-99,-99,-99,1,5,-99,-99,-99,5.0,3.0,-99,-99,-99,
54,0.7604514106629152,TP,2,1,0,1,-99,-99,5,-99,-99,-99,-99,-5.0,-99,-99,-99,-99,
55,0.6649098439151857,FP,4,0,0,1,2,5,-99,-99,-99,-99,-99,-99,-99,-99,-99,-99,
56,0.04018180474013722,TN,1,3,1,-99,-99,-99,0,1,5,-99,-99,2.0,5.0,5.0,-99,-99,
57,0.8597206433171294,TP,1,3,1,-99,-99,-99,0,2,5,-99,-99,-5.0,2.0,-5.0,-99,-99,
58,0.2380326830060565,TN,1,1,1,-99,-99,-99,1,-99,-99,-99,-99,4.0,-99,-99,-99,-99,
59,0.7156663256795128,FP,3,0,1,5,6,-99,-99,-99,-99,-99,-99,-99,-99,-99,-99,-99,
60,0.19313607184971995,TN,1,1,1,-99,-99,-99,1,-99,-99,-99,-99,4.0,-99,-99,-99,-99,
61,0.030456099210998913,TN,1,2,1,-99,-99,-99,1,5,-99,-99,-99,5.0,2.0,-99,-99,-99,
62,0.5074987752183547,TP,0,1,-99,-99,-99,-99,1,-99,-99,-99,-99,-1.0,-99,-99,-99,-99,
63,0.0316456596936113,TN,1,2,1,-99,-99,-99,1,5,-99,-99,-99,5.0,4.0,-99,-99,-99,
64,0.34134083414725275,TN,3,1,0,1,5,-99,1,-99,-99,-99,-99,2.0,-99,-99,-99,-99,
65,0.3512300582017341,FN,2,1,1,5,-99,-99,1,-99,-99,-99,-99,2.0,-99,-99,-99,-99,
66,0.12521577441823567,TN,1,1,1,-99,-99,-99,1,-99,-99,-99,-99,5.0,-99,-99,-99,-99,
67,0.1511945934983665,FN,2,1,0,1,-99,-99,1,-99,-99,-99,-99,5.0,-99,-99,-99,-99,
68,0.3468765748474844,TN,2,1,0,1,-99,-99,1,-99,-99,-99,-99,2.0,-99,-99,-99,-99,
69,0.05316644614616457,TN,1,2,1,-99,-99,-99,1,5,-99,-99,-99,5.0,4.0,-99,-99,-99,
70,0.3306970229685859,TN,0,1,-99,-99,-99,-99,1,-99,-99,-99,-99,2.0,-99,-99,-99,-99,
71,0.1952331899500339,FN,1,1,1,-99,-99,-99,1,-99,-99,-99,-99,4.0,-99,-99,-99,-99,
72,0.388914038747268,TN,0,1,-99,-99,-99,-99,1,-99,-99,-99,-99,2.0,-99,-99,-99,-99,
73,0.7358595010858515,TP,3,0,0,1,5,-99,-99,-99,-99,-99,-99,-99,-99,-99,-99,-99,
74,0.3011421214192038,TN,4,1,1,2,5,6,1,-99,-99,-99,-99,2.0,-99,-99,-99,-99,
75,0.06124534631522038,TN,1,3,1,-99,-99,-99,0,1,5,-99,-99,3.0,5.0,3.0,-99,-99,
76,0.003735771209956658,TN,1,0,1,-99,-99,-99,-99,-99,-99,-99,-99,-99,-99,-99,-99,-99,
77,0.07906540497120809,TN,1,0,1,-99,-99,-99,-99,-99,-99,-99,-99,-99,-99,-99,-99,-99,
78,0.20142492879820456,TN,1,1,1,-99,-99,-99,1,-99,-99,-99,-99,4.0,-99,-99,-99,-99,
79,0.7016376368473007,TP,3,2,1,2,5,-99,1,2,-99,-99,-99,-1.0,1.0,-99,-99,-99,
80,0.12630374001036615,TN,2,2,1,5,-99,-99,1,5,-99,-99,-99,5.0,1.0,-99,-99,-99,
81,0.15484374808149007,TN,1,1,5,-99,-99,-99,1,-99,-99,-99,-99,5.0,-99,-99,-99,-99,
82,0.019347701568416167,TN,1,2,1,-99,-99,-99,1,5,-99,-99,-99,5.0,4.0,-99,-99,-99,
83,0.12706630567751429,TN,1,1,1,-99,-99,-99,1,-99,-99,-99,-99,5.0,-99,-99,-99,-99,
84,0.0680652484293726,TN,1,3,1,-99,-99,-99,0,1,5,-99,-99,5.0,5.0,2.0,-99,-99,
85,0.5891883726887709,TP,2,0,1,5,-99,-99,-99,-99,-99,-99,-99,-99,-99,-99,-99,-99,
86,0.19600908458404184,TN,2,1,0,1,-99,-99,1,-99,-99,-99,-99,4.0,-99,-99,-99,-99,
87,0.4037221063936442,TN,1,1,1,-99,-99,-99,1,-99,-99,-99,-99,1.0,-99,-99,-99,-99,
88,0.19292190964626393,TN,1,1,1,-99,-99,-99,1,-99,-99,-99,-99,4.0,-99,-99,-99,-99,
89,0.7246380027397614,TP,3,1,0,1,5,-99,1,-99,-99,-99,-99,-3.0,-99,-99,-99,-99,
90,0.098871638965304,TN,1,2,1,-99,-99,-99,1,5,-99,-99,-99,5.0,1.0,-99,-99,-99,
91,0.03805295247394184,TN,1,3,1,-99,-99,-99,0,1,5,-99,-99,4.0,5.0,5.0,-99,-99,
92,0.27809173239691404,TN,3,1,0,1,5,-99,1,-99,-99,-99,-99,3.0,-99,-99,-99,-99,
93,0.2391940491035488,TN,1,1,1,-99,-99,-99,1,-99,-99,-99,-99,3.0,-99,-99,-99,-99,
94,0.27693258141016847,FN,2,1,1,5,-99,-99,1,-99,-99,-99,-99,3.0,-99,-99,-99,-99,
95,0.2855229669799182,TN,3,1,2,5,7,-99,1,-99,-99,-99,-99,2.0,-99,-99,-99,-99,
96,0.5087623781590095,FP,4,0,0,1,2,5,-99,-99,-99,-99,-99,-99,-99,-99,-99,-99,
97,0.09812222373954094,TN,1,2,1,-99,-99,-99,1,5,-99,-99,-99,5.0,2.0,-99,-99,-99,
98,0.03209713819223916,TN,1,3,1,-99,-99,-99,0,1,5,-99,-99,3.0,5.0,5.0,-99,-99,
99,0.1622443332535995,TN,1,1,1,-99,-99,-99,1,-99,-99,-99,-99,4.0,-99,-99,-99,-99,
100,0.3717465380208089,FN,2,1,0,1,-99,-99,1,-99,-99,-99,-99,2.0,-99,-99,-99,-99,
101,0.7786129647847717,TP,2,1,1,5,-99,-99,1,-99,-99,-99,-99,-3.0,-99,-99,-99,-99,
102,0.36687952134693513,TN,3,1,0,5,6,-99,1,-99,-99,-99,-99,2.0,-99,-99,-99,-99,
103,0.09341072522627893,TN,2,2,0,5,-99,-99,1,5,-99,-99,-99,4.0,4.0,-99,-99,-99,
104,0.04692457423308042,TN,1,2,1,-99,-99,-99,1,5,-99,-99,-99,5.0,5.0,-99,-99,-99,
105,0.22112963866264865,TN,1,1,1,-99,-99,-99,1,-99,-99,-99,-99,4.0,-99,-99,-99,-99,
106,0.2819200825904902,TN,3,1,0,1,5,-99,1,-99,-99,-99,-99,3.0,-99,-99,-99,-99,
107,0.028875095781626156,TN,1,3,1,-99,-99,-99,0,1,5,-99,-99,4.0,5.0,5.0,-99,-99,
108,0.43594992942261557,TN,0,1,-99,-99,-99,-99,1,-99,-99,-99,-99,1.0,-99,-99,-99,-99,
109,0.1150252245717777,TN,1,1,1,-99,-99,-99,1,-99,-99,-99,-99,5.0,-99,-99,-99,-99,
110,0.09950305923711478,FN,1,2,1,-99,-99,-99,1,5,-99,-99,-99,5.0,1.0,-99,-99,-99,
111,0.6135397669656814,TP,2,0,1,5,-99,-99,-99,-99,-99,-99,-99,-99,-99,-99,-99,-99,
112,0.7175832979597406,TP,3,1,0,1,5,-99,1,-99,-99,-99,-99,-3.0,-99,-99,-99,-99,
113,0.06449057572762854,TN,1,2,1,-99,-99,-99,1,5,-99,-99,-99,5.0,4.0,-99,-99,-99,
114,0.1162694982434332,TN,1,2,1,-99,-99,-99,1,5,-99,-99,-99,5.0,1.0,-99,-99,-99,
115,0.7116403164622733,TP,3,0,0,1,2,-99,-99,-99,-99,-99,-99,-99,-99,-99,-99,-99,
116,0.4549108056304485,FN,0,1,-99,-99,-99,-99,1,-99,-99,-99,-99,1.0,-99,-99,-99,-99,
117,0.35866935886413925,FN,4,1,1,2,5,6,1,-99,-99,-99,-99,2.0,-99,-99,-99,-99,
118,0.1838434425396602,TN,1,1,1,-99,-99,-99,1,-99,-99,-99,-99,5.0,-99,-99,-99,-99,
119,0.14004256349531297,TN,1,1,1,-99,-99,-99,1,-99,-99,-99,-99,5.0,-99,-99,-99,-99,
120,0.07939261384042058,TN,1,2,1,-99,-99,-99,1,5,-99,-99,-99,5.0,3.0,-99,-99,-99,
121,0.8010857979583653,TP,2,1,1,5,-99,-99,1,-99,-99,-99,-99,-4.0,-99,-99,-99,-99,
122,0.27435522806550755,TN,2,1,1,3,-99,-99,1,-99,-99,-99,-99,3.0,-99,-99,-99,-99,
123,0.16447867954655354,TN,1,1,1,-99,-99,-99,1,-99,-99,-99,-99,4.0,-99,-99,-99,-99,
124,0.2972485559461938,TN,3,1,1,5,6,-99,1,-99,-99,-99,-99,2.0,-99,-99,-99,-99,
125,0.16898145598445607,FN,2,1,0,1,-99,-99,1,-99,-99,-99,-99,5.0,-99,-99,-99,-99,
126,0.4509315727507231,FN,1,1,1,-99,-99,-99,1,-99,-99,-99,-99,1.0,-99,-99,-99,-99,
127,0.4183214736520026,TN,2,1,0,1,-99,-99,1,-99,-99,-99,-99,1.0,-99,-99,-99,-99,
128,0.21844795482552568,TN,2,1,0,1,-99,-99,1,-99,-99,-99,-99,3.0,-99,-99,-99,-99,
129,0.18424013161596442,FN,2,1,0,1,-99,-99,1,-99,-99,-99,-99,4.0,-99,-99,-99,-99,
130,0.12368776980160331,FN,1,1,1,-99,-99,-99,1,-99,-99,-99,-99,5.0,-99,-99,-99,-99,
131,0.6548145950080608,TP,3,0,0,1,5,-99,-99,-99,-99,-99,-99,-99,-99,-99,-99,-99,
132,0.6427479150725943,TP,0,1,-99,-99,-99,-99,1,-99,-99,-99,-99,-2.0,-99,-99,-99,-99,
133,0.6692107898324129,TP,2,0,1,5,-99,-99,-99,-99,-99,-99,-99,-99,-99,-99,-99,-99,
134,0.2148770862211079,TN,1,1,1,-99,-99,-99,1,-99,-99,-99,-99,4.0,-99,-99,-99,-99,
135,0.07569362305438643,TN,1,2,1,-99,-99,-99,1,5,-99,-99,-99,5.0,3.0,-99,-99,-99,
136,0.281773380483188,TN,3,1,0,1,6,-99,1,-99,-99,-99,-99,3.0,-99,-99,-99,-99,
137,0.1126472767882347,TN,1,2,1,-99,-99,-99,0,1,-99,-99,-99,2.0,5.0,-99,-99,-99,
138,0.08857856577880158,TN,1,2,1,-99,-99,-99,1,5,-99,-99,-99,5.0,1.0,-99,-99,-99,
139,0.2717783878606282,TN,3,2,0,1,5,-99,1,5,-99,-99,-99,2.0,1.0,-99,-99,-99,
140,0.21794646861712963,TN,1,1,1,-99,-99,-99,1,-99,-99,-99,-99,3.0,-99,-99,-99,-99,
141,0.17240664691296415,TN,1,2,5,-99,-99,-99,1,5,-99,-99,-99,3.0,4.0,-99,-99,-99,
142,0.25955151186285985,TN,1,1,1,-99,-99,-99,1,-99,-99,-99,-99,3.0,-99,-99,-99,-99,
143,0.2040055712937702,TN,1,1,1,-99,-99,-99,1,-99,-99,-99,-99,4.0,-99,-99,-99,-99,
144,0.3772683594277016,FN,1,1,1,-99,-99,-99,1,-99,-99,-99,-99,2.0,-99,-99,-99,-99,
145,0.5317609638750098,FP,4,1,0,1,2,5,5,-99,-99,-99,-99,-1.0,-99,-99,-99,-99,
146,0.014712527873974583,TN,1,3,5,-99,-99,-99,0,1,5,-99,-99,2.0,5.0,5.0,-99,-99,
147,0.059229050302539166,TN,1,2,1,-99,-99,-99,1,5,-99,-99,-99,5.0,4.0,-99,-99,-99,
148,0.2515618233601752,TN,1,1,1,-99,-99,-99,1,-99,-99,-99,-99,3.0,-99,-99,-99,-99,
149,0.5393694342799095,FP,0,0,-99,-99,-99,-99,-99,-99,-99,-99,-99,-99,-99,-99,-99,-99,
150,0.06422533631605958,TN,1,2,1,-99,-99,-99,1,5,-99,-99,-99,5.0,5.0,-99,-99,-99,
151,0.3460742303529458,TN,0,1,-99,-99,-99,-99,1,-99,-99,-99,-99,2.0,-99,-99,-99,-99,
152,0.16683578729208087,TN,1,2,5,-99,-99,-99,0,1,-99,-99,-99,2.0,4.0,-99,-99,-99,
153,0.766829592123981,TP,3,1,0,1,5,-99,1,-99,-99,-99,-99,-4.0,-99,-99,-99,-99,
154,0.5461938687146053,FP,2,0,1,5,-99,-99,-99,-99,-99,-99,-99,-99,-99,-99,-99,-99,
155,0.9388138470556744,TP,1,0,1,-99,-99,-99,-99,-99,-99,-99,-99,-99,-99,-99,-99,-99,
156,0.7832448336668746,TP,2,0,1,5,-99,-99,-99,-99,-99,-99,-99,-99,-99,-99,-99,-99,
157,0.12406220883944213,TN,1,1,1,-99,-99,-99,1,-99,-99,-99,-99,5.0,-99,-99,-99,-99,
158,0.15886392666942725,TN,2,2,0,1,-99,-99,1,5,-99,-99,-99,4.0,1.0,-99,-99,-99,
159,0.06804846827314708,TN,1,2,1,-99,-99,-99,1,5,-99,-99,-99,5.0,4.0,-99,-99,-99,
160,0.9371070281197961,TP,2,2,0,1,-99,-99,1,5,-99,-99,-99,-5.0,-3.0,-99,-99,-99,
161,0.37253712945319806,TN,0,1,-99,-99,-99,-99,1,-99,-99,-99,-99,2.0,-99,-99,-99,-99,
162,0.24835529854579885,TN,1,1,1,-99,-99,-99,1,-99,-99,-99,-99,4.0,-99,-99,-99,-99,
163,0.23733828876714913,TN,2,1,0,1,-99,-99,1,-99,-99,-99,-99,4.0,-99,-99,-99,-99,
164,0.1250418810467477,TN,1,2,1,-99,-99,-99,1,5,-99,-99,-99,5.0,1.0,-99,-99,-99,
165,0.2728753470488505,FN,4,1,0,1,2,4,1,-99,-99,-99,-99,3.0,-99,-99,-99,-99,
166,0.22620084952153552,FN,1,1,1,-99,-99,-99,1,-99,-99,-99,-99,4.0,-99,-99,-99,-99,
167,0.4590532331689256,TN,0,1,-99,-99,-99,-99,1,-99,-99,-99,-99,1.0,-99,-99,-99,-99,
168,0.3211584357717944,TN,2,1,1,5,-99,-99,1,-99,-99,-99,-99,2.0,-99,-99,-99,-99,
169,0.2588014233086295,TN,2,1,1,5,-99,-99,1,-99,-99,-99,-99,3.0,-99,-99,-99,-99,
170,0.1407077978551704,TN,2,1,0,1,-99,-99,1,-99,-99,-99,-99,5.0,-99,-99,-99,-99,
171,0.17064538193997114,FN,1,1,1,-99,-99,-99,1,-99,-99,-99,-99,5.0,-99,-99,-99,-99,
172,0.5091202522171525,TP,0,0,-99,-99,-99,-99,-99,-99,-99,-99,-99,-99,-99,-99,-99,-99,
173,0.23393611545418155,TN,1,1,1,-99,-99,-99,1,-99,-99,-99,-99,4.0,-99,-99,-99,-99,
174,0.16279084571682628,TN,1,1,1,-99,-99,-99,1,-99,-99,-99,-99,5.0,-99,-99,-99,-99,
175,0.05984378574746048,TN,1,3,1,-99,-99,-99,0,1,5,-99,-99,1.0,5.0,4.0,-99,-99,
176,0.8249582449103259,TP,2,3,0,1,-99,-99,0,2,5,-99,-99,-3.0,1.0,-5.0,-99,-99,
177,0.1291490317297177,TN,1,1,1,-99,-99,-99,1,-99,-99,-99,-99,5.0,-99,-99,-99,-99,
178,0.6320520096743427,TP,2,0,1,5,-99,-99,-99,-99,-99,-99,-99,-99,-99,-99,-99,-99,
179,0.679328832984226,FP,3,1,0,1,5,-99,1,-99,-99,-99,-99,-3.0,-99,-99,-99,-99,
180,0.5771795442817212,TP,0,0,-99,-99,-99,-99,-99,-99,-99,-99,-99,-99,-99,-99,-99,-99,
181,0.06603511983040865,TN,1,2,1,-99,-99,-99,1,5,-99,-99,-99,5.0,4.0,-99,-99,-99,
182,0.2819447197572861,TN,2,1,0,1,-99,-99,1,-99,-99,-99,-99,3.0,-99,-99,-99,-99,
183,0.0034066953772418063,TN,1,0,1,-99,-99,-99,-99,-99,-99,-99,-99,-99,-99,-99,-99,-99,
184,0.07161677964858457,TN,1,2,1,-99,-99,-99,1,5,-99,-99,-99,5.0,3.0,-99,-99,-99,
185,0.36361536025561,TN,0,1,-99,-99,-99,-99,1,-99,-99,-99,-99,1.0,-99,-99,-99,-99,
186,0.913320042367867,TP,1,0,1,-99,-99,-99,-99,-99,-99,-99,-99,-99,-99,-99,-99,-99,
187,0.8105108278316188,TP,2,0,0,1,-99,-99,-99,-99,-99,-99,-99,-99,-99,-99,-99,-99,
188,0.27615176348420223,FN,3,1,0,1,5,-99,1,-99,-99,-99,-99,3.0,-99,-99,-99,-99,
189,0.23128515269931518,FN,2,1,1,5,-99,-99,1,-99,-99,-99,-99,3.0,-99,-99,-99,-99,
190,0.37237957378909425,FN,0,1,-99,-99,-99,-99,1,-99,-99,-99,-99,2.0,-99,-99,-99,-99,
191,0.1243913478545839,TN,2,2,1,5,-99,-99,1,5,-99,-99,-99,4.0,2.0,-99,-99,-99,
192,0.41559993817308316,TN,3,1,1,5,6,-99,1,-99,-99,-99,-99,1.0,-99,-99,-99,-99,
193,0.6807761631078345,TP,4,1,0,1,3,5,1,-99,-99,-99,-99,-2.0,-99,-99,-99,-99,
194,0.9562887667773712,TP,2,0,1,5,-99,-99,-99,-99,-99,-99,-99,-99,-99,-99,-99,-99,
195,0.11101931892436144,TN,1,2,1,-99,-99,-99,1,5,-99,-99,-99,5.0,1.0,-99,-99,-99,
196,0.6426198065266066,TP,2,1,1,5,-99,-99,1,-99,-99,-99,-99,-2.0,-99,-99,-99,-99,
197,0.10302686970906101,TN,1,2,1,-99,-99,-99,1,5,-99,-99,-99,5.0,1.0,-99,-99,-99,
198,0.1420581210906067,FN,1,1,1,-99,-99,-99,1,-99,-99,-99,-99,5.0,-99,-99,-99,-99,
199,0.29920753818702106,FN,2,1,0,1,-99,-99,1,-99,-99,-99,-99,3.0,-99,-99,-99,-99,
200,0.4509164202022534,FN,0,1,-99,-99,-99,-99,1,-99,-99,-99,-99,1.0,-99,-99,-99,-99,
201,0.1779692911645969,TN,2,1,0,1,-99,-99,1,-99,-99,-99,-99,5.0,-99,-99,-99,-99,
202,0.4293084516170112,TN,0,2,-99,-99,-99,-99,1,5,-99,-99,-99,1.0,1.0,-99,-99,-99,
203,0.13942370612579932,TN,1,1,1,-99,-99,-99,1,-99,-99,-99,-99,5.0,-99,-99,-99,-99,
204,0.05958811087476304,TN,1,2,1,-99,-99,-99,1,5,-99,-99,-99,5.0,4.0,-99,-99,-99,
205,0.27105213595370353,TN,1,1,1,-99,-99,-99,1,-99,-99,-99,-99,3.0,-99,-99,-99,-99,
206,0.1464240986607436,TN,2,1,1,5,-99,-99,1,-99,-99,-99,-99,5.0,-99,-99,-99,-99,
207,0.9178792818234298,TP,1,0,1,-99,-99,-99,-99,-99,-99,-99,-99,-99,-99,-99,-99,-99,
208,0.6142773748309952,TP,2,1,1,5,-99,-99,1,-99,-99,-99,-99,-1.0,-99,-99,-99,-99,
209,0.11561617920625761,TN,1,1,1,-99,-99,-99,1,-99,-99,-99,-99,5.0,-99,-99,-99,-99,
210,0.8137429593878353,TP,1,0,1,-99,-99,-99,-99,-99,-99,-99,-99,-99,-99,-99,-99,-99,
211,0.06385486816976492,TN,1,2,1,-99,-99,-99,0,1,-99,-99,-99,5.0,5.0,-99,-99,-99,
212,0.45432562661637943,TN,0,1,-99,-99,-99,-99,1,-99,-99,-99,-99,1.0,-99,-99,-99,-99,
213,0.7291547140421517,FP,2,1,1,5,-99,-99,5,-99,-99,-99,-99,-5.0,-99,-99,-99,-99,
214,0.511042100897188,TP,4,0,1,2,5,6,-99,-99,-99,-99,-99,-99,-99,-99,-99,-99,
215,0.3008991570786362,FN,2,1,1,3,-99,-99,1,-99,-99,-99,-99,3.0,-99,-99,-99,-99,
216,0.8510549136313816,TP,2,1,0,1,-99,-99,1,-99,-99,-99,-99,-5.0,-99,-99,-99,-99,
217,0.29313508302415714,FN,2,1,1,3,-99,-99,1,-99,-99,-99,-99,3.0,-99,-99,-99,-99,
218,0.3377409450272986,TN,3,1,1,4,5,-99,1,-99,-99,-99,-99,2.0,-99,-99,-99,-99,
219,0.15102586801471513,FN,1,1,1,-99,-99,-99,1,-99,-99,-99,-99,5.0,-99,-99,-99,-99,
220,0.3643547256902901,FN,2,1,1,6,-99,-99,1,-99,-99,-99,-99,2.0,-99,-99,-99,-99,
221,0.7495865034444369,TP,2,0,1,5,-99,-99,-99,-99,-99,-99,-99,-99,-99,-99,-99,-99,
222,0.5581916671021522,TP,0,1,-99,-99,-99,-99,1,-99,-99,-99,-99,-1.0,-99,-99,-99,-99,
223,0.49269975669811433,TN,2,1,1,5,-99,-99,1,-99,-99,-99,-99,1.0,-99,-99,-99,-99,
224,0.5527792573005408,FP,0,0,-99,-99,-99,-99,-99,-99,-99,-99,-99,-99,-99,-99,-99,-99,
225,0.09304186304648776,TN,1,2,1,-99,-99,-99,1,5,-99,-99,-99,5.0,2.0,-99,-99,-99,
226,0.07219876306288717,TN,1,3,1,-99,-99,-99,0,1,5,-99,-99,2.0,5.0,2.0,-99,-99,
227,0.13422166704563826,TN,1,1,1,-99,-99,-99,1,-99,-99,-99,-99,5.0,-99,-99,-99,-99,
228,0.7358725239725789,TP,2,1,1,5,-99,-99,1,-99,-99,-99,-99,-3.0,-99,-99,-99,-99,
229,0.948689053113916,FP,1,0,1,-99,-99,-99,-99,-99,-99,-99,-99,-99,-99,-99,-99,-99,
230,0.2703775404604306,TN,2,1,0,1,-99,-99,1,-99,-99,-99,-99,3.0,-99,-99,-99,-99,
231,0.6543484091756941,TP,3,1,0,1,5,-99,1,-99,-99,-99,-99,-2.0,-99,-99,-99,-99,
232,0.5905378049277645,TP,3,0,0,1,5,-99,-99,-99,-99,-99,-99,-99,-99,-99,-99,-99,
233,0.04150968403308465,TN,1,3,1,-99,-99,-99,0,1,5,-99,-99,3.0,5.0,5.0,-99,-99,
234,0.3744624487217974,TN,4,1,0,1,5,6,1,-99,-99,-99,-99,2.0,-99,-99,-99,-99,
235,0.05795448121625022,TN,1,3,1,-99,-99,-99,0,1,5,-99,-99,1.0,5.0,4.0,-99,-99,
236,0.843744294578918,TP,2,0,1,5,-99,-99,-99,-99,-99,-99,-99,-99,-99,-99,-99,-99,
237,0.8329806535632965,TP,2,0,0,1,-99,-99,-99,-99,-99,-99,-99,-99,-99,-99,-99,-99,
238,0.7748423137441738,TP,2,0,1,5,-99,-99,-99,-99,-99,-99,-99,-99,-99,-99,-99,-99,
239,0.7418853494411194,TP,2,0,0,1,-99,-99,-99,-99,-99,-99,-99,-99,-99,-99,-99,-99,
240,0.06134943739600862,TN,1,0,1,-99,-99,-99,-99,-99,-99,-99,-99,-99,-99,-99,-99,-99,
241,0.07536572140561952,TN,1,2,1,-99,-99,-99,1,5,-99,-99,-99,5.0,4.0,-99,-99,-99,
242,0.13135048572571578,TN,1,2,1,-99,-99,-99,1,5,-99,-99,-99,5.0,1.0,-99,-99,-99,
243,0.37263426596385235,FN,3,1,0,1,5,-99,1,-99,-99,-99,-99,2.0,-99,-99,-99,-99,
244,0.44222065229735774,FN,2,1,1,5,-99,-99,1,-99,-99,-99,-99,1.0,-99,-99,-99,-99,
245,0.46865770854587785,TN,0,1,-99,-99,-99,-99,1,-99,-99,-99,-99,1.0,-99,-99,-99,-99,
246,0.8774761772655559,TP,1,0,1,-99,-99,-99,-99,-99,-99,-99,-99,-99,-99,-99,-99,-99,
247,0.45754684290834513,TN,3,1,1,5,6,-99,1,-99,-99,-99,-99,1.0,-99,-99,-99,-99,
248,0.7334631121242026,FP,2,0,1,5,-99,-99,-99,-99,-99,-99,-99,-99,-99,-99,-99,-99,
249,0.4446970274026047,TN,0,1,-99,-99,-99,-99,1,-99,-99,-99,-99,1.0,-99,-99,-99,-99,
250,0.10745941851274939,TN,2,2,0,1,-99,-99,1,5,-99,-99,-99,4.0,3.0,-99,-99,-99,
251,0.3819915317794442,TN,1,1,1,-99,-99,-99,1,-99,-99,-99,-99,1.0,-99,-99,-99,-99,
252,0.2108307270422877,TN,3,2,0,1,5,-99,1,5,-99,-99,-99,2.0,2.0,-99,-99,-99,
253,0.053323915752769895,TN,1,3,1,-99,-99,-99,0,1,5,-99,-99,1.0,5.0,5.0,-99,-99,
254,0.08408752273898612,TN,1,3,1,-99,-99,-99,0,1,5,-99,-99,1.0,5.0,2.0,-99,-99,
255,0.3197437761992261,FN,1,1,1,-99,-99,-99,1,-99,-99,-99,-99,3.0,-99,-99,-99,-99,
256,0.21228410701244696,FN,2,1,0,1,-99,-99,1,-99,-99,-99,-99,4.0,-99,-99,-99,-99,
257,0.2197966408747826,TN,2,1,0,1,-99,-99,1,-99,-99,-99,-99,4.0,-99,-99,-99,-99,
258,0.14502798709613243,TN,2,2,0,1,-99,-99,1,5,-99,-99,-99,4.0,2.0,-99,-99,-99,
259,0.7532045079569639,FP,1,3,1,-99,-99,-99,0,2,5,-99,-99,-1.0,4.0,-3.0,-99,-99,
260,0.8310415588290588,TP,2,0,0,1,-99,-99,-99,-99,-99,-99,-99,-99,-99,-99,-99,-99,
261,0.7689567026655455,FP,1,2,1,-99,-99,-99,0,5,-99,-99,-99,-2.0,-4.0,-99,-99,-99,
262,0.7134498336009215,TP,3,0,1,2,5,-99,-99,-99,-99,-99,-99,-99,-99,-99,-99,-99,
263,0.15469943181225868,TN,1,1,1,-99,-99,-99,1,-99,-99,-99,-99,5.0,-99,-99,-99,-99,
264,0.3894358520215126,TN,0,1,-99,-99,-99,-99,1,-99,-99,-99,-99,1.0,-99,-99,-99,-99,
265,0.335997053838769,FN,3,1,0,1,5,-99,1,-99,-99,-99,-99,2.0,-99,-99,-99,-99,
266,0.24083017517593303,TN,1,1,1,-99,-99,-99,1,-99,-99,-99,-99,3.0,-99,-99,-99,-99,
267,0.735692340314305,TP,3,2,1,2,5,-99,1,2,-99,-99,-99,-1.0,1.0,-99,-99,-99,
268,0.5168936246427004,FP,0,0,-99,-99,-99,-99,-99,-99,-99,-99,-99,-99,-99,-99,-99,-99,
269,0.0913947456200165,TN,1,2,1,-99,-99,-99,1,5,-99,-99,-99,5.0,2.0,-99,-99,-99,
270,0.6147455432063077,TP,3,1,1,2,3,-99,2,-99,-99,-99,-99,1.0,-99,-99,-99,-99,
271,0.5530923117663546,TP,4,0,0,1,5,6,-99,-99,-99,-99,-99,-99,-99,-99,-99,-99,
272,0.10148019635565658,TN,1,2,1,-99,-99,-99,1,5,-99,-99,-99,4.0,3.0,-99,-99,-99,
273,0.15676809141602513,TN,2,2,1,5,-99,-99,1,5,-99,-99,-99,3.0,3.0,-99,-99,-99,
274,0.044211087433748665,TN,1,3,1,-99,-99,-99,0,1,5,-99,-99,5.0,5.0,3.0,-99,-99,
275,0.4601754628846603,TN,1,1,1,-99,-99,-99,1,-99,-99,-99,-99,1.0,-99,-99,-99,-99,
276,0.22291659555892918,TN,1,1,1,-99,-99,-99,1,-99,-99,-99,-99,4.0,-99,-99,-99,-99,
277,0.20052766703787098,FN,1,1,1,-99,-99,-99,1,-99,-99,-99,-99,4.0,-99,-99,-99,-99,
278,0.10597128025764395,TN,1,3,1,-99,-99,-99,0,1,5,-99,-99,2.0,5.0,2.0,-99,-99,
279,0.2365046970094848,TN,2,1,1,5,-99,-99,1,-99,-99,-99,-99,4.0,-99,-99,-99,-99,
280,0.16642550201741999,TN,1,1,1,-99,-99,-99,1,-99,-99,-99,-99,4.0,-99,-99,-99,-99,
281,0.4896666496679209,FN,0,1,-99,-99,-99,-99,1,-99,-99,-99,-99,1.0,-99,-99,-99,-99,
282,0.523471150455518,FP,4,1,0,1,2,5,5,-99,-99,-99,-99,-1.0,-99,-99,-99,-99,
283,0.38181172590311563,TN,0,1,-99,-99,-99,-99,1,-99,-99,-99,-99,2.0,-99,-99,-99,-99,
284,0.6016773173797182,TP,3,0,0,1,5,-99,-99,-99,-99,-99,-99,-99,-99,-99,-99,-99,
285,0.12219685342388992,FN,1,2,1,-99,-99,-99,1,5,-99,-99,-99,4.0,2.0,-99,-99,-99,
286,0.4025303073499504,TN,3,1,1,4,5,-99,1,-99,-99,-99,-99,2.0,-99,-99,-99,-99,
287,0.6235754129007843,FP,3,1,0,1,5,-99,1,-99,-99,-99,-99,-2.0,-99,-99,-99,-99,
288,0.3820812842271825,FN,2,1,0,1,-99,-99,1,-99,-99,-99,-99,1.0,-99,-99,-99,-99,
289,0.08820616276996551,TN,1,2,1,-99,-99,-99,1,5,-99,-99,-99,5.0,2.0,-99,-99,-99,
290,0.23432880055665645,TN,1,1,1,-99,-99,-99,1,-99,-99,-99,-99,3.0,-99,-99,-99,-99,
291,0.059712011147750994,TN,1,3,1,-99,-99,-99,0,1,5,-99,-99,5.0,5.0,3.0,-99,-99,
292,0.22794922578107854,FN,1,1,1,-99,-99,-99,1,-99,-99,-99,-99,3.0,-99,-99,-99,-99,
293,0.5433988695481169,TP,4,0,1,5,6,7,-99,-99,-99,-99,-99,-99,-99,-99,-99,-99,
294,0.4670253095935429,FN,3,1,0,1,4,-99,1,-99,-99,-99,-99,1.0,-99,-99,-99,-99,
295,0.42243755145629347,TN,1,1,5,-99,-99,-99,0,-99,-99,-99,-99,3.0,-99,-99,-99,-99,
296,0.6849125513189872,FP,3,1,0,1,5,-99,1,-99,-99,-99,-99,-2.0,-99,-99,-99,-99,
297,0.31157736484415477,FN,0,1,-99,-99,-99,-99,1,-99,-99,-99,-99,2.0,-99,-99,-99,-99,
298,0.17986886949508324,TN,3,2,0,1,5,-99,0,1,-99,-99,-99,1.0,4.0,-99,-99,-99,
299,0.4278571575505069,FN,1,1,1,-99,-99,-99,1,-99,-99,-99,-99,1.0,-99,-99,-99,-99,
300,0.2890741856736738,TN,2,1,1,5,-99,-99,1,-99,-99,-99,-99,3.0,-99,-99,-99,-99,
301,0.8395786033796714,TP,2,0,1,2,-99,-99,-99,-99,-99,-99,-99,-99,-99,-99,-99,-99,
302,0.4240228011171527,FN,0,1,-99,-99,-99,-99,1,-99,-99,-99,-99,1.0,-99,-99,-99,-99,
303,0.08122944770488923,TN,1,3,1,-99,-99,-99,0,1,5,-99,-99,2.0,5.0,2.0,-99,-99,
304,0.5090194978312274,TP,3,1,0,1,5,-99,1,-99,-99,-99,-99,-1.0,-99,-99,-99,-99,
305,0.28789922706378007,TN,1,2,5,-99,-99,-99,1,5,-99,-99,-99,2.0,2.0,-99,-99,-99,
306,0.2798828798281027,TN,2,1,0,1,-99,-99,1,-99,-99,-99,-99,3.0,-99,-99,-99,-99,
307,0.6505160266535197,TP,2,0,0,1,-99,-99,-99,-99,-99,-99,-99,-99,-99,-99,-99,-99,
308,0.18642238408428866,TN,2,3,0,5,-99,-99,0,1,5,-99,-99,5.0,2.0,2.0,-99,-99,
309,0.35650713167509035,FN,3,1,0,1,5,-99,1,-99,-99,-99,-99,2.0,-99,-99,-99,-99,
310,0.3324718837099998,FN,3,1,0,1,5,-99,1,-99,-99,-99,-99,2.0,-99,-99,-99,-99,
311,0.07897002757364877,TN,1,2,1,-99,-99,-99,1,5,-99,-99,-99,5.0,4.0,-99,-99,-99,
312,0.20780824866791836,TN,1,1,1,-99,-99,-99,1,-99,-99,-99,-99,4.0,-99,-99,-99,-99,
313,0.3954643986782857,FN,0,1,-99,-99,-99,-99,5,-99,-99,-99,-99,3.0,-99,-99,-99,-99,
314,0.27409461183618783,TN,2,1,0,1,-99,-99,1,-99,-99,-99,-99,3.0,-99,-99,-99,-99,
315,0.4010480885830109,FN,2,1,1,3,-99,-99,1,-99,-99,-99,-99,1.0,-99,-99,-99,-99,
316,0.20812322023482765,TN,2,1,0,1,-99,-99,1,-99,-99,-99,-99,4.0,-99,-99,-99,-99,
317,0.05907185657694779,TN,1,2,1,-99,-99,-99,1,5,-99,-99,-99,5.0,4.0,-99,-99,-99,
318,0.7135336218432885,TP,1,1,1,-99,-99,-99,5,-99,-99,-99,-99,-4.0,-99,-99,-99,-99,
319,0.2649382577165447,TN,2,1,1,3,-99,-99,1,-99,-99,-99,-99,3.0,-99,-99,-99,-99,
320,0.7377690500176227,TP,1,0,1,-99,-99,-99,-99,-99,-99,-99,-99,-99,-99,-99,-99,-99,
321,0.3320661385192016,TN,3,1,0,1,5,-99,1,-99,-99,-99,-99,2.0,-99,-99,-99,-99,
322,0.1686340384042293,FN,2,2,0,1,-99,-99,1,5,-99,-99,-99,4.0,1.0,-99,-99,-99,
323,0.16181062185087317,FN,2,2,1,5,-99,-99,1,5,-99,-99,-99,3.0,3.0,-99,-99,-99,
324,0.6516789799453492,TP,2,1,0,1,-99,-99,1,-99,-99,-99,-99,-2.0,-99,-99,-99,-99,
325,0.18415705802831717,TN,2,1,0,1,-99,-99,1,-99,-99,-99,-99,4.0,-99,-99,-99,-99,
326,0.3197297139983417,TN,3,2,0,4,5,-99,1,5,-99,-99,-99,1.0,2.0,-99,-99,-99,
327,0.30904792381523705,FN,2,1,0,1,-99,-99,1,-99,-99,-99,-99,2.0,-99,-99,-99,-99,
328,0.8707091169894029,FP,2,0,0,1,-99,-99,-99,-99,-99,-99,-99,-99,-99,-99,-99,-99,
329,0.2050177622381898,FN,1,1,1,-99,-99,-99,1,-99,-99,-99,-99,4.0,-99,-99,-99,-99,
330,0.17833415110049833,TN,1,1,1,-99,-99,-99,1,-99,-99,-99,-99,4.0,-99,-99,-99,-99,
331,0.3855467888282752,TN,2,1,1,5,-99,-99,1,-99,-99,-99,-99,1.0,-99,-99,-99,-99,
332,0.10317342409802759,TN,1,2,1,-99,-99,-99,1,5,-99,-99,-99,5.0,2.0,-99,-99,-99,
333,0.9333965287260375,TP,2,0,1,2,-99,-99,-99,-99,-99,-99,-99,-99,-99,-99,-99,-99,
334,0.22111384084968766,TN,1,1,1,-99,-99,-99,1,-99,-99,-99,-99,3.0,-99,-99,-99,-99,
335,0.06808030285989417,TN,1,2,1,-99,-99,-99,1,5,-99,-99,-99,5.0,3.0,-99,-99,-99,
336,0.6999741941489364,FP,2,0,1,5,-99,-99,-99,-99,-99,-99,-99,-99,-99,-99,-99,-99,
337,0.5512101795036556,FP,0,1,-99,-99,-99,-99,2,-99,-99,-99,-99,1.0,-99,-99,-99,-99,
338,0.26524283018474826,FN,2,2,1,5,-99,-99,1,5,-99,-99,-99,3.0,1.0,-99,-99,-99,
339,0.715779750313619,TP,3,0,0,1,5,-99,-99,-99,-99,-99,-99,-99,-99,-99,-99,-99,
340,0.8526866007366406,TP,2,2,1,5,-99,-99,0,5,-99,-99,-99,-5.0,-5.0,-99,-99,-99,
341,0.21086704789924476,TN,3,1,0,1,5,-99,1,-99,-99,-99,-99,3.0,-99,-99,-99,-99,
342,0.08245849221921712,TN,1,2,1,-99,-99,-99,1,5,-99,-99,-99,5.0,2.0,-99,-99,-99,
343,0.004942993959359508,TN,1,3,1,-99,-99,-99,0,1,5,-99,-99,4.0,5.0,4.0,-99,-99,
344,0.3190059188593561,TN,3,1,1,2,7,-99,1,-99,-99,-99,-99,2.0,-99,-99,-99,-99,
345,0.3172086121794307,TN,1,1,1,-99,-99,-99,1,-99,-99,-99,-99,2.0,-99,-99,-99,-99,
346,0.4499596884442496,TN,3,1,1,2,6,-99,1,-99,-99,-99,-99,1.0,-99,-99,-99,-99,
347,0.40794217829656776,TN,3,1,0,1,5,-99,1,-99,-99,-99,-99,2.0,-99,-99,-99,-99,
348,0.3220197551960408,TN,2,1,1,5,-99,-99,1,-99,-99,-99,-99,3.0,-99,-99,-99,-99,
349,0.08128999303326058,TN,1,2,1,-99,-99,-99,0,1,-99,-99,-99,5.0,5.0,-99,-99,-99,
350,0.012423106828353271,FN,1,3,1,-99,-99,-99,0,1,5,-99,-99,2.0,5.0,1.0,-99,-99,
351,0.21612426505250878,TN,1,1,1,-99,-99,-99,1,-99,-99,-99,-99,4.0,-99,-99,-99,-99,
352,0.3517983213453785,TN,0,1,-99,-99,-99,-99,1,-99,-99,-99,-99,2.0,-99,-99,-99,-99,
353,0.04426502721079255,TN,1,0,1,-99,-99,-99,-99,-99,-99,-99,-99,-99,-99,-99,-99,-99,
354,0.08827100911644468,TN,1,2,1,-99,-99,-99,1,5,-99,-99,-99,5.0,3.0,-99,-99,-99,
355,0.22858637200463672,TN,1,1,1,-99,-99,-99,1,-99,-99,-99,-99,4.0,-99,-99,-99,-99,
356,0.6955019797188261,TP,2,0,0,1,-99,-99,-99,-99,-99,-99,-99,-99,-99,-99,-99,-99,
357,0.3790615319950773,FN,2,1,0,1,-99,-99,1,-99,-99,-99,-99,2.0,-99,-99,-99,-99,
358,0.8888565134341511,TP,3,3,0,1,2,-99,1,2,5,-99,-99,-2.0,1.0,-5.0,-99,-99,
359,0.26589457273432343,TN,1,1,1,-99,-99,-99,1,-99,-99,-99,-99,3.0,-99,-99,-99,-99,
360,0.8357114319337536,TP,1,0,1,-99,-99,-99,-99,-99,-99,-99,-99,-99,-99,-99,-99,-99,
361,0.8129147638920636,TP,1,2,1,-99,-99,-99,0,5,-99,-99,-99,-5.0,-5.0,-99,-99,-99,
362,0.5889982336109499,FP,0,0,-99,-99,-99,-99,-99,-99,-99,-99,-99,-99,-99,-99,-99,-99,
363,0.17940001341810538,TN,1,1,1,-99,-99,-99,1,-99,-99,-99,-99,5.0,-99,-99,-99,-99,
364,0.636236107335453,TP,4,1,0,1,2,5,1,-99,-99,-99,-99,-2.0,-99,-99,-99,-99,
365,0.5,TN,0,0,-99,-99,-99,-99,-99,-99,-99,-99,-99,-99,-99,-99,-99,-99,
366,0.2445228549976096,TN,1,1,1,-99,-99,-99,1,-99,-99,-99,-99,3.0,-99,-99,-99,-99,
367,0.3047096287320644,FN,2,1,1,5,-99,-99,1,-99,-99,-99,-99,3.0,-99,-99,-99,-99,
368,0.06074748666060158,TN,1,2,1,-99,-99,-99,1,5,-99,-99,-99,5.0,5.0,-99,-99,-99,
369,0.05115476329534498,TN,1,3,1,-99,-99,-99,0,1,5,-99,-99,5.0,5.0,2.0,-99,-99,
370,0.1965211425602497,FN,3,2,0,1,2,-99,1,5,-99,-99,-99,2.0,3.0,-99,-99,-99,
371,0.8600796917331297,TP,2,0,1,5,-99,-99,-99,-99,-99,-99,-99,-99,-99,-99,-99,-99,
372,0.05979464082341021,TN,1,2,5,-99,-99,-99,1,5,-99,-99,-99,4.0,1.0,-99,-99,-99,
373,0.1029695064137989,TN,1,2,1,-99,-99,-99,1,5,-99,-99,-99,5.0,1.0,-99,-99,-99,
374,0.17937459555375565,TN,1,1,1,-99,-99,-99,1,-99,-99,-99,-99,4.0,-99,-99,-99,-99,
375,0.39674533767386305,TN,2,1,0,1,-99,-99,1,-99,-99,-99,-99,2.0,-99,-99,-99,-99,
376,0.7115359041028142,TP,3,0,0,1,5,-99,-99,-99,-99,-99,-99,-99,-99,-99,-99,-99,
377,0.057734323604930915,TN,1,2,1,-99,-99,-99,1,5,-99,-99,-99,5.0,4.0,-99,-99,-99,
378,0.12988999197021764,TN,1,1,1,-99,-99,-99,1,-99,-99,-99,-99,5.0,-99,-99,-99,-99,
379,0.7918096829819606,TP,2,1,1,5,-99,-99,1,-99,-99,-99,-99,-4.0,-99,-99,-99,-99,
380,0.1623327848379001,TN,1,1,1,-99,-99,-99,1,-99,-99,-99,-99,4.0,-99,-99,-99,-99,
381,0.16383120245810012,TN,1,1,1,-99,-99,-99,1,-99,-99,-99,-99,4.0,-99,-99,-99,-99,
382,0.05873863190004867,TN,1,2,1,-99,-99,-99,1,5,-99,-99,-99,5.0,4.0,-99,-99,-99,
383,0.17047001169905565,TN,2,1,0,1,-99,-99,1,-99,-99,-99,-99,4.0,-99,-99,-99,-99,
384,0.11131218569124597,TN,1,2,1,-99,-99,-99,1,5,-99,-99,-99,5.0,1.0,-99,-99,-99,
385,0.14040635929053719,TN,2,2,1,5,-99,-99,1,5,-99,-99,-99,4.0,2.0,-99,-99,-99,
386,0.1364838018647504,TN,1,2,5,-99,-99,-99,1,5,-99,-99,-99,4.0,1.0,-99,-99,-99,
387,0.29655589208178257,FN,2,1,1,5,-99,-99,1,-99,-99,-99,-99,3.0,-99,-99,-99,-99,
388,0.3099321245994832,FN,1,1,1,-99,-99,-99,1,-99,-99,-99,-99,2.0,-99,-99,-99,-99,
389,0.45163266849630695,FN,0,1,-99,-99,-99,-99,1,-99,-99,-99,-99,1.0,-99,-99,-99,-99,
390,0.19955712413162652,TN,1,1,1,-99,-99,-99,1,-99,-99,-99,-99,4.0,-99,-99,-99,-99,
391,0.1306092681099874,TN,1,1,1,-99,-99,-99,1,-99,-99,-99,-99,5.0,-99,-99,-99,-99,
392,0.8365363719491085,TP,2,0,1,5,-99,-99,-99,-99,-99,-99,-99,-99,-99,-99,-99,-99,
393,0.1865763238158342,TN,2,2,1,5,-99,-99,1,5,-99,-99,-99,2.0,3.0,-99,-99,-99,
394,0.15443242467278678,TN,1,2,5,-99,-99,-99,1,5,-99,-99,-99,4.0,2.0,-99,-99,-99,
395,0.6539252999301961,TP,4,1,0,1,5,6,1,-99,-99,-99,-99,-2.0,-99,-99,-99,-99,
396,0.4096856445545336,TN,3,1,0,1,5,-99,1,-99,-99,-99,-99,2.0,-99,-99,-99,-99,
397,0.13425484846988067,TN,1,1,1,-99,-99,-99,1,-99,-99,-99,-99,5.0,-99,-99,-99,-99,
398,0.25787794725466157,FN,0,1,-99,-99,-99,-99,1,-99,-99,-99,-99,3.0,-99,-99,-99,-99,
399,0.050831123824266744,TN,1,2,1,-99,-99,-99,1,5,-99,-99,-99,5.0,5.0,-99,-99,-99,
400,0.8010446157063633,TP,1,0,1,-99,-99,-99,-99,-99,-99,-99,-99,-99,-99,-99,-99,-99,
401,0.15416605160841007,FN,1,1,1,-99,-99,-99,1,-99,-99,-99,-99,5.0,-99,-99,-99,-99,
402,0.3706927514962135,TN,2,1,5,6,-99,-99,1,-99,-99,-99,-99,2.0,-99,-99,-99,-99,
403,0.3807779028443609,FN,0,1,-99,-99,-99,-99,1,-99,-99,-99,-99,2.0,-99,-99,-99,-99,
404,0.10049591741520926,TN,1,2,1,-99,-99,-99,1,5,-99,-99,-99,5.0,1.0,-99,-99,-99,
405,0.7092541357234162,TP,3,1,0,1,5,-99,5,-99,-99,-99,-99,-4.0,-99,-99,-99,-99,
406,0.48786895265306596,TN,2,1,0,1,-99,-99,1,-99,-99,-99,-99,1.0,-99,-99,-99,-99,
407,0.23075720479031359,FN,2,1,1,5,-99,-99,1,-99,-99,-99,-99,4.0,-99,-99,-99,-99,
408,0.0737234075605545,TN,1,3,1,-99,-99,-99,0,1,5,-99,-99,5.0,5.0,2.0,-99,-99,
409,0.9012812903864387,TP,1,0,1,-99,-99,-99,-99,-99,-99,-99,-99,-99,-99,-99,-99,-99,
410,0.7532757030992298,TP,2,1,1,5,-99,-99,5,-99,-99,-99,-99,-5.0,-99,-99,-99,-99,
411,0.2164679150100081,TN,1,1,1,-99,-99,-99,1,-99,-99,-99,-99,4.0,-99,-99,-99,-99,
412,0.19526772147029736,TN,2,1,0,1,-99,-99,1,-99,-99,-99,-99,4.0,-99,-99,-99,-99,
413,0.5841943242075007,FP,3,0,1,5,6,-99,-99,-99,-99,-99,-99,-99,-99,-99,-99,-99,
414,0.24731326009506682,TN,3,2,0,1,5,-99,1,5,-99,-99,-99,1.0,3.0,-99,-99,-99,
415,0.3774155476406416,FN,0,1,-99,-99,-99,-99,1,-99,-99,-99,-99,2.0,-99,-99,-99,-99,
416,0.6174198364336186,TP,2,1,1,5,-99,-99,5,-99,-99,-99,-99,-2.0,-99,-99,-99,-99,
417,0.1284977855615985,TN,1,1,1,-99,-99,-99,1,-99,-99,-99,-99,5.0,-99,-99,-99,-99,
418,0.5452922454029819,TP,0,0,-99,-99,-99,-99,-99,-99,-99,-99,-99,-99,-99,-99,-99,-99,
419,0.041472848979547026,TN,1,0,1,-99,-99,-99,-99,-99,-99,-99,-99,-99,-99,-99,-99,-99,
420,0.2242693120567394,FN,3,2,0,1,5,-99,1,5,-99,-99,-99,2.0,2.0,-99,-99,-99,
421,0.32344512131213643,TN,2,1,0,1,-99,-99,1,-99,-99,-99,-99,2.0,-99,-99,-99,-99,
422,0.08888866852790296,TN,1,2,1,-99,-99,-99,1,5,-99,-99,-99,5.0,1.0,-99,-99,-99,
423,0.19721616160225294,TN,1,1,1,-99,-99,-99,1,-99,-99,-99,-99,4.0,-99,-99,-99,-99,
424,0.20849985099405743,TN,2,1,0,1,-99,-99,1,-99,-99,-99,-99,4.0,-99,-99,-99,-99,
425,0.7611014215638874,TP,2,1,1,5,-99,-99,1,-99,-99,-99,-99,-3.0,-99,-99,-99,-99,
426,0.7617198499602476,TP,1,0,1,-99,-99,-99,-99,-99,-99,-99,-99,-99,-99,-99,-99,-99,
427,0.03319683959468467,TN,1,2,5,-99,-99,-99,1,5,-99,-99,-99,5.0,1.0,-99,-99,-99,
428,0.7044279198690699,TP,2,1,1,5,-99,-99,5,-99,-99,-99,-99,-5.0,-99,-99,-99,-99,
429,0.28758791444961074,TN,3,1,0,1,2,-99,1,-99,-99,-99,-99,3.0,-99,-99,-99,-99,
430,0.09968134548985265,FN,1,2,1,-99,-99,-99,1,5,-99,-99,-99,5.0,1.0,-99,-99,-99,
431,0.1738561258219197,TN,1,1,1,-99,-99,-99,1,-99,-99,-99,-99,4.0,-99,-99,-99,-99,
432,0.1075296990547484,TN,1,2,1,-99,-99,-99,1,5,-99,-99,-99,5.0,2.0,-99,-99,-99,
433,0.06363231945650387,TN,1,2,1,-99,-99,-99,1,5,-99,-99,-99,5.0,5.0,-99,-99,-99,
434,0.2516360503132859,TN,3,2,0,5,6,-99,1,5,-99,-99,-99,3.0,1.0,-99,-99,-99,
435,0.10007721277460666,TN,1,3,1,-99,-99,-99,0,1,5,-99,-99,2.0,5.0,2.0,-99,-99,
436,0.749460131870007,TP,3,0,1,2,5,-99,-99,-99,-99,-99,-99,-99,-99,-99,-99,-99,
437,0.6516802834761042,FP,3,1,0,1,5,-99,1,-99,-99,-99,-99,-2.0,-99,-99,-99,-99,
438,0.49432802888399685,TN,0,1,-99,-99,-99,-99,1,-99,-99,-99,-99,1.0,-99,-99,-99,-99,
439,0.042582456687617815,TN,1,0,1,-99,-99,-99,-99,-99,-99,-99,-99,-99,-99,-99,-99,-99,
440,0.3203777129847585,TN,1,1,1,-99,-99,-99,1,-99,-99,-99,-99,2.0,-99,-99,-99,-99,
441,0.6409791019721643,TP,1,0,1,-99,-99,-99,-99,-99,-99,-99,-99,-99,-99,-99,-99,-99,
442,0.09217868969966303,TN,1,2,1,-99,-99,-99,1,5,-99,-99,-99,5.0,1.0,-99,-99,-99,
443,0.260558345235388,TN,2,1,1,6,-99,-99,1,-99,-99,-99,-99,3.0,-99,-99,-99,-99,
444,0.3760940538525612,FN,1,1,1,-99,-99,-99,1,-99,-99,-99,-99,2.0,-99,-99,-99,-99,
445,0.2616878673296689,FN,2,1,1,5,-99,-99,1,-99,-99,-99,-99,3.0,-99,-99,-99,-99,
446,0.9685727242232713,TP,2,0,1,5,-99,-99,-99,-99,-99,-99,-99,-99,-99,-99,-99,-99,
447,0.09663084891117173,TN,1,2,1,-99,-99,-99,1,5,-99,-99,-99,5.0,2.0,-99,-99,-99,
448,0.09488956669690457,TN,1,2,1,-99,-99,-99,0,1,-99,-99,-99,2.0,5.0,-99,-99,-99,
449,0.14649912049387198,FN,1,1,1,-99,-99,-99,1,-99,-99,-99,-99,5.0,-99,-99,-99,-99,
450,0.1639700565573328,TN,2,1,0,1,-99,-99,1,-99,-99,-99,-99,4.0,-99,-99,-99,-99,
451,0.041536575900233685,TN,1,3,1,-99,-99,-99,0,1,5,-99,-99,1.0,5.0,5.0,-99,-99,
452,0.3299425491678629,FN,3,1,0,1,5,-99,1,-99,-99,-99,-99,2.0,-99,-99,-99,-99,
453,0.13159059298610196,TN,1,2,1,-99,-99,-99,0,1,-99,-99,-99,1.0,5.0,-99,-99,-99,
454,0.3813243357750303,TN,1,1,5,-99,-99,-99,1,-99,-99,-99,-99,1.0,-99,-99,-99,-99,
455,0.23419533289376673,TN,1,1,1,-99,-99,-99,1,-99,-99,-99,-99,4.0,-99,-99,-99,-99,
456,0.8889152642856999,TP,2,0,0,1,-99,-99,-99,-99,-99,-99,-99,-99,-99,-99,-99,-99,
457,0.3748035827943609,TN,3,1,0,1,5,-99,1,-99,-99,-99,-99,2.0,-99,-99,-99,-99,
458,0.10564683916578041,TN,1,2,1,-99,-99,-99,1,5,-99,-99,-99,5.0,2.0,-99,-99,-99,
459,0.7453494054478448,TP,3,1,0,1,5,-99,1,-99,-99,-99,-99,-3.0,-99,-99,-99,-99,
460,0.42300513000384754,TN,3,1,1,4,5,-99,1,-99,-99,-99,-99,1.0,-99,-99,-99,-99,
461,0.2788306143645928,TN,1,1,5,-99,-99,-99,1,-99,-99,-99,-99,3.0,-99,-99,-99,-99,
462,0.03444375142700424,TN,1,3,1,-99,-99,-99,0,1,5,-99,-99,5.0,5.0,4.0,-99,-99,
463,0.15746945926083938,TN,1,1,1,-99,-99,-99,1,-99,-99,-99,-99,5.0,-99,-99,-99,-99,
464,0.08057632071794622,TN,1,3,1,-99,-99,-99,0,1,5,-99,-99,4.0,5.0,1.0,-99,-99,
465,0.2903746528433198,TN,2,1,1,5,-99,-99,1,-99,-99,-99,-99,3.0,-99,-99,-99,-99,
466,0.1521059820738799,TN,1,2,5,-99,-99,-99,0,1,-99,-99,-99,2.0,4.0,-99,-99,-99,
467,0.05064443136502375,TN,1,3,1,-99,-99,-99,0,1,5,-99,-99,5.0,5.0,3.0,-99,-99,
468,0.15372118224929665,TN,1,1,1,-99,-99,-99,1,-99,-99,-99,-99,5.0,-99,-99,-99,-99,
469,0.6087968319040257,TP,4,1,0,1,2,5,2,-99,-99,-99,-99,1.0,-99,-99,-99,-99,
470,0.7743441191185908,FP,2,1,1,5,-99,-99,1,-99,-99,-99,-99,-4.0,-99,-99,-99,-99,
471,0.5,TN,0,0,-99,-99,-99,-99,-99,-99,-99,-99,-99,-99,-99,-99,-99,-99,
472,0.26850955757456685,TN,0,2,-99,-99,-99,-99,1,5,-99,-99,-99,2.0,2.0,-99,-99,-99,
473,0.2641027300041046,TN,2,1,0,1,-99,-99,1,-99,-99,-99,-99,3.0,-99,-99,-99,-99,
474,0.3842335412679539,TN,3,1,1,2,5,-99,1,-99,-99,-99,-99,2.0,-99,-99,-99,-99,
475,0.20868170092651142,TN,2,1,1,5,-99,-99,1,-99,-99,-99,-99,4.0,-99,-99,-99,-99,
476,0.19320747602422012,TN,3,2,0,1,5,-99,1,5,-99,-99,-99,2.0,4.0,-99,-99,-99,
477,0.15884172492248214,FN,1,1,1,-99,-99,-99,1,-99,-99,-99,-99,4.0,-99,-99,-99,-99,
478,0.1945906201577978,TN,2,1,1,5,-99,-99,1,-99,-99,-99,-99,4.0,-99,-99,-99,-99,
479,0.2651017207410921,TN,2,1,1,5,-99,-99,1,-99,-99,-99,-99,3.0,-99,-99,-99,-99,
480,0.2646954892582162,TN,3,2,0,1,5,-99,1,5,-99,-99,-99,2.0,1.0,-99,-99,-99,
481,0.5775722359869637,TP,3,1,0,1,5,-99,1,-99,-99,-99,-99,-1.0,-99,-99,-99,-99,
482,0.17403151465837918,TN,2,1,0,1,-99,-99,1,-99,-99,-99,-99,4.0,-99,-99,-99,-99,
483,0.09244114101587479,TN,1,2,1,-99,-99,-99,0,1,-99,-99,-99,3.0,5.0,-99,-99,-99,
484,0.07395930391583967,TN,1,3,1,-99,-99,-99,0,1,5,-99,-99,1.0,5.0,2.0,-99,-99,
485,0.8362698505311523,TP,3,0,1,2,5,-99,-99,-99,-99,-99,-99,-99,-99,-99,-99,-99,
486,0.41517097699798283,FN,0,1,-99,-99,-99,-99,1,-99,-99,-99,-99,1.0,-99,-99,-99,-99,
487,0.4849742748104453,TN,0,1,-99,-99,-99,-99,1,-99,-99,-99,-99,1.0,-99,-99,-99,-99,
488,0.8458750719628042,FP,2,0,1,5,-99,-99,-99,-99,-99,-99,-99,-99,-99,-99,-99,-99,
489,0.10349335761910194,TN,1,2,1,-99,-99,-99,1,5,-99,-99,-99,5.0,1.0,-99,-99,-99,
490,0.8455500632659673,FP,1,0,1,-99,-99,-99,-99,-99,-99,-99,-99,-99,-99,-99,-99,-99,
491,0.13099714032635815,TN,1,1,1,-99,-99,-99,1,-99,-99,-99,-99,5.0,-99,-99,-99,-99,
492,0.07788962261972543,TN,1,3,1,-99,-99,-99,0,1,5,-99,-99,4.0,5.0,2.0,-99,-99,
493,0.14250841799117728,TN,1,1,1,-99,-99,-99,1,-99,-99,-99,-99,5.0,-99,-99,-99,-99,
494,0.38277927195078687,FN,3,1,0,1,5,-99,1,-99,-99,-99,-99,2.0,-99,-99,-99,-99,
495,0.027558333690772346,TN,1,2,1,-99,-99,-99,1,5,-99,-99,-99,5.0,3.0,-99,-99,-99,
496,0.629019345373782,FP,3,1,0,1,3,-99,5,-99,-99,-99,-99,-3.0,-99,-99,-99,-99,
497,0.18310673315534245,TN,2,1,1,5,-99,-99,1,-99,-99,-99,-99,4.0,-99,-99,-99,-99,
498,0.0750271978992028,TN,1,2,1,-99,-99,-99,1,5,-99,-99,-99,5.0,3.0,-99,-99,-99,
499,0.7700750733695878,TP,1,0,1,-99,-99,-99,-99,-99,-99,-99,-99,-99,-99,-99,-99,-99,
500,0.5899662799679323,FP,4,1,0,1,5,6,1,-99,-99,-99,-99,-2.0,-99,-99,-99,-99,
501,0.10695778715120213,TN,2,2,1,5,-99,-99,1,5,-99,-99,-99,4.0,2.0,-99,-99,-99,
502,0.11344794024887804,TN,1,1,1,-99,-99,-99,1,-99,-99,-99,-99,5.0,-99,-99,-99,-99,
503,0.01774591232392897,FN,1,1,1,-99,-99,-99,1,-99,-99,-99,-99,5.0,-99,-99,-99,-99,
504,0.25501627037654995,TN,1,1,1,-99,-99,-99,1,-99,-99,-99,-99,3.0,-99,-99,-99,-99,
505,0.145474694582006,TN,1,1,1,-99,-99,-99,1,-99,-99,-99,-99,5.0,-99,-99,-99,-99,
506,0.1427128727133906,TN,1,1,1,-99,-99,-99,1,-99,-99,-99,-99,5.0,-99,-99,-99,-99,
507,0.6292844739260568,TP,2,0,1,5,-99,-99,-99,-99,-99,-99,-99,-99,-99,-99,-99,-99,
508,0.2869685541046573,TN,3,1,0,1,5,-99,1,-99,-99,-99,-99,2.0,-99,-99,-99,-99,
509,0.13660347506053694,TN,1,1,1,-99,-99,-99,1,-99,-99,-99,-99,5.0,-99,-99,-99,-99,
510,0.2914528506348536,TN,2,1,1,5,-99,-99,1,-99,-99,-99,-99,3.0,-99,-99,-99,-99,
511,0.1817906351416704,FN,1,1,1,-99,-99,-99,1,-99,-99,-99,-99,4.0,-99,-99,-99,-99,
512,0.18341710581160112,TN,1,2,5,-99,-99,-99,1,5,-99,-99,-99,2.0,4.0,-99,-99,-99,
513,0.1434651203067089,TN,1,1,1,-99,-99,-99,1,-99,-99,-99,-99,5.0,-99,-99,-99,-99,
514,0.10457110047236137,TN,1,2,1,-99,-99,-99,1,5,-99,-99,-99,5.0,2.0,-99,-99,-99,
515,0.10672916481482496,TN,1,2,1,-99,-99,-99,1,5,-99,-99,-99,5.0,1.0,-99,-99,-99,
516,0.562062875441284,TP,4,1,0,1,2,5,1,-99,-99,-99,-99,-1.0,-99,-99,-99,-99,
517,0.5607384984156574,TP,4,0,0,1,5,6,-99,-99,-99,-99,-99,-99,-99,-99,-99,-99,
518,0.4559686135725728,TN,3,1,1,2,6,-99,1,-99,-99,-99,-99,1.0,-99,-99,-99,-99,
519,0.2368660721221123,TN,1,1,1,-99,-99,-99,1,-99,-99,-99,-99,4.0,-99,-99,-99,-99,
520,0.20100620294506708,TN,1,2,5,-99,-99,-99,1,5,-99,-99,-99,2.0,2.0,-99,-99,-99,
521,0.027474625524207798,TN,1,0,1,-99,-99,-99,-99,-99,-99,-99,-99,-99,-99,-99,-99,-99,
522,0.2404629256959915,TN,4,2,0,1,5,6,1,5,-99,-99,-99,3.0,1.0,-99,-99,-99,
523,0.10805742170663427,TN,1,2,5,-99,-99,-99,1,5,-99,-99,-99,3.0,1.0,-99,-99,-99,
524,0.6053826384724859,TP,0,1,-99,-99,-99,-99,1,-99,-99,-99,-99,-2.0,-99,-99,-99,-99,
525,0.31323100502525825,TN,3,1,0,1,5,-99,1,-99,-99,-99,-99,3.0,-99,-99,-99,-99,
526,0.06427656857658001,TN,1,3,1,-99,-99,-99,0,1,5,-99,-99,5.0,5.0,2.0,-99,-99,
527,0.049310056735250775,TN,1,0,1,-99,-99,-99,-99,-99,-99,-99,-99,-99,-99,-99,-99,-99,
528,0.13817724076271562,TN,2,2,1,5,-99,-99,1,5,-99,-99,-99,5.0,1.0,-99,-99,-99,
529,0.17344881856568486,TN,2,1,0,1,-99,-99,1,-99,-99,-99,-99,4.0,-99,-99,-99,-99,
530,0.13764104476635805,TN,2,1,0,1,-99,-99,1,-99,-99,-99,-99,5.0,-99,-99,-99,-99,
531,0.28514134844733324,TN,3,1,0,1,5,-99,1,-99,-99,-99,-99,3.0,-99,-99,-99,-99,
532,0.33747411508606096,TN,1,1,1,-99,-99,-99,1,-99,-99,-99,-99,2.0,-99,-99,-99,-99,
533,0.17604227819955853,TN,1,1,1,-99,-99,-99,1,-99,-99,-99,-99,4.0,-99,-99,-99,-99,
534,0.3624079785508142,TN,1,1,1,-99,-99,-99,1,-99,-99,-99,-99,2.0,-99,-99,-99,-99,
535,0.12763887520622605,TN,1,2,1,-99,-99,-99,1,5,-99,-99,-99,5.0,1.0,-99,-99,-99,
536,0.6516220017951699,TP,4,1,0,1,2,5,2,-99,-99,-99,-99,1.0,-99,-99,-99,-99,
537,0.0894896790549228,TN,1,2,1,-99,-99,-99,1,5,-99,-99,-99,4.0,3.0,-99,-99,-99,
538,0.027203124364312985,TN,1,3,1,-99,-99,-99,0,1,5,-99,-99,5.0,5.0,5.0,-99,-99,
539,0.2896423554752719,TN,3,1,0,1,5,-99,1,-99,-99,-99,-99,3.0,-99,-99,-99,-99,
540,0.3563046693206256,FN,3,1,0,1,2,-99,1,-99,-99,-99,-99,2.0,-99,-99,-99,-99,
541,0.3469705696067794,FN,1,1,1,-99,-99,-99,1,-99,-99,-99,-99,2.0,-99,-99,-99,-99,
542,0.3184917130674307,FN,3,1,0,1,5,-99,1,-99,-99,-99,-99,3.0,-99,-99,-99,-99,
543,0.26776331610876014,FN,1,1,1,-99,-99,-99,1,-99,-99,-99,-99,3.0,-99,-99,-99,-99,
544,0.1095709553714787,TN,1,2,1,-99,-99,-99,0,1,-99,-99,-99,1.0,5.0,-99,-99,-99,
545,0.07341174151347771,TN,1,2,1,-99,-99,-99,1,5,-99,-99,-99,5.0,3.0,-99,-99,-99,
546,0.8126225858122421,TP,1,2,1,-99,-99,-99,0,5,-99,-99,-99,-4.0,-5.0,-99,-99,-99,
547,0.9239875252013414,TP,1,0,1,-99,-99,-99,-99,-99,-99,-99,-99,-99,-99,-99,-99,-99,
548,0.34386121953881194,TN,0,1,-99,-99,-99,-99,1,-99,-99,-99,-99,2.0,-99,-99,-99,-99,
549,0.48284880425583004,TN,0,1,-99,-99,-99,-99,5,-99,-99,-99,-99,1.0,-99,-99,-99,-99,
550,0.6517052113615902,FP,1,1,1,-99,-99,-99,5,-99,-99,-99,-99,-4.0,-99,-99,-99,-99,
551,0.1285175995872201,TN,2,2,0,1,-99,-99,1,5,-99,-99,-99,5.0,2.0,-99,-99,-99,
552,0.10183267984363592,TN,1,2,1,-99,-99,-99,1,5,-99,-99,-99,5.0,1.0,-99,-99,-99,
553,0.2035834370645213,TN,2,1,1,5,-99,-99,1,-99,-99,-99,-99,4.0,-99,-99,-99,-99,
554,0.0844468357362557,TN,1,2,1,-99,-99,-99,1,5,-99,-99,-99,5.0,3.0,-99,-99,-99,
555,0.11709388437404986,TN,1,1,1,-99,-99,-99,1,-99,-99,-99,-99,5.0,-99,-99,-99,-99,
556,0.23686743939315721,TN,2,1,1,5,-99,-99,1,-99,-99,-99,-99,4.0,-99,-99,-99,-99,
557,0.13851959890602125,TN,1,1,1,-99,-99,-99,1,-99,-99,-99,-99,5.0,-99,-99,-99,-99,
558,0.24644507863856807,TN,2,1,1,5,-99,-99,1,-99,-99,-99,-99,3.0,-99,-99,-99,-99,
559,0.5140495347128335,FP,4,0,0,1,2,5,-99,-99,-99,-99,-99,-99,-99,-99,-99,-99,
560,0.19191766977945962,TN,1,1,1,-99,-99,-99,1,-99,-99,-99,-99,4.0,-99,-99,-99,-99,
561,0.37635242511708367,FN,4,1,1,2,5,6,1,-99,-99,-99,-99,2.0,-99,-99,-99,-99,
562,0.8637595871093794,TP,1,0,1,-99,-99,-99,-99,-99,-99,-99,-99,-99,-99,-99,-99,-99,
563,0.11476788317916695,TN,1,2,1,-99,-99,-99,1,5,-99,-99,-99,5.0,1.0,-99,-99,-99,
564,0.17594762283433502,TN,1,1,1,-99,-99,-99,1,-99,-99,-99,-99,4.0,-99,-99,-99,-99,
565,0.09740901499794945,TN,1,2,1,-99,-99,-99,1,5,-99,-99,-99,5.0,3.0,-99,-99,-99,
566,0.1265526704168862,TN,1,1,1,-99,-99,-99,1,-99,-99,-99,-99,5.0,-99,-99,-99,-99,
567,0.16736780760853898,TN,1,1,1,-99,-99,-99,1,-99,-99,-99,-99,5.0,-99,-99,-99,-99,
568,0.14650873758334487,TN,1,1,1,-99,-99,-99,1,-99,-99,-99,-99,5.0,-99,-99,-99,-99,
569,0.5,TN,0,0,-99,-99,-99,-99,-99,-99,-99,-99,-99,-99,-99,-99,-99,-99,
570,0.20914866829658613,FN,2,2,0,1,-99,-99,1,5,-99,-99,-99,3.0,1.0,-99,-99,-99,
571,0.08780554450733455,TN,1,2,1,-99,-99,-99,1,5,-99,-99,-99,5.0,3.0,-99,-99,-99,
572,0.13311258423466085,TN,2,2,1,5,-99,-99,1,5,-99,-99,-99,2.0,5.0,-99,-99,-99,
573,0.19699591209005815,TN,2,1,0,1,-99,-99,1,-99,-99,-99,-99,4.0,-99,-99,-99,-99,
574,0.15489665565558355,TN,1,1,1,-99,-99,-99,1,-99,-99,-99,-99,5.0,-99,-99,-99,-99,
575,0.33275770604353033,TN,0,2,-99,-99,-99,-99,1,5,-99,-99,-99,1.0,2.0,-99,-99,-99,
576,0.28640945406037516,TN,2,1,0,1,-99,-99,1,-99,-99,-99,-99,3.0,-99,-99,-99,-99,
577,0.2655483813515791,TN,1,1,1,-99,-99,-99,1,-99,-99,-99,-99,3.0,-99,-99,-99,-99,
578,0.417408715379275,FN,2,1,0,1,-99,-99,1,-99,-99,-99,-99,1.0,-99,-99,-99,-99,
579,0.46939343927699756,TN,3,1,1,4,5,-99,1,-99,-99,-99,-99,1.0,-99,-99,-99,-99,
580,0.790278999743474,TP,1,3,1,-99,-99,-99,0,2,5,-99,-99,-2.0,1.0,-5.0,-99,-99,
581,0.4646120487146585,FN,3,1,0,2,3,-99,1,-99,-99,-99,-99,1.0,-99,-99,-99,-99,
582,0.1707804725575134,TN,2,1,1,5,-99,-99,1,-99,-99,-99,-99,4.0,-99,-99,-99,-99,
583,0.3784753277375899,TN,2,1,1,5,-99,-99,1,-99,-99,-99,-99,2.0,-99,-99,-99,-99,
584,0.31917815727264837,TN,1,1,1,-99,-99,-99,1,-99,-99,-99,-99,3.0,-99,-99,-99,-99,
585,0.361506024393175,FN,3,1,1,2,5,-99,1,-99,-99,-99,-99,2.0,-99,-99,-99,-99,
586,0.07120632058746948,TN,1,2,1,-99,-99,-99,1,5,-99,-99,-99,5.0,2.0,-99,-99,-99,
587,0.6261711093881442,TP,4,0,0,1,2,5,-99,-99,-99,-99,-99,-99,-99,-99,-99,-99,
588,0.15014325802053138,TN,1,1,1,-99,-99,-99,1,-99,-99,-99,-99,5.0,-99,-99,-99,-99,
589,0.7541728327280165,TP,2,1,1,5,-99,-99,5,-99,-99,-99,-99,-5.0,-99,-99,-99,-99,
590,0.07160696120850213,TN,1,2,1,-99,-99,-99,1,5,-99,-99,-99,5.0,3.0,-99,-99,-99,
591,0.6538489002253147,TP,3,0,0,1,5,-99,-99,-99,-99,-99,-99,-99,-99,-99,-99,-99,
592,0.2010551800155093,TN,2,1,0,1,-99,-99,1,-99,-99,-99,-99,4.0,-99,-99,-99,-99,
593,0.38321878889417016,FN,4,1,0,1,2,5,1,-99,-99,-99,-99,2.0,-99,-99,-99,-99,
594,0.16819221438249785,TN,1,1,1,-99,-99,-99,1,-99,-99,-99,-99,4.0,-99,-99,-99,-99,
595,0.380524749990321,TN,0,1,-99,-99,-99,-99,1,-99,-99,-99,-99,2.0,-99,-99,-99,-99,
596,0.6983410910689243,TP,1,1,1,-99,-99,-99,5,-99,-99,-99,-99,-4.0,-99,-99,-99,-99,
597,0.09411955578826119,TN,1,0,1,-99,-99,-99,-99,-99,-99,-99,-99,-99,-99,-99,-99,-99,
598,0.14136059847287372,TN,1,1,1,-99,-99,-99,1,-99,-99,-99,-99,5.0,-99,-99,-99,-99,
599,0.6666574327087879,TP,2,0,1,5,-99,-99,-99,-99,-99,-99,-99,-99,-99,-99,-99,-99,
600,0.1439172305573994,TN,2,2,0,1,-99,-99,1,5,-99,-99,-99,4.0,1.0,-99,-99,-99,
601,0.09197373445574847,TN,1,2,1,-99,-99,-99,1,5,-99,-99,-99,4.0,4.0,-99,-99,-99,
602,0.2609831805719813,TN,1,1,1,-99,-99,-99,1,-99,-99,-99,-99,3.0,-99,-99,-99,-99,
603,0.14545834624425003,TN,2,3,1,5,-99,-99,0,1,5,-99,-99,5.0,3.0,1.0,-99,-99,
604,0.6613073314046831,TP,3,1,0,1,5,-99,1,-99,-99,-99,-99,-2.0,-99,-99,-99,-99,
605,0.8779614546705169,TP,1,0,1,-99,-99,-99,-99,-99,-99,-99,-99,-99,-99,-99,-99,-99,
606,0.3278276767378533,TN,2,1,0,1,-99,-99,1,-99,-99,-99,-99,2.0,-99,-99,-99,-99,
607,0.8218302874839456,TP,2,0,1,5,-99,-99,-99,-99,-99,-99,-99,-99,-99,-99,-99,-99,
608,0.05219074461539273,TN,1,3,1,-99,-99,-99,0,1,5,-99,-99,1.0,5.0,5.0,-99,-99,
609,0.476943472904371,TN,0,1,-99,-99,-99,-99,1,-99,-99,-99,-99,1.0,-99,-99,-99,-99,
610,0.10122702628007965,TN,2,2,1,5,-99,-99,1,5,-99,-99,-99,5.0,2.0,-99,-99,-99,
611,0.18840584782169742,TN,1,1,1,-99,-99,-99,1,-99,-99,-99,-99,4.0,-99,-99,-99,-99,
612,0.7453774589745048,TP,2,0,1,5,-99,-99,-99,-99,-99,-99,-99,-99,-99,-99,-99,-99,
613,0.7741592388800107,TP,2,2,1,5,-99,-99,0,5,-99,-99,-99,-2.0,-5.0,-99,-99,-99,
614,0.25504088619020227,TN,1,1,1,-99,-99,-99,1,-99,-99,-99,-99,3.0,-99,-99,-99,-99,
615,0.681305017480459,TP,3,0,0,1,5,-99,-99,-99,-99,-99,-99,-99,-99,-99,-99,-99,
616,0.12050001919087584,TN,1,2,1,-99,-99,-99,1,5,-99,-99,-99,4.0,2.0,-99,-99,-99,
617,0.18591047006522665,TN,2,2,1,5,-99,-99,1,5,-99,-99,-99,3.0,1.0,-99,-99,-99,
618,0.025779446047462923,TN,1,0,1,-99,-99,-99,-99,-99,-99,-99,-99,-99,-99,-99,-99,-99,
619,0.3801750546059698,FN,2,1,1,5,-99,-99,1,-99,-99,-99,-99,2.0,-99,-99,-99,-99,
620,0.405607458523893,FN,2,1,0,1,-99,-99,1,-99,-99,-99,-99,1.0,-99,-99,-99,-99,
621,0.18624914037380558,TN,2,1,0,1,-99,-99,1,-99,-99,-99,-99,4.0,-99,-99,-99,-99,
622,0.13085328325377857,TN,1,2,1,-99,-99,-99,1,5,-99,-99,-99,5.0,1.0,-99,-99,-99,
623,0.9207114307091337,FP,1,0,1,-99,-99,-99,-99,-99,-99,-99,-99,-99,-99,-99,-99,-99,
624,0.17485074170214118,TN,1,1,1,-99,-99,-99,1,-99,-99,-99,-99,4.0,-99,-99,-99,-99,
625,0.16677547291542535,TN,1,1,1,-99,-99,-99,1,-99,-99,-99,-99,4.0,-99,-99,-99,-99,
626,0.12052360691973246,TN,1,2,1,-99,-99,-99,1,5,-99,-99,-99,5.0,1.0,-99,-99,-99,
627,0.15087867241225095,TN,2,3,1,5,-99,-99,0,1,5,-99,-99,1.0,4.0,2.0,-99,-99,
628,0.2706953878232153,TN,0,1,-99,-99,-99,-99,1,-99,-99,-99,-99,3.0,-99,-99,-99,-99,
629,0.37033803586287867,TN,4,2,1,2,5,6,1,5,-99,-99,-99,2.0,1.0,-99,-99,-99,
630,0.08164415842081081,TN,1,2,1,-99,-99,-99,0,1,-99,-99,-99,3.0,5.0,-99,-99,-99,
631,0.3371266074141816,FN,2,1,1,5,-99,-99,1,-99,-99,-99,-99,3.0,-99,-99,-99,-99,
632,0.10256068163842276,TN,1,2,1,-99,-99,-99,1,5,-99,-99,-99,5.0,2.0,-99,-99,-99,
633,0.16149036820868815,TN,2,1,1,5,-99,-99,1,-99,-99,-99,-99,5.0,-99,-99,-99,-99,
634,0.15153952127993758,TN,3,2,0,1,5,-99,0,1,-99,-99,-99,3.0,4.0,-99,-99,-99,
635,0.17880459748193958,TN,1,1,1,-99,-99,-99,1,-99,-99,-99,-99,5.0,-99,-99,-99,-99,
636,0.40975137155577185,FN,1,2,1,-99,-99,-99,1,5,-99,-99,-99,1.0,1.0,-99,-99,-99,
637,0.16382970825491522,TN,1,1,1,-99,-99,-99,1,-99,-99,-99,-99,5.0,-99,-99,-99,-99,
638,0.11983509296548724,TN,1,1,1,-99,-99,-99,1,-99,-99,-99,-99,5.0,-99,-99,-99,-99,
639,0.35532083380167284,FN,1,1,1,-99,-99,-99,1,-99,-99,-99,-99,2.0,-99,-99,-99,-99,
640,0.0496558045704128,TN,1,2,1,-99,-99,-99,1,5,-99,-99,-99,5.0,5.0,-99,-99,-99,
641,0.0972141872699502,TN,1,2,1,-99,-99,-99,1,5,-99,-99,-99,5.0,2.0,-99,-99,-99,
642,0.38523272537230996,TN,4,2,0,1,5,6,1,5,-99,-99,-99,1.0,2.0,-99,-99,-99,
643,0.46996292612426327,FN,0,1,-99,-99,-99,-99,1,-99,-99,-99,-99,1.0,-99,-99,-99,-99,
644,0.2920748988812077,TN,1,1,1,-99,-99,-99,1,-99,-99,-99,-99,3.0,-99,-99,-99,-99,
645,0.1386079364488613,TN,1,1,1,-99,-99,-99,1,-99,-99,-99,-99,5.0,-99,-99,-99,-99,
646,0.545168929937673,FP,2,0,1,5,-99,-99,-99,-99,-99,-99,-99,-99,-99,-99,-99,-99,
647,0.4133891314041299,FN,2,1,0,5,-99,-99,5,-99,-99,-99,-99,2.0,-99,-99,-99,-99,
648,0.7635303465382756,TP,2,2,1,5,-99,-99,2,5,-99,-99,-99,2.0,-5.0,-99,-99,-99,
649,0.4347497154171708,FN,3,1,1,2,5,-99,1,-99,-99,-99,-99,1.0,-99,-99,-99,-99,
650,0.09420296505255941,TN,1,2,1,-99,-99,-99,1,5,-99,-99,-99,5.0,1.0,-99,-99,-99,
651,0.06735587697145577,TN,1,2,1,-99,-99,-99,1,5,-99,-99,-99,5.0,4.0,-99,-99,-99,
652,0.2514455945732079,TN,2,1,0,1,-99,-99,1,-99,-99,-99,-99,3.0,-99,-99,-99,-99,
653,0.2989714356794608,TN,4,1,1,2,5,6,1,-99,-99,-99,-99,3.0,-99,-99,-99,-99,
654,0.24330628323876194,TN,2,1,1,5,-99,-99,1,-99,-99,-99,-99,3.0,-99,-99,-99,-99,
655,0.13795524278426988,TN,1,1,1,-99,-99,-99,1,-99,-99,-99,-99,5.0,-99,-99,-99,-99,
656,0.6196764323238083,TP,3,0,1,2,5,-99,-99,-99,-99,-99,-99,-99,-99,-99,-99,-99,
657,0.06960919307347331,TN,1,3,1,-99,-99,-99,0,1,5,-99,-99,5.0,5.0,2.0,-99,-99,
658,0.3523601322339701,TN,2,1,0,1,-99,-99,1,-99,-99,-99,-99,2.0,-99,-99,-99,-99,
659,0.5139791155869704,FP,3,1,0,1,5,-99,1,-99,-99,-99,-99,-1.0,-99,-99,-99,-99,
660,0.12925932748068894,FN,1,2,1,-99,-99,-99,1,5,-99,-99,-99,5.0,1.0,-99,-99,-99,
661,0.6563952037648565,FP,2,0,0,1,-99,-99,-99,-99,-99,-99,-99,-99,-99,-99,-99,-99,
662,0.9239531555472213,TP,1,0,1,-99,-99,-99,-99,-99,-99,-99,-99,-99,-99,-99,-99,-99,
663,0.6458204527810598,TP,2,0,1,5,-99,-99,-99,-99,-99,-99,-99,-99,-99,-99,-99,-99,
664,0.6718741487429426,TP,3,1,0,1,5,-99,1,-99,-99,-99,-99,-2.0,-99,-99,-99,-99,
665,0.3139361045168321,FN,2,1,1,3,-99,-99,1,-99,-99,-99,-99,3.0,-99,-99,-99,-99,
666,0.1434456528445763,TN,2,1,0,1,-99,-99,1,-99,-99,-99,-99,5.0,-99,-99,-99,-99,
667,0.43982141354924514,FN,0,1,-99,-99,-99,-99,1,-99,-99,-99,-99,1.0,-99,-99,-99,-99,
668,0.2587636388604441,FN,2,1,1,5,-99,-99,1,-99,-99,-99,-99,3.0,-99,-99,-99,-99,
669,0.23691941265217115,TN,1,1,1,-99,-99,-99,1,-99,-99,-99,-99,3.0,-99,-99,-99,-99,
670,0.5901789927365679,FP,3,0,0,1,5,-99,-99,-99,-99,-99,-99,-99,-99,-99,-99,-99,
671,0.7406903114504637,FP,3,1,0,1,5,-99,5,-99,-99,-99,-99,-5.0,-99,-99,-99,-99,
672,0.10818852151172136,TN,1,2,1,-99,-99,-99,1,5,-99,-99,-99,5.0,1.0,-99,-99,-99,
673,0.08805698731204868,TN,1,0,1,-99,-99,-99,-99,-99,-99,-99,-99,-99,-99,-99,-99,-99,
674,0.6297204680145887,FP,2,0,1,5,-99,-99,-99,-99,-99,-99,-99,-99,-99,-99,-99,-99,
675,0.260992496025161,TN,1,1,1,-99,-99,-99,1,-99,-99,-99,-99,4.0,-99,-99,-99,-99,
676,0.8533029152508724,TP,1,3,1,-99,-99,-99,0,2,5,-99,-99,-5.0,3.0,-4.0,-99,-99,
677,0.5330279951538538,TP,3,0,0,1,3,-99,-99,-99,-99,-99,-99,-99,-99,-99,-99,-99,
678,0.13313557333982964,TN,1,1,1,-99,-99,-99,1,-99,-99,-99,-99,5.0,-99,-99,-99,-99,
679,0.37184016893265065,FN,2,1,1,6,-99,-99,1,-99,-99,-99,-99,2.0,-99,-99,-99,-99,
680,0.11276623345010506,TN,1,2,1,-99,-99,-99,1,5,-99,-99,-99,5.0,2.0,-99,-99,-99,
681,0.024207673105294245,TN,1,4,1,-99,-99,-99,0,1,5,7,-99,5.0,5.0,5.0,1.0,-99,
682,0.7358641803480339,TP,2,1,1,5,-99,-99,1,-99,-99,-99,-99,-3.0,-99,-99,-99,-99,
683,0.19763085622324908,TN,1,1,1,-99,-99,-99,1,-99,-99,-99,-99,4.0,-99,-99,-99,-99,
684,0.3337371036635372,FN,3,1,1,2,5,-99,1,-99,-99,-99,-99,3.0,-99,-99,-99,-99,
685,0.08752292856654988,TN,1,2,5,-99,-99,-99,1,5,-99,-99,-99,3.0,1.0,-99,-99,-99,
686,0.309828281062007,TN,3,1,0,1,5,-99,1,-99,-99,-99,-99,2.0,-99,-99,-99,-99,
687,0.23015003299235048,TN,2,1,1,5,-99,-99,1,-99,-99,-99,-99,3.0,-99,-99,-99,-99,
688,0.14355282355272003,TN,1,1,1,-99,-99,-99,1,-99,-99,-99,-99,5.0,-99,-99,-99,-99,
689,0.2620858980798058,TN,3,2,0,1,5,-99,1,5,-99,-99,-99,3.0,1.0,-99,-99,-99,
690,0.5368792641974702,TP,2,0,1,5,-99,-99,-99,-99,-99,-99,-99,-99,-99,-99,-99,-99,
691,0.23680115091032536,TN,1,1,1,-99,-99,-99,1,-99,-99,-99,-99,3.0,-99,-99,-99,-99,
692,0.8077891053623175,TP,2,1,1,5,-99,-99,1,-99,-99,-99,-99,-4.0,-99,-99,-99,-99,
693,0.3971224233769408,TN,2,1,0,1,-99,-99,1,-99,-99,-99,-99,1.0,-99,-99,-99,-99,
694,0.5140047431951223,TP,4,0,0,1,2,5,-99,-99,-99,-99,-99,-99,-99,-99,-99,-99,
695,0.0678045297357128,TN,1,2,1,-99,-99,-99,1,5,-99,-99,-99,5.0,4.0,-99,-99,-99,
696,0.36854937747949257,FN,0,2,-99,-99,-99,-99,1,5,-99,-99,-99,1.0,1.0,-99,-99,-99,
697,0.5661474469253872,TP,3,1,0,1,5,-99,5,-99,-99,-99,-99,-1.0,-99,-99,-99,-99,
698,0.18303629582230704,TN,1,1,1,-99,-99,-99,1,-99,-99,-99,-99,4.0,-99,-99,-99,-99,
699,0.3436702813463399,TN,4,1,0,1,2,5,1,-99,-99,-99,-99,3.0,-99,-99,-99,-99,
700,0.5748762446132932,FP,0,0,-99,-99,-99,-99,-99,-99,-99,-99,-99,-99,-99,-99,-99,-99,
701,0.2800021294224207,TN,2,1,0,1,-99,-99,1,-99,-99,-99,-99,3.0,-99,-99,-99,-99,
702,0.29324191323377813,FN,2,1,1,5,-99,-99,1,-99,-99,-99,-99,3.0,-99,-99,-99,-99,
703,0.6454176777522967,TP,2,1,1,5,-99,-99,5,-99,-99,-99,-99,-3.0,-99,-99,-99,-99,
704,0.6780478356552795,FP,3,0,1,2,5,-99,-99,-99,-99,-99,-99,-99,-99,-99,-99,-99,
705,0.14029699628429526,TN,2,2,1,5,-99,-99,1,5,-99,-99,-99,4.0,1.0,-99,-99,-99,
706,0.13315005299384713,TN,1,2,1,-99,-99,-99,0,1,-99,-99,-99,1.0,5.0,-99,-99,-99,
707,0.17150513359735903,FN,1,2,5,-99,-99,-99,1,5,-99,-99,-99,1.0,1.0,-99,-99,-99,
708,0.35064435551632556,TN,3,1,0,1,6,-99,1,-99,-99,-99,-99,2.0,-99,-99,-99,-99,
709,0.7319341683624904,TP,2,1,0,1,-99,-99,1,-99,-99,-99,-99,-3.0,-99,-99,-99,-99,
710,0.18569743069646738,FN,1,1,1,-99,-99,-99,1,-99,-99,-99,-99,4.0,-99,-99,-99,-99,
711,0.5314334421782527,FP,0,0,-99,-99,-99,-99,-99,-99,-99,-99,-99,-99,-99,-99,-99,-99,
712,0.2881551531184086,TN,3,1,1,4,5,-99,1,-99,-99,-99,-99,3.0,-99,-99,-99,-99,
713,0.6807942075341773,TP,3,1,0,1,5,-99,5,-99,-99,-99,-99,-4.0,-99,-99,-99,-99,
714,0.22491492611299865,TN,3,2,0,1,5,-99,1,5,-99,-99,-99,3.0,1.0,-99,-99,-99,
715,0.12642246464237844,TN,1,2,1,-99,-99,-99,1,5,-99,-99,-99,5.0,1.0,-99,-99,-99,
716,0.8988631965873332,TP,1,0,1,-99,-99,-99,-99,-99,-99,-99,-99,-99,-99,-99,-99,-99,
717,0.7175434352515622,TP,2,1,1,5,-99,-99,5,-99,-99,-99,-99,-4.0,-99,-99,-99,-99,
718,0.17234840519385614,TN,1,1,1,-99,-99,-99,1,-99,-99,-99,-99,4.0,-99,-99,-99,-99,
719,0.18942652222383535,TN,1,1,1,-99,-99,-99,1,-99,-99,-99,-99,4.0,-99,-99,-99,-99,
720,0.19559453438128943,FN,1,1,1,-99,-99,-99,1,-99,-99,-99,-99,4.0,-99,-99,-99,-99,
721,0.06771237760599041,TN,1,2,1,-99,-99,-99,1,5,-99,-99,-99,5.0,3.0,-99,-99,-99,
722,0.23120349192795048,TN,2,1,0,1,-99,-99,1,-99,-99,-99,-99,4.0,-99,-99,-99,-99,
723,0.3687326303610983,FN,0,1,-99,-99,-99,-99,1,-99,-99,-99,-99,2.0,-99,-99,-99,-99,
724,0.30855455612453414,TN,2,1,1,6,-99,-99,1,-99,-99,-99,-99,2.0,-99,-99,-99,-99,
725,0.14104445018542952,TN,2,1,0,1,-99,-99,1,-99,-99,-99,-99,5.0,-99,-99,-99,-99,
726,0.2696973140832894,TN,2,1,1,3,-99,-99,1,-99,-99,-99,-99,3.0,-99,-99,-99,-99,
727,0.218883083064389,TN,2,1,0,1,-99,-99,1,-99,-99,-99,-99,4.0,-99,-99,-99,-99,
728,0.28822237981068954,TN,0,1,-99,-99,-99,-99,1,-99,-99,-99,-99,2.0,-99,-99,-99,-99,
729,0.44878787214954946,TN,2,1,2,5,-99,-99,5,-99,-99,-99,-99,2.0,-99,-99,-99,-99,
730,0.11804649540598926,TN,1,2,1,-99,-99,-99,1,5,-99,-99,-99,5.0,2.0,-99,-99,-99,
731,0.23901176349562503,FN,3,1,0,1,5,-99,1,-99,-99,-99,-99,3.0,-99,-99,-99,-99,
732,0.27301229699150603,FN,2,1,1,5,-99,-99,1,-99,-99,-99,-99,3.0,-99,-99,-99,-99,
733,0.777142572630697,TP,2,0,1,5,-99,-99,-99,-99,-99,-99,-99,-99,-99,-99,-99,-99,
734,0.15571671009808058,TN,1,1,1,-99,-99,-99,1,-99,-99,-99,-99,4.0,-99,-99,-99,-99,
735,0.11316449115600699,TN,1,2,1,-99,-99,-99,1,5,-99,-99,-99,4.0,2.0,-99,-99,-99,
736,0.180414755688842,TN,1,1,1,-99,-99,-99,1,-99,-99,-99,-99,4.0,-99,-99,-99,-99,
737,0.14686018595904418,TN,2,2,1,5,-99,-99,1,5,-99,-99,-99,3.0,4.0,-99,-99,-99,
738,0.10075187512459646,TN,1,0,1,-99,-99,-99,-99,-99,-99,-99,-99,-99,-99,-99,-99,-99,
739,0.20120802713472002,TN,1,1,1,-99,-99,-99,1,-99,-99,-99,-99,4.0,-99,-99,-99,-99,
740,0.21077865903293805,FN,1,1,1,-99,-99,-99,1,-99,-99,-99,-99,4.0,-99,-99,-99,-99,
741,0.6457856112315778,TP,3,2,0,1,5,-99,1,5,-99,-99,-99,-1.0,-1.0,-99,-99,-99,
742,0.20515485263794975,TN,1,1,1,-99,-99,-99,1,-99,-99,-99,-99,4.0,-99,-99,-99,-99,
743,0.13706484078942333,TN,2,1,0,1,-99,-99,1,-99,-99,-99,-99,5.0,-99,-99,-99,-99,
744,0.5834390910055728,TP,4,0,0,1,5,6,-99,-99,-99,-99,-99,-99,-99,-99,-99,-99,
745,0.8680515799887584,FP,2,2,0,1,-99,-99,1,5,-99,-99,-99,-5.0,-1.0,-99,-99,-99,
746,0.25951430580736545,TN,1,1,1,-99,-99,-99,1,-99,-99,-99,-99,3.0,-99,-99,-99,-99,
747,0.5787481281506297,TP,2,0,1,5,-99,-99,-99,-99,-99,-99,-99,-99,-99,-99,-99,-99,
748,0.21504903790586397,TN,1,1,1,-99,-99,-99,1,-99,-99,-99,-99,3.0,-99,-99,-99,-99,
749,0.8094228714117643,TP,1,2,1,-99,-99,-99,0,5,-99,-99,-99,-3.0,-5.0,-99,-99,-99,
750,0.5710806029123174,TP,3,0,0,1,2,-99,-99,-99,-99,-99,-99,-99,-99,-99,-99,-99,
751,0.5327246458740851,TP,0,1,-99,-99,-99,-99,1,-99,-99,-99,-99,-1.0,-99,-99,-99,-99,
752,0.253234516045343,TN,2,1,0,1,-99,-99,1,-99,-99,-99,-99,3.0,-99,-99,-99,-99,
753,0.13172226691379688,TN,1,1,1,-99,-99,-99,1,-99,-99,-99,-99,5.0,-99,-99,-99,-99,
754,0.6879036462350482,TP,2,0,1,5,-99,-99,-99,-99,-99,-99,-99,-99,-99,-99,-99,-99,
755,0.6351032620586103,TP,3,2,0,1,5,-99,1,5,-99,-99,-99,-2.0,-1.0,-99,-99,-99,
756,0.3449279860833366,FN,3,1,0,1,2,-99,1,-99,-99,-99,-99,3.0,-99,-99,-99,-99,
757,0.3922768231392592,TN,4,1,1,2,3,5,1,-99,-99,-99,-99,2.0,-99,-99,-99,-99,
758,0.2833655117685649,FN,2,1,0,1,-99,-99,1,-99,-99,-99,-99,3.0,-99,-99,-99,-99,
759,0.18812348883205823,TN,1,1,1,-99,-99,-99,1,-99,-99,-99,-99,4.0,-99,-99,-99,-99,
760,0.8379155632355735,TP,1,0,1,-99,-99,-99,-99,-99,-99,-99,-99,-99,-99,-99,-99,-99,
761,0.10863692196768653,TN,1,2,1,-99,-99,-99,1,5,-99,-99,-99,5.0,1.0,-99,-99,-99,
762,0.8840118845891907,TP,2,0,1,5,-99,-99,-99,-99,-99,-99,-99,-99,-99,-99,-99,-99,
763,0.12093983473803445,TN,1,2,1,-99,-99,-99,1,5,-99,-99,-99,5.0,1.0,-99,-99,-99,
764,0.23675189858396609,TN,1,1,1,-99,-99,-99,1,-99,-99,-99,-99,4.0,-99,-99,-99,-99,
765,0.30183076064951647,TN,2,1,0,1,-99,-99,1,-99,-99,-99,-99,3.0,-99,-99,-99,-99,
766,0.2039963812049962,TN,2,1,1,5,-99,-99,1,-99,-99,-99,-99,4.0,-99,-99,-99,-99,
767,0.28428158302633516,FN,3,1,0,1,5,-99,1,-99,-99,-99,-99,3.0,-99,-99,-99,-99,
768,0.08284775483782506,TN,1,2,1,-99,-99,-99,1,5,-99,-99,-99,5.0,2.0,-99,-99,-99,
