1,0,TN,-5.138492119688583,-3.7598765879658864
2,0,TN,-6.020231317818449,3.636316175392314
3,0,TN,-5.138492119688992,-3.759876587965578
4,1,TP,9.658013754199226,-1.488807115832188
5,0,TN,-5.13849211968898,-3.759876587965638
6,0,TN,-5.13849211968898,-3.759876587965638
7,0,TN,-5.138492119688979,-3.759876587965638
8,1,FN,9.658013754199226,-1.4888071158321876
9,1,FN,-5.138492119688979,-3.7598765879656386
10,0,TN,9.658013754199226,-1.488807115832188
11,0,TN,-6.02023131781879,3.6363161753927806
12,0,TN,9.658013754199226,-1.488807115832188
13,0,TN,-6.02023131781879,3.6363161753927806
15,0,TN,-5.138492119688979,-3.7598765879656386
16,0,TN,-5.138492119688979,-3.7598765879656386
17,1,TP,9.658013754199226,-1.488807115832188
19,0,TN,-5.138492119688979,-3.7598765879656386
20,1,FN,9.658013754199226,-1.488807115832188
21,1,FN,9.658013754199226,-1.488807115832188
22,0,TN,-5.138492119688979,-3.7598765879656386
23,0,FP,9.658013754199226,-1.488807115832188
24,0,TN,-5.138492119688979,-3.7598765879656386
26,0,TN,9.658013754199226,-1.488807115832188
27,0,TN,9.658013754199226,-1.488807115832188
28,0,FP,9.658013754199226,-1.488807115832188
29,0,TN,-5.138492119688979,-3.7598765879656386
30,1,FN,-5.138492119688979,-3.7598765879656386
31,0,TN,-5.138492119688979,-3.7598765879656386
32,1,FN,9.658013754199226,-1.488807115832188
33,0,TN,-0.46571700744819766,7.5895229795004475
34,1,FN,-6.02023131781879,3.6363161753927806
35,0,TN,-5.138492119688979,-3.7598765879656386
36,1,FN,-5.138492119688979,-3.7598765879656386
38,1,TP,9.658013754199226,-1.488807115832188
39,0,TN,0.5218208565551721,12.94990899302475
42,0,TN,-5.138492119688979,-3.7598765879656386
44,0,FP,-5.138492119688979,-3.7598765879656386
45,0,TN,-5.138492119688979,-3.7598765879656386
47,0,TN,-0.904710939695238,11.331997477762954
48,0,TN,9.658013754199226,-1.488807115832188
49,0,TN,-5.138492119688979,-3.7598765879656386
50,0,TN,-6.02023131781879,3.6363161753927806
51,0,TN,-5.138492119688979,-3.7598765879656386
52,1,FN,9.658013754199226,-1.488807115832188
53,1,FN,9.658013754199226,-1.488807115832188
54,0,TN,-5.138492119688979,-3.7598765879656386
55,1,TP,9.658013754199226,-1.488807115832188
56,0,TN,-5.138492119688979,-3.7598765879656386
58,0,TN,-5.138492119688979,-3.7598765879656386
59,0,TN,9.658013754199226,-1.488807115832188
60,1,FN,-5.138492119688979,-3.7598765879656386
61,0,TN,9.658013754199226,-1.488807115832188
62,0,TN,-0.920991781703586,11.37951825978966
63,1,FN,-5.138492119688979,-3.7598765879656386
64,0,TN,-0.46571700744819766,7.5895229795004475
65,0,TN,4.6532538534786445,18.78341605177052
66,0,TN,4.6532538534786445,18.78341605177052
67,0,TN,-5.138492119688979,-3.7598765879656386
68,0,TN,9.658013754199226,-1.488807115832188
69,0,FP,9.658013754199226,-1.488807115832188
71,1,FN,-5.138492119688979,-3.7598765879656386
72,0,TN,0.9581939038306237,13.7004732926306
73,0,TN,-0.7033213894827188,11.08117182742104
74,0,TN,-6.02023131781879,3.6363161753927806
75,0,FP,9.658013754199226,-1.488807115832188
77,0,FP,9.658013754199226,-1.488807115832188
78,1,FN,-5.138492119688979,-3.7598765879656386
79,0,TN,-6.02023131781879,3.6363161753927806
80,0,TN,9.658013754199226,-1.488807115832188
81,0,TN,-5.138492119688979,-3.7598765879656386
82,0,TN,9.658013754199226,-1.488807115832188
83,0,TN,-6.02023131781879,3.6363161753927806
84,0,TN,-5.138492119688979,-3.7598765879656386
86,0,TN,9.658013754199226,-1.488807115832188
87,1,TP,7.017407066515449,8.742874640258327
88,0,TN,-5.138492119688979,-3.7598765879656386
90,0,TN,-5.138492119688979,-3.7598765879656386
91,0,TN,-6.02023131781879,3.6363161753927806
92,1,TP,7.017407066515449,8.742874640258327
94,0,TN,-5.138492119688979,-3.7598765879656386
95,0,TN,-0.4818969617234951,7.613247934665952
96,1,TP,9.658013754199226,-1.488807115832188
97,0,TN,-5.138492119688979,-3.7598765879656386
98,0,TN,-5.138492119688979,-3.7598765879656386
99,0,TN,-6.02023131781879,3.6363161753927806
100,1,FN,-5.138492119688979,-3.7598765879656386
101,1,FN,9.658013754199226,-1.488807115832188
103,1,FN,-5.138492119688979,-3.7598765879656386
104,0,TN,-6.02023131781879,3.6363161753927806
105,0,TN,-5.138492119688979,-3.7598765879656386
106,0,TN,-6.02023131781879,3.6363161753927806
107,0,TN,9.658013754199226,-1.488807115832188
108,0,TN,-6.02023131781879,3.6363161753927806
109,1,FN,-5.138492119688979,-3.7598765879656386
110,0,TN,-0.9209256447474123,11.355618887851804
111,0,TN,9.658013754199226,-1.488807115832188
112,0,TN,-6.02023131781879,3.6363161753927806
113,0,TN,-6.02023131781879,3.6363161753927806
114,1,TP,9.658013754199226,-1.488807115832188
115,0,TN,9.658013754199226,-1.488807115832188
117,1,FN,9.658013754199226,-1.488807115832188
118,1,FN,-5.138492119688979,-3.7598765879656386
119,1,TP,9.658013754199226,-1.488807115832188
120,1,FN,-6.02023131781879,3.6363161753927806
121,0,TN,0.30689921727424746,13.241832134840177
123,0,TN,-5.138492119688979,-3.7598765879656386
124,0,TN,-5.138492119688979,-3.7598765879656386
125,0,TN,-6.02023131781879,3.6363161753927806
126,0,TN,-5.138492119688979,-3.7598765879656386
127,0,TN,1.250039795633053,11.232123925558366
128,0,TN,1.250039795633053,11.232123925558366
129,1,TP,9.658013754199226,-1.488807115832188
130,0,TN,9.658013754199226,-1.488807115832188
131,0,TN,-3.602944825765204,7.393315268925732
135,1,FN,-6.02023131781879,3.6363161753927806
136,0,TN,-5.138492119688979,-3.7598765879656386
137,0,TN,-5.138492119688979,-3.7598765879656386
138,0,TN,-5.138492119688979,-3.7598765879656386
139,0,TN,-6.02023131781879,3.6363161753927806
140,0,TN,-6.02023131781879,3.6363161753927806
141,0,TN,-5.138492119688979,-3.7598765879656386
142,0,TN,-5.138492119688979,-3.7598765879656386
144,0,TN,9.658013754199226,-1.488807115832188
146,0,TN,-0.9209256447474123,11.355618887851804
147,0,TN,-5.138492119688979,-3.7598765879656386
148,0,TN,-5.138492119688979,-3.7598765879656386
149,1,TP,9.658013754199226,-1.488807115832188
151,1,TP,9.658013754199226,-1.488807115832188
153,0,TN,-5.138492119688979,-3.7598765879656386
154,0,TN,-5.138492119688979,-3.7598765879656386
155,0,TN,-5.138492119688979,-3.7598765879656386
156,0,TN,-5.138492119688979,-3.7598765879656386
157,0,TN,-5.138492119688979,-3.7598765879656386
158,0,TN,-5.138492119688979,-3.7598765879656386
159,0,TN,-5.138492119688979,-3.7598765879656386
160,1,FN,-6.02023131781879,3.6363161753927806
161,0,TN,-6.02023131781879,3.6363161753927806
162,0,FP,9.658013754199226,-1.488807115832188
164,0,TN,-6.02023131781879,3.6363161753927806
165,0,TN,-6.02023131781879,3.6363161753927806
166,0,TN,-0.8979073674502576,11.30358423484659
167,0,TN,-5.138492119688979,-3.7598765879656386
168,0,TN,-5.138492119688979,-3.7598765879656386
169,1,FN,9.658013754199226,-1.488807115832188
170,0,FP,9.658013754199226,-1.488807115832188
171,0,TN,-6.02023131781879,3.6363161753927806
172,1,FN,9.658013754199226,-1.488807115832188
173,1,FN,9.658013754199226,-1.488807115832188
175,0,TN,-5.138492119688979,-3.7598765879656386
176,0,TN,9.658013754199226,-1.488807115832188
177,0,TN,-5.138492119688979,-3.7598765879656386
178,1,FN,9.658013754199226,-1.488807115832188
179,0,TN,-6.02023131781879,3.6363161753927806
180,0,TN,-5.138492119688979,-3.7598765879656386
181,0,TN,-5.138492119688979,-3.7598765879656386
182,0,TN,-5.138492119688979,-3.7598765879656386
183,0,TN,-6.02023131781879,3.6363161753927806
184,0,TN,-6.02023131781879,3.6363161753927806
185,1,FN,-6.02023131781879,3.6363161753927806
186,0,TN,-5.138492119688979,-3.7598765879656386
187,0,TN,-6.02023131781879,3.6363161753927806
188,0,TN,-6.02023131781879,3.6363161753927806
189,0,TN,-0.6901964247158527,11.07863648255369
190,0,TN,-0.6993165557490183,11.077408064370548
191,0,TN,-6.02023131781879,3.6363161753927806
192,1,FN,-5.138492119688979,-3.7598765879656386
193,0,TN,-0.6901964247158527,11.07863648255369
194,0,TN,-5.138492119688979,-3.7598765879656386
195,0,TN,-5.138492119688979,-3.7598765879656386
196,0,TN,-6.02023131781879,3.6363161753927806
197,0,TN,-5.138492119688979,-3.7598765879656386
198,1,TP,-0.4588756053572267,7.561109032848605
200,0,TN,6.262260488491217,11.980379586412559
201,1,TP,-5.138492119688979,-3.7598765879656386
202,0,TN,9.658013754199226,-1.488807115832188
203,0,TN,9.658013754199226,-1.488807115832188
204,0,TN,-5.138492119688979,-3.7598765879656386
205,1,FN,-5.138492119688979,-3.7598765879656386
207,1,TP,-5.138492119688979,-3.7598765879656386
208,0,TN,-6.02023131781879,3.6363161753927806
209,0,TN,-5.138492119688979,-3.7598765879656386
211,1,TP,-6.02023131781879,3.6363161753927806
212,1,FN,-5.138492119688979,-3.7598765879656386
214,0,TN,9.658013754199226,-1.488807115832188
215,1,FN,-5.138492119688979,-3.7598765879656386
216,0,TN,-5.138492119688979,-3.7598765879656386
217,0,FP,9.658013754199226,-1.488807115832188
218,0,TN,-6.02023131781879,3.6363161753927806
219,0,TN,-5.138492119688979,-3.7598765879656386
220,0,TN,-6.02023131781879,3.6363161753927806
221,1,FN,9.658013754199226,-1.488807115832188
222,0,TN,-6.02023131781879,3.6363161753927806
223,0,TN,-5.138492119688979,-3.7598765879656386
224,1,FN,9.658013754199226,-1.488807115832188
225,0,TN,-5.138492119688979,-3.7598765879656386
227,1,TP,9.658013754199226,-1.488807115832188
228,0,TN,7.017618368381989,8.718857310757757
230,0,FP,9.658013754199226,-1.488807115832188
232,1,TP,9.658013754199226,-1.488807115832188
234,0,FP,9.658013754199226,-1.488807115832188
235,1,FN,-6.02023131781879,3.6363161753927806
236,1,FN,-5.138492119688979,-3.7598765879656386
237,1,FN,-5.138492119688979,-3.7598765879656386
238,1,FN,-5.138492119688979,-3.7598765879656386
239,1,FN,-5.138492119688979,-3.7598765879656386
240,1,FN,-6.02023131781879,3.6363161753927806
241,0,TN,-5.138492119688979,-3.7598765879656386
243,1,FN,-6.02023131781879,3.6363161753927806
246,1,TP,9.658013754199226,-1.488807115832188
247,0,TN,-6.02023131781879,3.6363161753927806
248,0,TN,-6.02023131781879,3.6363161753927806
249,1,FN,-5.138492119688979,-3.7598765879656386
251,1,TP,-5.138492119688979,-3.7598765879656386
253,0,FP,9.658013754199226,-1.488807115832188
254,0,TN,-3.602944825765204,7.393315268925732
256,0,TN,-6.02023131781879,3.6363161753927806
257,0,TN,9.658013754199226,-1.488807115832188
258,0,TN,-5.138492119688979,-3.7598765879656386
259,0,TN,-5.138492119688979,-3.7598765879656386
260,1,TP,-5.138492119688979,-3.7598765879656386
261,0,TN,9.658013754199226,-1.488807115832188
262,0,TN,-3.602944825765204,7.393315268925732
264,0,TN,9.658013754199226,-1.488807115832188
265,0,FP,-5.138492119688979,-3.7598765879656386
267,0,TN,-0.4818969617234951,7.613247934665952
268,1,TP,-6.02023131781879,3.6363161753927806
270,1,TP,-0.481983807693382,7.637126839638531
272,1,TP,-0.481983807693382,7.637126839638531
274,0,TN,-5.138492119688979,-3.7598765879656386
275,0,TN,-5.138492119688979,-3.7598765879656386
276,1,TP,9.658013754199226,-1.488807115832188
278,1,TP,-0.481983807693382,7.637126839638531
280,1,TP,9.658013754199226,-1.488807115832188
282,1,TP,9.658013754199226,-1.488807115832188
283,0,TN,-5.138492119688979,-3.7598765879656386
285,0,FP,9.658013754199226,-1.488807115832188
287,1,TP,-5.138492119688979,-3.7598765879656386
289,1,TP,9.658013754199226,-1.488807115832188
291,1,TP,9.658013754199226,-1.488807115832188
293,1,TP,9.658013754199226,-1.488807115832188
295,1,TP,9.658013754199226,-1.488807115832188
296,0,TN,9.658013754199226,-1.488807115832188
297,0,TN,-0.920991781703586,11.37951825978966
298,0,TN,-5.138492119688979,-3.7598765879656386
299,0,TN,-5.138492119688979,-3.7598765879656386
300,0,TN,-5.138492119688979,-3.7598765879656386
302,1,TP,-5.138492119688979,-3.7598765879656386
303,0,TN,9.658013754199226,-1.488807115832188
304,0,TN,-6.02023131781879,3.6363161753927806
305,0,TN,-3.602944825765204,7.393315268925732
306,1,FN,-5.138492119688979,-3.7598765879656386
307,0,TN,-6.02023131781879,3.6363161753927806
308,1,FN,9.658013754199226,-1.488807115832188
309,1,FN,9.658013754199226,-1.488807115832188
310,1,FN,9.658013754199226,-1.488807115832188
311,1,FN,-5.138492119688979,-3.7598765879656386
312,1,FN,-6.02023131781879,3.6363161753927806
313,1,FN,-5.138492119688979,-3.7598765879656386
314,0,TN,-6.02023131781879,3.6363161753927806
316,1,TP,-5.138492119688979,-3.7598765879656386
317,0,TN,9.658013754199226,-1.488807115832188
318,1,FN,9.658013754199226,-1.488807115832188
320,1,FN,9.658013754199226,-1.488807115832188
321,1,TP,9.658013754199226,-1.488807115832188
322,0,TN,-5.138492119688979,-3.7598765879656386
323,0,TN,-5.138492119688979,-3.7598765879656386
324,1,FN,-5.138492119688979,-3.7598765879656386
325,1,FN,9.658013754199226,-1.488807115832188
326,1,FN,9.658013754199226,-1.488807115832188
328,0,FP,-6.02023131781879,3.6363161753927806
330,0,FP,9.658013754199226,-1.488807115832188
332,1,TP,-6.02023131781879,3.6363161753927806
333,1,FN,-6.02023131781879,3.6363161753927806
335,1,TP,-5.138492119688979,-3.7598765879656386
337,1,TP,-6.02023131781879,3.6363161753927806
339,1,TP,-5.138492119688979,-3.7598765879656386
341,1,TP,6.402423994018381,11.799520462635913
343,1,TP,9.658013754199226,-1.488807115832188
345,1,TP,9.658013754199226,-1.488807115832188
347,1,TP,-5.138492119688979,-3.7598765879656386
349,1,TP,9.658013754199226,-1.488807115832188
350,1,FN,9.658013754199226,-1.488807115832188
352,1,FN,9.658013754199226,-1.488807115832188
353,0,TN,9.658013754199226,-1.488807115832188
356,1,TP,-5.138492119688979,-3.7598765879656386
358,1,TP,-5.138492119688979,-3.7598765879656386
360,1,TP,9.658013754199226,-1.488807115832188
361,0,TN,-6.02023131781879,3.6363161753927806
363,0,TN,9.658013754199226,-1.488807115832188
364,0,FP,-5.138492119688979,-3.7598765879656386
365,1,FN,9.658013754199226,-1.488807115832188
367,1,FN,9.658013754199226,-1.488807115832188
368,0,TN,-5.138492119688979,-3.7598765879656386
369,0,TN,-5.138492119688979,-3.7598765879656386
370,1,TP,0.30689921727424746,13.241832134840177
371,0,TN,-5.138492119688979,-3.7598765879656386
373,1,TP,-0.4588756053572267,7.561109032848605
374,0,TN,-6.02023131781879,3.6363161753927806
376,1,TP,-5.138492119688979,-3.7598765879656386
378,1,TP,0.30689921727424746,13.241832134840177
380,1,TP,9.658013754199226,-1.488807115832188
382,1,TP,-5.138492119688979,-3.7598765879656386
384,1,TP,9.658013754199226,-1.488807115832188
385,0,TN,-5.138492119688979,-3.7598765879656386
386,1,FN,-5.138492119688979,-3.7598765879656386
387,1,FN,-5.138492119688979,-3.7598765879656386
388,1,FN,-5.138492119688979,-3.7598765879656386
389,1,FN,9.658013754199226,-1.488807115832188
391,1,TP,9.658013754199226,-1.488807115832188
393,0,TN,-5.138492119688979,-3.7598765879656386
394,0,TN,-0.9209256447474123,11.355618887851804
395,0,TN,-0.26373631067917125,7.361825477984481
397,0,TN,-0.4377473475456418,7.557928131603805
399,1,TP,9.658013754199226,-1.488807115832188
400,0,TN,-6.02023131781879,3.6363161753927806
401,0,TN,-0.4377473475456418,7.557928131603805
403,1,TP,9.658013754199226,-1.488807115832188
405,0,TN,-5.138492119688979,-3.7598765879656386
406,1,TP,-5.138492119688979,-3.7598765879656386
408,1,TP,9.658013754199226,-1.488807115832188
410,0,FP,9.658013754199226,-1.488807115832188
411,1,FN,-5.138492119688979,-3.7598765879656386
412,0,TN,-5.138492119688979,-3.7598765879656386
413,0,TN,-6.02023131781879,3.6363161753927806
415,0,TN,-6.02023131781879,3.6363161753927806
416,0,TN,-5.138492119688979,-3.7598765879656386
417,1,TP,-5.138492119688979,-3.7598765879656386
418,0,TN,-5.138492119688979,-3.7598765879656386
420,0,TN,-5.138492119688979,-3.7598765879656386
421,1,TP,-5.138492119688979,-3.7598765879656386
423,0,TN,1.2463048807520059,11.235439207052229
424,1,TP,-0.8979073674502576,11.30358423484659
425,0,TN,-0.7033213894827188,11.08117182742104
427,1,TP,9.658013754199226,-1.488807115832188
428,1,FN,-5.138492119688979,-3.7598765879656386
429,0,TN,-5.138492119688979,-3.7598765879656386
430,1,FN,9.658013754199226,-1.488807115832188
432,0,TN,-6.02023131781879,3.6363161753927806
433,1,TP,-3.602944825765204,7.393315268925732
434,0,TN,9.658013754199226,-1.488807115832188
436,0,TN,9.658013754199226,-1.488807115832188
437,1,FN,9.658013754199226,-1.488807115832188
438,1,TP,-5.138492119688979,-3.7598765879656386
440,0,TN,-6.02023131781879,3.6363161753927806
441,1,TP,9.658013754199226,-1.488807115832188
443,1,TP,9.658013754199226,-1.488807115832188
445,1,TP,-6.02023131781879,3.6363161753927806
446,1,FN,9.658013754199226,-1.488807115832188
448,0,FP,-5.138492119688979,-3.7598765879656386
449,1,FN,9.658013754199226,-1.488807115832188
451,1,TP,9.658013754199226,-1.488807115832188
452,1,FN,9.658013754199226,-1.488807115832188
453,1,FN,9.658013754199226,-1.488807115832188
455,0,FP,-5.138492119688979,-3.7598765879656386
457,0,TN,9.658013754199226,-1.488807115832188
458,0,TN,-5.138492119688979,-3.7598765879656386
459,1,TP,-5.138492119688979,-3.7598765879656386
460,0,TN,-5.138492119688979,-3.7598765879656386
462,0,TN,-5.138492119688979,-3.7598765879656386
463,0,FP,-5.138492119688979,-3.7598765879656386
464,0,TN,0.3299247181791995,13.165891117888586
466,0,FP,9.658013754199226,-1.488807115832188
469,1,FN,9.658013754199226,-1.488807115832188
470,0,TN,-5.138492119688979,-3.7598765879656386
472,1,TP,-5.138492119688979,-3.7598765879656386
474,0,FP,-5.138492119688979,-3.7598765879656386
476,0,TN,9.658013754199226,-1.488807115832188
477,0,FP,9.658013754199226,-1.488807115832188
479,0,TN,9.658013754199226,-1.488807115832188
482,1,TP,-6.02023131781879,3.6363161753927806
484,0,FP,9.658013754199226,-1.488807115832188
486,0,TN,9.658013754199226,-1.488807115832188
487,0,TN,9.658013754199226,-1.488807115832188
488,1,FN,9.658013754199226,-1.488807115832188
489,1,TP,-5.138492119688979,-3.7598765879656386
491,1,FN,9.658013754199226,-1.488807115832188
494,1,TP,9.658013754199226,-1.488807115832188
496,1,TP,-5.138492119688979,-3.7598765879656386
497,1,FN,-5.138492119688979,-3.7598765879656386
499,1,TP,-5.138492119688979,-3.7598765879656386
501,1,FN,-5.138492119688979,-3.7598765879656386
502,1,TP,-6.02023131781879,3.6363161753927806
504,1,TP,-0.4588756053572267,7.561109032848605
506,1,TP,-6.02023131781879,3.6363161753927806
508,1,FN,-5.138492119688979,-3.7598765879656386
509,1,FN,9.658013754199226,-1.488807115832188
510,1,TP,-6.02023131781879,3.6363161753927806
512,1,FN,9.658013754199226,-1.488807115832188
513,1,TP,9.658013754199226,-1.488807115832188
515,1,TP,-5.138492119688979,-3.7598765879656386
516,0,TN,-6.02023131781879,3.6363161753927806
519,1,TP,-6.02023131781879,3.6363161753927806
521,1,TP,-5.138492119688979,-3.7598765879656386
522,0,TN,-5.138492119688979,-3.7598765879656386
524,0,TN,-6.02023131781879,3.6363161753927806
525,0,TN,-5.138492119688979,-3.7598765879656386
528,1,TP,9.658013754199226,-1.488807115832188
529,1,FN,4.669699162075802,18.737895872465778
530,0,TN,-5.138492119688979,-3.7598765879656386
532,0,FP,9.658013754199226,-1.488807115832188
534,1,TP,-3.602944825765204,7.393315268925732
536,1,TP,-5.138492119688979,-3.7598765879656386
537,0,TN,-5.138492119688979,-3.7598765879656386
539,1,TP,-3.602944825765204,7.393315268925732
541,0,TN,-5.138492119688979,-3.7598765879656386
542,1,TP,-5.138492119688979,-3.7598765879656386
543,0,TN,4.653509059263221,18.760662935026755
545,1,TP,4.834433102127681,18.43908325922396
546,0,TN,-5.138492119688979,-3.7598765879656386
547,1,FN,9.658013754199226,-1.488807115832188
549,1,TP,-5.138492119688979,-3.7598765879656386
550,1,FN,-5.138492119688979,-3.7598765879656386
551,1,FN,-5.138492119688979,-3.7598765879656386
553,1,TP,9.658013754199226,-1.488807115832188
554,0,TN,-0.4588756053572267,7.561109032848605
556,0,FP,-6.02023131781879,3.6363161753927806
558,0,FP,-6.02023131781879,3.6363161753927806
560,1,TP,-6.02023131781879,3.6363161753927806
562,0,TN,-6.02023131781879,3.6363161753927806
563,0,TN,-6.02023131781879,3.6363161753927806
564,1,TP,9.658013754199226,-1.488807115832188
566,0,FP,-5.138492119688979,-3.7598765879656386
567,1,FN,-6.02023131781879,3.6363161753927806
568,1,FN,-6.02023131781879,3.6363161753927806
570,1,TP,9.658013754199226,-1.488807115832188
572,1,TP,9.658013754199226,-1.488807115832188
574,0,TN,-5.138492119688979,-3.7598765879656386
575,1,TP,9.658013754199226,-1.488807115832188
577,0,FP,9.658013754199226,-1.488807115832188
578,0,TN,-6.02023131781879,3.6363161753927806
579,0,TN,-6.02023131781879,3.6363161753927806
581,0,TN,-5.13849211968898,-3.7598765879656364
582,0,TN,-5.13849211968898,-3.7598765879656364
583,0,TN,-5.13849211968898,-3.7598765879656364
584,1,TP,9.658013754199226,-1.488807115832188
586,1,FN,-5.138492119688979,-3.7598765879656386
587,1,TP,-0.4588756053572267,7.561109032848605
588,0,TN,-3.602944825765204,7.393315268925732
590,1,TP,-5.138492119688979,-3.7598765879656386
591,0,TN,-5.138492119688979,-3.7598765879656386
592,1,FN,-5.138492119688979,-3.7598765879656386
593,0,TN,-5.138492119688979,-3.7598765879656386
594,0,TN,-5.138492119688979,-3.7598765879656386
595,0,TN,-6.02023131781879,3.6363161753927806
596,0,TN,-6.02023131781879,3.6363161753927806
598,1,TP,9.658013754199226,-1.488807115832188
599,1,FN,-5.138492119688979,-3.7598765879656386
601,0,TN,-0.4588756053572267,7.561109032848605
602,1,FN,9.658013754199226,-1.488807115832188
603,0,TN,-6.02023131781879,3.6363161753927806
604,1,FN,9.658013754199226,-1.488807115832188
605,1,FN,-5.138492119688979,-3.7598765879656386
606,1,FN,-5.138492119688979,-3.7598765879656386
607,1,TP,-6.02023131781879,3.6363161753927806
609,1,FN,-5.138492119688979,-3.7598765879656386
610,1,TP,-5.138492119688979,-3.7598765879656386
611,0,TN,9.658013754199226,-1.488807115832188
613,1,FN,9.658013754199226,-1.488807115832188
614,0,FP,9.658013754199226,-1.488807115832188
616,0,TN,-6.02023131781879,3.6363161753927806
617,0,TN,-6.02023131781879,3.6363161753927806
618,1,TP,7.040492002104306,8.666865245880937
620,0,FP,9.658013754199226,-1.488807115832188
621,0,TN,-6.02023131781879,3.6363161753927806
622,0,TN,-6.02023131781879,3.6363161753927806
623,0,TN,-5.138492119688979,-3.7598765879656386
625,0,TN,9.658013754199226,-1.488807115832188
626,0,TN,9.658013754199226,-1.488807115832188
627,0,TN,-5.138492119688979,-3.7598765879656386
628,0,TN,-5.138492119688979,-3.7598765879656386
629,1,FN,-5.138492119688979,-3.7598765879656386
630,0,TN,-6.02023131781879,3.6363161753927806
631,1,FN,-5.138492119688979,-3.7598765879656386
632,0,FP,9.658013754199226,-1.488807115832188
634,0,TN,7.040492002104306,8.666865245880937
635,0,TN,9.658013754199226,-1.488807115832188
636,0,TN,-5.138492119688979,-3.7598765879656386
639,1,FN,-5.138492119688979,-3.7598765879656386
640,1,TP,-0.4818969617234951,7.613247934665952
641,0,TN,-5.138492119688979,-3.7598765879656386
642,0,TN,-5.138492119688979,-3.7598765879656386
643,0,TN,-5.138492119688979,-3.7598765879656386
644,0,TN,-5.138492119688979,-3.7598765879656386
645,0,TN,-5.138492119688979,-3.7598765879656386
646,1,FN,9.658013754199226,-1.488807115832188
647,0,TN,9.658013754199226,-1.488807115832188
649,1,TP,-5.138492119688979,-3.7598765879656386
650,1,FN,9.658013754199226,-1.488807115832188
651,0,TN,-5.138492119688979,-3.7598765879656386
652,0,TN,-5.138492119688979,-3.7598765879656386
654,1,TP,-5.138492119688979,-3.7598765879656386
655,0,TN,-5.138492119688979,-3.7598765879656386
656,0,TN,-5.138492119688979,-3.7598765879656386
657,0,TN,-5.138492119688979,-3.7598765879656386
659,1,TP,9.658013754199226,-1.488807115832188
660,0,TN,9.658013754199226,-1.488807115832188
662,0,TN,-5.138492119688979,-3.7598765879656386
663,1,FN,-5.138492119688979,-3.7598765879656386
664,1,TP,-5.138492119688979,-3.7598765879656386
666,0,TN,-5.138492119688979,-3.7598765879656386
667,1,FN,-5.138492119688979,-3.7598765879656386
668,1,TP,9.658013754199226,-1.488807115832188
670,1,TP,9.658013754199226,-1.488807115832188
672,0,TN,-6.02023131781879,3.6363161753927806
674,0,TN,-6.02023131781879,3.6363161753927806
675,1,TP,9.658013754199226,-1.488807115832188
677,1,TP,9.658013754199226,-1.488807115832188
678,0,TN,1.2571392200963922,11.219563375927125
679,0,TN,-5.138492119688979,-3.7598765879656386
681,0,TN,9.658013754199226,-1.488807115832188
682,1,TP,9.658013754199226,-1.488807115832188
683,0,TN,-5.138492119688979,-3.7598765879656386
686,0,FP,9.658013754199226,-1.488807115832188
687,0,TN,-5.138492119688979,-3.7598765879656386
688,0,TN,-5.138492119688979,-3.7598765879656386
689,0,TN,-5.138492119688979,-3.7598765879656386
691,0,TN,-0.481983807693382,7.637126839638531
692,0,TN,0.9533206042542464,13.74938950797161
693,0,TN,9.658013754199226,-1.488807115832188
694,0,TN,-6.02023131781879,3.6363161753927806
695,0,TN,-6.02023131781879,3.6363161753927806
696,1,TP,-6.02023131781879,3.6363161753927806
697,1,FN,-5.138492119688979,-3.7598765879656386
698,1,FN,-5.138492119688979,-3.7598765879656386
699,0,TN,-6.02023131781879,3.6363161753927806
702,1,FN,-5.138492119688979,-3.7598765879656386
703,1,FN,-5.138492119688979,-3.7598765879656386
704,0,TN,-5.138492119688979,-3.7598765879656386
705,0,TN,-5.138492119688979,-3.7598765879656386
706,0,TN,-0.9209256447474123,11.355618887851804
707,0,TN,-5.138492119688979,-3.7598765879656386
708,0,FP,9.658013754199226,-1.488807115832188
710,1,TP,9.658013754199226,-1.488807115832188
711,0,TN,-6.02023131781879,3.6363161753927806
712,0,TN,-6.02023131781879,3.6363161753927806
713,0,TN,-5.138492119688979,-3.7598765879656386
714,0,TN,-5.138492119688979,-3.7598765879656386
715,0,TN,-6.02023131781879,3.6363161753927806
716,1,FN,-5.138492119688979,-3.7598765879656386
717,0,TN,-5.138492119688979,-3.7598765879656386
718,0,TN,9.658013754199226,-1.488807115832188
719,0,TN,-5.138492119688979,-3.7598765879656386
720,0,TN,-5.138492119688979,-3.7598765879656386
721,0,TN,-5.138492119688979,-3.7598765879656386
722,0,TN,-5.138492119688979,-3.7598765879656386
724,0,FP,7.017407066515449,8.742874640258327
725,0,TN,-5.138492119688979,-3.7598765879656386
727,1,TP,9.658013754199226,-1.488807115832188
728,0,TN,-5.138492119688979,-3.7598765879656386
729,0,TN,-5.138492119688979,-3.7598765879656386
731,0,TN,-6.02023131781879,3.6363161753927806
732,0,FP,9.658013754199226,-1.488807115832188
733,0,TN,-6.02023131781879,3.6363161753927806
734,0,TN,-6.02023131781879,3.6363161753927806
735,0,TN,-5.138492119688979,-3.7598765879656386
736,0,TN,-6.02023131781879,3.6363161753927806
737,0,TN,-6.02023131781879,3.6363161753927806
738,1,FN,-5.138492119688979,-3.7598765879656386
739,0,TN,-5.138492119688979,-3.7598765879656386
740,0,TN,-5.138492119688979,-3.7598765879656386
742,0,TN,-6.02023131781879,3.6363161753927806
743,0,TN,-5.138492119688979,-3.7598765879656386
744,0,TN,9.658013754199226,-1.488807115832188
745,0,TN,-5.138492119688979,-3.7598765879656386
746,1,FN,9.658013754199226,-1.488807115832188
747,1,FN,-5.138492119688979,-3.7598765879656386
748,0,TN,-5.138492119688979,-3.7598765879656386
749,1,FN,9.658013754199226,-1.488807115832188
750,1,FN,9.658013754199226,-1.488807115832188
751,0,TN,-5.138492119688979,-3.7598765879656386
752,0,TN,-5.138492119688979,-3.7598765879656386
753,0,TN,-5.138492119688979,-3.7598765879656386
754,0,TN,-5.138492119688979,-3.7598765879656386
755,1,FN,-5.138492119688979,-3.7598765879656386
756,1,FN,-5.138492119688976,-3.7598765879656404
757,1,FN,7.040492002104275,8.666865245880985
758,0,TN,-0.4818969617234806,7.613247934665932
759,0,TN,-0.4818969617234951,7.613247934665952
760,0,TN,-5.138492119688979,-3.7598765879656386
761,0,TN,-6.02023131781879,3.6363161753927806
762,0,TN,-6.02023131781879,3.6363161753927806
763,1,FN,9.658013754199226,-1.488807115832188
764,0,TN,-6.02023131781879,3.6363161753927806
765,1,FN,-5.138492119688979,-3.7598765879656386
766,1,FN,-5.138492119688979,-3.7598765879656386
767,0,TN,-6.02023131781879,3.6363161753927806
768,0,TN,-6.02023131781879,3.6363161753927806
769,1,FN,-6.02023131781879,3.6363161753927806
770,0,TN,-5.138492119688979,-3.7598765879656386
771,1,FN,-6.02023131781879,3.6363161753927806
772,0,TN,-0.920991781703586,11.37951825978966
773,0,TN,-6.02023131781879,3.6363161753927806
774,1,FN,9.658013754199226,-1.488807115832188
775,1,FN,9.658013754199226,-1.488807115832188
776,0,TN,-0.4588756053572267,7.561109032848605
777,1,FN,-0.2597836229954981,7.3580661703053964
778,1,FN,-5.138492119688979,-3.7598765879656386
779,0,FP,9.658013754199226,-1.488807115832188
780,0,TN,4.669699162075802,18.737895872465778
781,1,FN,-5.138492119688979,-3.7598765879656386
782,0,TN,-5.138492119688979,-3.7598765879656386
783,0,TN,-5.138492119688979,-3.7598765879656386
784,0,TN,-5.138492119688979,-3.7598765879656386
785,0,TN,4.696691803259101,18.693657195062364
786,0,TN,-5.138492119688979,-3.7598765879656386
787,0,TN,-5.138492119688979,-3.7598765879656386
788,1,FN,9.658013754199226,-1.488807115832188
789,1,FN,9.658013754199226,-1.488807115832188
790,0,TN,-6.02023131781879,3.6363161753927806
791,1,FN,-5.138492119688979,-3.7598765879656386
792,0,TN,-6.02023131781879,3.6363161753927806
793,1,FN,-6.02023131781879,3.6363161753927806
795,1,TP,-6.02023131781879,3.6363161753927806
797,0,TN,9.658013754199226,-1.488807115832188
798,1,TP,-5.138492119688979,-3.7598765879656386
800,1,TP,9.658013754199226,-1.488807115832188
801,0,TN,-6.02023131781879,3.6363161753927806
802,0,TN,9.658013754199226,-1.488807115832188
804,1,FN,-5.138492119688979,-3.7598765879656386
805,1,FN,4.6532538534786445,18.78341605177052
806,1,TP,-3.602944825765204,7.393315268925732
808,1,TP,-3.602944825765204,7.393315268925732
809,0,TN,9.658013754199226,-1.488807115832188
810,1,FN,9.658013754199226,-1.488807115832188
812,1,TP,9.658013754199226,-1.488807115832188
814,0,FP,-5.138492119688979,-3.7598765879656386
816,0,FP,-5.138492119688979,-3.7598765879656386
818,1,TP,-6.02023131781879,3.6363161753927806
819,0,TN,-6.02023131781879,3.6363161753927806
820,0,TN,-6.02023131781879,3.6363161753927806
821,0,TN,-5.138492119688979,-3.7598765879656386
823,0,TN,-5.138492119688979,-3.7598765879656386
824,0,TN,-5.138492119688979,-3.7598765879656386
825,0,TN,9.658013754199226,-1.488807115832188
826,0,FP,9.658013754199226,-1.488807115832188
828,0,FP,9.658013754199226,-1.488807115832188
830,1,TP,-5.138492119688979,-3.7598765879656386
832,1,TP,-5.138492119688979,-3.7598765879656386
834,0,FP,9.658013754199226,-1.488807115832188
835,0,TN,-5.138492119688979,-3.7598765879656386
836,0,TN,-5.138492119688979,-3.7598765879656386
838,1,TP,9.658013754199226,-1.488807115832188
840,0,TN,9.658013754199226,-1.488807115832188
841,1,TP,-3.602944825765204,7.393315268925732
842,0,TN,9.658013754199226,-1.488807115832188
844,0,TN,-0.8979073674502576,11.30358423484659
845,1,TP,-5.138492119688979,-3.7598765879656386
846,0,TN,-5.138492119688979,-3.7598765879656386
847,0,TN,-5.138492119688979,-3.7598765879656386
848,1,FN,4.669699162075802,18.737895872465778
849,0,TN,-5.138492119688979,-3.7598765879656386
850,0,TN,-5.138492119688979,-3.7598765879656386
851,0,TN,9.658013754199226,-1.488807115832188
852,0,TN,9.658013754199226,-1.488807115832188
854,1,TP,-5.138492119688979,-3.7598765879656386
856,1,TP,-5.138492119688979,-3.7598765879656386
858,1,TP,-6.02023131781879,3.6363161753927806
860,1,TP,-5.138492119688979,-3.7598765879656386
861,0,TN,-6.02023131781879,3.6363161753927806
863,0,TN,9.658013754199226,-1.488807115832188
864,0,TN,-6.02023131781879,3.6363161753927806
865,0,TN,-6.02023131781879,3.6363161753927806
866,0,TN,-6.02023131781879,3.6363161753927806
868,1,TP,-5.138492119688979,-3.7598765879656386
870,1,TP,9.658013754199226,-1.488807115832188
872,0,FP,9.658013754199226,-1.488807115832188
874,1,TP,-6.02023131781879,3.6363161753927806
876,1,TP,-6.02023131781879,3.6363161753927806
878,1,TP,9.658013754199226,-1.488807115832188
879,1,FN,9.658013754199226,-1.488807115832188
880,0,TN,-6.02023131781879,3.6363161753927806
881,0,TN,4.673128336525698,18.667353659563066
883,1,TP,-3.602944825765204,7.393315268925732
884,0,TN,-6.02023131781879,3.6363161753927806
885,1,FN,9.658013754199226,-1.488807115832188
886,0,TN,9.658013754199226,-1.488807115832188
887,1,FN,9.658013754199226,-1.488807115832188
889,1,TP,9.658013754199226,-1.488807115832188
890,0,TN,-3.602944825765204,7.393315268925732
892,0,TN,-6.02023131781879,3.6363161753927806
893,1,TP,9.658013754199226,-1.488807115832188
894,0,TN,-6.02023131781879,3.6363161753927806
895,1,FN,7.0615606041290375,8.663750679625815
897,1,TP,-3.602944825765204,7.393315268925732
899,1,TP,-3.602944825765204,7.393315268925732
900,0,TN,9.658013754199226,-1.488807115832188
902,1,TP,9.658013754199226,-1.488807115832188
904,1,TP,9.658013754199226,-1.488807115832188
906,0,TN,-6.02023131781879,3.6363161753927806
907,0,FP,9.658013754199226,-1.488807115832188
909,1,TP,9.658013754199226,-1.488807115832188
913,1,TP,-6.02023131781879,3.6363161753927806
915,1,TP,-5.138492119688979,-3.7598765879656386
917,0,TN,7.192254796357082,8.482552724173159
918,1,TP,9.658013754199226,-1.488807115832188
920,1,TP,-6.02023131781879,3.6363161753927806
922,1,TP,-5.138492119688979,-3.7598765879656386
924,1,TP,9.658013754199226,-1.488807115832188
926,1,TP,-0.8979073674502576,11.30358423484659
928,0,TN,-6.02023131781879,3.6363161753927806
929,0,FP,-6.02023131781879,3.6363161753927806
931,0,FP,9.658013754199226,-1.488807115832188
932,0,TN,-5.138492119688979,-3.7598765879656386
933,1,FN,-5.138492119688979,-3.7598765879656386
934,0,TN,-5.138492119688979,-3.7598765879656386
936,1,TP,-5.138492119688979,-3.7598765879656386
938,0,FP,9.658013754199226,-1.488807115832188
940,0,FP,9.658013754199226,-1.488807115832188
942,1,TP,-6.02023131781879,3.6363161753927806
944,1,FN,-5.138492119688979,-3.7598765879656386
945,1,TP,-6.02023131781879,3.6363161753927806
947,1,TP,-3.602944825765204,7.393315268925732
949,1,TP,-6.02023131781879,3.6363161753927806
951,1,TP,-6.02023131781879,3.6363161753927806
953,1,TP,-5.138492119688979,-3.7598765879656386
955,1,TP,-5.138492119688979,-3.7598765879656386
957,1,TP,-5.138492119688979,-3.7598765879656386
959,1,TP,-5.138492119688935,-3.7598765879656115
960,0,TN,9.658013754199288,-1.488807115832127
962,0,TN,-5.138492119688935,-3.7598765879656115
963,0,TN,-5.138492119688979,-3.7598765879656386
964,1,TP,-6.02023131781879,3.6363161753927806
966,1,TP,-6.02023131781879,3.6363161753927806
968,0,TN,-0.8979073674502576,11.30358423484659
969,1,TP,-6.02023131781879,3.6363161753927806
970,0,TN,9.658013754199226,-1.488807115832188
972,1,TP,-0.4588756053572267,7.561109032848605
974,0,FP,9.658013754199226,-1.488807115832188
976,0,TN,-5.138492119688979,-3.7598765879656386
977,0,TN,-5.138492119688979,-3.7598765879656386
978,0,TN,-6.02023131781879,3.6363161753927806
979,1,TP,9.658013754199226,-1.488807115832188
981,1,TP,9.658013754199226,-1.488807115832188
982,0,TN,9.658013754199226,-1.488807115832188
984,1,TP,9.658013754199226,-1.488807115832188
986,1,TP,-5.138492119688979,-3.7598765879656386
988,0,TN,-5.138492119688979,-3.7598765879656386
989,0,TN,9.658013754199226,-1.488807115832188
990,1,TP,9.658013754199226,-1.488807115832188
991,0,TN,9.658013754199226,-1.488807115832188
992,0,TN,-5.138492119688979,-3.7598765879656386
993,1,FN,9.658013754199226,-1.488807115832188
994,0,TN,-5.138492119688979,-3.7598765879656386
995,0,TN,-5.138492119688979,-3.7598765879656386
996,1,FN,9.658013754199226,-1.488807115832188
998,1,TP,-5.138492119688979,-3.7598765879656386
999,1,FN,-6.02023131781879,3.6363161753927806
1001,1,TP,-5.138492119688979,-3.7598765879656386
1003,1,TP,-6.02023131781879,3.6363161753927806
1005,0,FP,9.658013754199226,-1.488807115832188
1007,1,TP,-6.02023131781879,3.6363161753927806
1009,1,TP,-6.02023131781879,3.6363161753927806
1011,1,TP,-6.02023131781879,3.6363161753927806
1013,0,TN,-0.481983807693382,7.637126839638531
1014,1,FN,9.658013754199226,-1.488807115832188
1015,1,TP,9.658013754199226,-1.488807115832188
1017,1,TP,-3.602944825765204,7.393315268925732
1019,1,TP,-6.02023131781879,3.6363161753927806
1021,1,TP,-5.138492119688979,-3.7598765879656386
1023,0,FP,9.658013754199226,-1.488807115832188
1025,1,TP,9.658013754199226,-1.488807115832188
1026,1,FN,9.658013754199226,-1.488807115832188
1028,0,FP,9.658013754199226,-1.488807115832188
1030,1,TP,9.658013754199226,-1.488807115832188
1032,1,TP,-5.138492119688979,-3.7598765879656386
1033,0,TN,-6.02023131781879,3.6363161753927806
1035,1,FN,-6.02023131781879,3.6363161753927806
1036,1,TP,9.658013754199226,-1.488807115832188
1038,0,TN,-6.02023131781879,3.6363161753927806
1039,1,TP,-6.02023131781879,3.6363161753927806
1041,0,TN,-5.138492119688979,-3.7598765879656386
1042,1,FN,9.658013754199226,-1.488807115832188
1043,1,TP,-6.02023131781879,3.6363161753927806
1045,1,TP,-5.138492119688979,-3.7598765879656386
1047,1,TP,9.658013754199226,-1.488807115832188
1049,1,TP,9.658013754199226,-1.488807115832188
1051,0,FP,9.658013754199226,-1.488807115832188
1053,0,FP,-5.138492119688979,-3.7598765879656386
1055,1,FN,-6.02023131781879,3.6363161753927806
1056,1,FN,-6.02023131781879,3.6363161753927806
1057,1,TP,-5.138492119688979,-3.7598765879656386
1058,0,TN,-5.138492119688979,-3.7598765879656386
1060,1,TP,-5.138492119688979,-3.7598765879656386
1062,1,TP,-6.02023131781879,3.6363161753927806
1064,1,TP,-5.138492119688979,-3.7598765879656386
1066,1,FN,9.658013754199226,-1.488807115832188
1067,1,TP,-6.02023131781879,3.6363161753927806
1069,1,TP,-5.138492119688979,-3.7598765879656386
1071,1,TP,-6.02023131781879,3.6363161753927806
1072,0,TN,-6.02023131781879,3.6363161753927806
1073,1,FN,-5.138492119688979,-3.7598765879656386
1074,1,FN,9.658013754199226,-1.488807115832188
1075,0,TN,-6.02023131781879,3.6363161753927806
1077,1,TP,-6.02023131781879,3.6363161753927806
1079,0,FP,9.658013754199226,-1.488807115832188
1080,1,FN,7.017618368381989,8.718857310757757
1083,1,FN,-5.138492119688979,-3.7598765879656386
1084,1,TP,-6.02023131781879,3.6363161753927806
1085,1,FN,-5.138492119688979,-3.7598765879656386
1086,0,TN,-5.138492119688979,-3.7598765879656386
1088,1,TP,-6.02023131781879,3.6363161753927806
1090,1,TP,9.658013754199226,-1.488807115832188
1092,1,TP,-5.138492119688979,-3.7598765879656386
1094,1,TP,-3.602944825765204,7.393315268925732
1095,1,FN,-5.138492119688979,-3.7598765879656386
1097,1,FN,-5.138492119688979,-3.7598765879656386
1098,0,TN,-5.138492119688979,-3.7598765879656386
1099,1,TP,-6.02023131781879,3.6363161753927806
1100,0,TN,-5.138492119688979,-3.7598765879656386
1102,1,TP,-6.02023131781879,3.6363161753927806
1104,1,TP,-6.02023131781879,3.6363161753927806
1106,0,FP,-5.138492119688979,-3.7598765879656386
1108,1,TP,-6.02023131781879,3.6363161753927806
1109,0,TN,-6.02023131781879,3.6363161753927806
1111,1,TP,9.658013754199226,-1.488807115832188
1113,1,TP,-5.138492119688979,-3.7598765879656386
1117,1,TP,9.658013754199226,-1.488807115832188
1123,1,TP,-6.02023131781879,3.6363161753927806
1125,0,FP,9.658013754199226,-1.488807115832188
1129,0,FP,9.658013754199226,-1.488807115832188
1131,1,TP,9.658013754199226,-1.488807115832188
1132,0,TN,-5.138492119688979,-3.7598765879656386
1134,1,TP,-5.138492119688979,-3.7598765879656386
1136,1,TP,-5.138492119688979,-3.7598765879656386
1138,1,TP,-5.138492119688979,-3.7598765879656386
1139,0,TN,-5.138492119688979,-3.7598765879656386
1140,1,FN,-5.138492119688979,-3.7598765879656386
1141,1,FN,-5.138492119688979,-3.7598765879656386
1143,1,TP,-5.138492119688979,-3.7598765879656386
1145,0,FP,9.658013754199226,-1.488807115832188
1147,1,TP,9.658013754199226,-1.488807115832188
1149,1,TP,-5.138492119688979,-3.7598765879656386
1151,1,TP,-3.602944825765204,7.393315268925732
1153,0,TN,-0.4818969617234951,7.613247934665952
1154,1,TP,-5.138492119688979,-3.7598765879656386
1156,0,TN,-0.4818969617234951,7.613247934665952
1157,1,TP,-6.02023131781879,3.6363161753927806
1159,1,TP,-5.138492119688979,-3.7598765879656386
1161,1,TP,-5.138492119688979,-3.7598765879656386
1163,1,TP,-6.02023131781879,3.6363161753927806
1164,0,TN,9.658013754199226,-1.488807115832188
1165,0,TN,9.658013754199226,-1.488807115832188
1167,0,FP,9.658013754199226,-1.488807115832188
1169,1,TP,-5.138492119688979,-3.7598765879656386
1171,1,TP,9.658013754199226,-1.488807115832188
1173,1,TP,-6.02023131781879,3.6363161753927806
1174,1,FN,9.658013754199226,-1.488807115832188
1175,1,FN,9.658013754199226,-1.488807115832188
1177,0,TN,9.658013754199226,-1.488807115832188
1178,1,TP,-6.02023131781879,3.6363161753927806
1179,0,TN,9.658013754199226,-1.488807115832188
1181,1,TP,-5.138492119688979,-3.7598765879656386
1183,1,TP,-5.138492119688979,-3.7598765879656386
1184,0,TN,-6.02023131781879,3.6363161753927806
1185,0,TN,-6.02023131781879,3.6363161753927806
1187,0,FP,9.658013754199226,-1.488807115832188
1189,0,TN,-0.4588756053572267,7.561109032848605
1190,0,TN,-6.02023131781879,3.6363161753927806
1191,1,TP,-5.138492119688979,-3.7598765879656386
1192,0,TN,-5.138492119688979,-3.7598765879656386
1194,0,TN,-5.138492119688935,-3.7598765879656115
1195,1,FN,-6.0202313178188005,3.6363161753928304
1196,1,FN,-5.138492119688935,-3.7598765879656115
1197,1,FN,-6.02023131781879,3.6363161753927806
1198,1,FN,-5.138492119688979,-3.7598765879656386
1199,1,TP,9.658013754199226,-1.488807115832188
1200,1,FN,-6.02023131781879,3.6363161753927806
1201,1,FN,-5.138492119688979,-3.7598765879656386
1203,1,TP,-5.138492119688979,-3.7598765879656386
1204,0,TN,-5.138492119688979,-3.7598765879656386
1206,1,TP,-5.138492119688979,-3.7598765879656386
1208,0,TN,9.658013754199226,-1.488807115832188
1209,1,TP,-5.138492119688979,-3.7598765879656386
1211,1,TP,9.658013754199226,-1.488807115832188
1212,0,TN,-5.138492119688979,-3.7598765879656386
1214,1,TP,-5.138492119688979,-3.7598765879656386
1216,1,TP,-5.138492119688979,-3.7598765879656386
1217,1,FN,-6.02023131781879,3.6363161753927806
1219,1,TP,9.658013754199226,-1.488807115832188
1221,1,TP,-6.02023131781879,3.6363161753927806
1223,1,FN,-6.02023131781879,3.6363161753927806
1224,1,TP,-3.602944825765204,7.393315268925732
1226,0,TN,-5.138492119688979,-3.7598765879656386
1227,0,TN,-5.138492119688979,-3.7598765879656386
1228,0,TN,9.658013754199226,-1.488807115832188
1230,0,TN,-5.138492119688979,-3.7598765879656386
1233,0,TN,-5.138492119688979,-3.7598765879656386
1235,1,TP,-5.138492119688979,-3.7598765879656386
1237,1,FN,9.658013754199226,-1.488807115832188
1238,1,TP,-5.138492119688979,-3.7598765879656386
1239,0,TN,-5.138492119688979,-3.7598765879656386
1241,0,TN,-5.138492119688979,-3.7598765879656386
1242,0,FP,9.658013754199226,-1.488807115832188
1244,0,TN,-6.02023131781879,3.6363161753927806
1245,1,FN,9.658013754199226,-1.488807115832188
1246,0,FP,9.658013754199226,-1.488807115832188
1247,0,TN,-5.138492119688979,-3.7598765879656386
1249,1,TP,-5.138492119688979,-3.7598765879656386
1251,1,TP,9.658013754199226,-1.488807115832188
1252,0,TN,-5.138492119688979,-3.7598765879656386
1253,0,TN,4.669699162075802,18.737895872465778
1254,0,TN,-5.138492119688979,-3.7598765879656386
1256,0,FP,9.658013754199226,-1.488807115832188
1257,0,TN,-5.138492119688979,-3.7598765879656386
1259,1,TP,9.658013754199226,-1.488807115832188
1261,0,TN,-5.138492119688979,-3.7598765879656386
1262,0,TN,9.658013754199226,-1.488807115832188
1263,0,FP,9.658013754199226,-1.488807115832188
1264,0,TN,-6.02023131781879,3.6363161753927806
1266,1,TP,9.658013754199226,-1.488807115832188
1268,1,TP,-6.02023131781879,3.6363161753927806
1269,1,FN,-5.138492119688979,-3.7598765879656386
1273,0,FP,-5.138492119688979,-3.7598765879656386
1274,0,TN,-5.138492119688979,-3.7598765879656386
1276,1,FN,-6.02023131781879,3.6363161753927806
1277,0,FP,-6.02023131781879,3.6363161753927806
1278,1,FN,-5.138492119688979,-3.7598765879656386
1279,1,FN,-6.02023131781879,3.6363161753927806
1281,1,TP,9.658013754199226,-1.488807115832188
1283,1,TP,9.658013754199226,-1.488807115832188
1284,1,FN,9.658013754199226,-1.488807115832188
1286,0,FP,9.658013754199226,-1.488807115832188
1289,0,TN,9.658013754199226,-1.488807115832188
1290,0,TN,9.658013754199226,-1.488807115832188
1292,1,TP,9.658013754199226,-1.488807115832188
1294,0,TN,-5.138492119688979,-3.7598765879656386
1295,1,TP,9.658013754199226,-1.488807115832188
1296,0,TN,-5.138492119688979,-3.7598765879656386
1297,0,TN,-5.138492119688979,-3.7598765879656386
1299,1,TP,-5.138492119688979,-3.7598765879656386
1300,0,TN,-0.8767540621164878,11.30040062968669
1302,1,TP,9.658013754199226,-1.488807115832188
1304,0,FP,-5.138492119688979,-3.7598765879656386
1305,0,TN,-3.602944825765204,7.393315268925732
1306,0,TN,-6.02023131781879,3.6363161753927806
1307,0,TN,-5.138492119688979,-3.7598765879656386
1309,0,TN,-5.138492119688979,-3.7598765879656386
1310,0,TN,-5.138492119688979,-3.7598765879656386
1311,0,TN,-6.02023131781879,3.6363161753927806
1312,1,TP,-5.138492119688979,-3.7598765879656386
1313,0,TN,-0.8979073674502576,11.30358423484659
1314,1,FN,9.658013754199226,-1.488807115832188
1315,1,FN,9.658013754199226,-1.488807115832188
1316,1,FN,-6.02023131781879,3.6363161753927806
1318,1,TP,-5.138492119688979,-3.7598765879656386
1319,1,FN,-6.02023131781879,3.6363161753927806
1320,1,FN,-5.138492119688979,-3.7598765879656386
1321,0,TN,-5.138492119688979,-3.7598765879656386
1323,0,FP,-5.138492119688979,-3.7598765879656386
1325,1,TP,9.658013754199226,-1.488807115832188
1327,1,TP,9.658013754199226,-1.488807115832188
1329,0,TN,-5.138492119688979,-3.7598765879656386
1330,1,FN,-6.02023131781879,3.6363161753927806
1331,1,FN,-6.02023131781879,3.6363161753927806
1332,0,TN,-0.920991781703586,11.37951825978966
1333,1,FN,9.658013754199226,-1.488807115832188
1334,0,TN,-6.02023131781879,3.6363161753927806
1335,0,TN,-5.138492119688979,-3.7598765879656386
1336,1,TP,-6.02023131781879,3.6363161753927806
1337,0,TN,-5.138492119688979,-3.7598765879656386
1338,0,TN,-5.138492119688979,-3.7598765879656386
1339,0,TN,-5.138492119688979,-3.7598765879656386
1341,1,TP,9.658013754199226,-1.488807115832188
1343,1,TP,9.658013754199226,-1.488807115832188
1345,0,FP,-5.138492119688979,-3.7598765879656386
1347,0,FP,9.658013754199226,-1.488807115832188
1348,0,TN,-5.138492119688979,-3.7598765879656386
1349,0,TN,-5.138492119688979,-3.7598765879656386
1351,0,TN,9.658013754199226,-1.488807115832188
1352,1,TP,9.658013754199226,-1.488807115832188
1353,0,TN,-5.138492119688979,-3.7598765879656386
1354,0,TN,-5.138492119688979,-3.7598765879656386
1355,0,TN,9.658013754199226,-1.488807115832188
1356,0,TN,9.658013754199226,-1.488807115832188
1357,0,TN,9.658013754199226,-1.488807115832188
1359,0,TN,-6.02023131781879,3.6363161753927806
1360,1,TP,9.658013754199226,-1.488807115832188
1362,0,TN,-5.138492119688979,-3.7598765879656386
1363,1,TP,9.658013754199226,-1.488807115832188
1364,0,TN,-0.904710939695238,11.331997477762954
1366,0,TN,-5.138492119688979,-3.7598765879656386
1367,0,TN,-0.46571700744819766,7.5895229795004475
1368,1,TP,9.658013754199226,-1.488807115832188
1369,1,FN,-0.46571700744819766,7.5895229795004475
1370,0,TN,9.658013754199226,-1.488807115832188
1371,0,TN,-6.02023131781879,3.6363161753927806
1373,0,TN,-6.02023131781879,3.6363161753927806
1374,0,TN,-0.8979073674502576,11.30358423484659
1375,0,TN,-6.02023131781879,3.6363161753927806
1376,0,TN,-0.46571700744819766,7.5895229795004475
1377,0,TN,-5.138492119688979,-3.7598765879656386
1378,1,TP,9.658013754199226,-1.488807115832188
1379,1,FN,4.6532538534786445,18.78341605177052
1381,1,TP,9.658013754199226,-1.488807115832188
1382,0,TN,-6.02023131781879,3.6363161753927806
1383,0,TN,-0.46571700744819766,7.5895229795004475
1384,0,TN,-0.46571700744819766,7.5895229795004475
1385,0,TN,-3.602944825765204,7.393315268925732
1386,0,TN,-3.602944825765204,7.393315268925732
1387,0,TN,-5.138492119688979,-3.7598765879656386
1388,0,TN,-5.138492119688979,-3.7598765879656386
1389,0,TN,-5.138492119688979,-3.7598765879656386
1390,0,TN,-5.138492119688979,-3.7598765879656386
1392,0,FP,9.658013754199288,-1.488807115832127
1393,0,TN,4.653509059262925,18.76066293502679
1394,0,TN,9.658013754199288,-1.488807115832127
1395,0,TN,-6.02023131781879,3.6363161753927806
1396,1,FN,-5.138492119688979,-3.7598765879656386
1397,0,TN,-5.138492119688979,-3.7598765879656386
1398,0,TN,-0.4377473475456418,7.557928131603805
1399,1,FN,9.658013754199226,-1.488807115832188
1401,0,TN,-0.920991781703586,11.37951825978966
1402,0,TN,-0.920991781703586,11.37951825978966
1403,1,TP,-5.138492119688979,-3.7598765879656386
1405,1,TP,9.658013754199226,-1.488807115832188
1407,1,TP,-5.138492119688979,-3.7598765879656386
1409,1,TP,0.3299247181791995,13.165891117888586
1411,1,FN,4.673128336525698,18.667353659563066
1412,1,TP,9.658013754199226,-1.488807115832188
1414,0,FP,9.658013754199226,-1.488807115832188
1416,0,TN,9.658013754199226,-1.488807115832188
1417,0,FP,9.658013754199226,-1.488807115832188
1419,0,TN,-5.138492119688979,-3.7598765879656386
1420,0,TN,-0.920991781703586,11.37951825978966
1421,0,TN,-5.138492119688979,-3.7598765879656386
1422,0,TN,9.658013754199226,-1.488807115832188
1423,1,TP,-6.02023131781879,3.6363161753927806
1425,1,TP,9.658013754199226,-1.488807115832188
1427,1,TP,-6.02023131781879,3.6363161753927806
1429,0,FP,9.658013754199226,-1.488807115832188
1431,0,FP,9.658013754199226,-1.488807115832188
1432,1,FN,4.669699162075802,18.737895872465778
1434,1,TP,9.658013754199226,-1.488807115832188
1435,1,FN,9.658013754199226,-1.488807115832188
1436,1,FN,9.658013754199226,-1.488807115832188
1438,0,TN,-5.138492119688979,-3.7598765879656386
1439,0,TN,9.658013754199226,-1.488807115832188
1441,1,TP,-5.138492119688979,-3.7598765879656386
1442,1,FN,-3.602944825765204,7.393315268925732
1443,0,TN,9.658013754199226,-1.488807115832188
1445,1,TP,9.658013754199226,-1.488807115832188
1446,1,FN,-3.602944825765204,7.393315268925732
1447,0,TN,9.658013754199226,-1.488807115832188
1448,0,TN,-5.138492119688979,-3.7598765879656386
1450,1,TP,-5.138492119688979,-3.7598765879656386
1452,1,TP,-5.138492119688979,-3.7598765879656386
1454,0,TN,-5.138492119688979,-3.7598765879656386
1455,1,TP,9.658013754199226,-1.488807115832188
1456,1,FN,4.6532538534786445,18.78341605177052
1457,1,FN,9.658013754199226,-1.488807115832188
1458,0,TN,-5.138492119688979,-3.7598765879656386
1460,1,TP,-6.02023131781879,3.6363161753927806
1462,0,TN,-5.138492119688979,-3.7598765879656386
1463,1,FN,9.658013754199226,-1.488807115832188
1464,1,TP,9.658013754199226,-1.488807115832188
1465,0,TN,9.658013754199226,-1.488807115832188
1466,0,TN,9.658013754199226,-1.488807115832188
1467,1,FN,9.658013754199226,-1.488807115832188
1468,0,TN,-5.138492119688979,-3.7598765879656386
1469,1,FN,9.658013754199226,-1.488807115832188
1470,0,TN,-6.02023131781879,3.6363161753927806
1471,0,TN,-5.138492119688979,-3.7598765879656386
1473,1,TP,-5.138492119688979,-3.7598765879656386
1479,0,TN,-5.138492119688979,-3.7598765879656386
1480,0,FP,9.658013754199226,-1.488807115832188
1481,0,TN,9.658013754199226,-1.488807115832188
1483,0,TN,-5.138492119688979,-3.7598765879656386
1484,0,FP,9.658013754199226,-1.488807115832188
1485,0,TN,-5.138492119688979,-3.7598765879656386
1486,0,TN,-5.138492119688979,-3.7598765879656386
1487,0,TN,9.658013754199226,-1.488807115832188
1489,0,FP,9.658013754199226,-1.488807115832188
1491,1,TP,-6.02023131781879,3.6363161753927806
1493,0,FP,9.658013754199226,-1.488807115832188
1494,0,TN,-3.602944825765204,7.393315268925732
1496,1,TP,-5.138492119688979,-3.7598765879656386
1497,0,TN,-3.602944825765204,7.393315268925732
1499,1,FN,-5.138492119688979,-3.7598765879656386
1500,1,TP,9.658013754199226,-1.488807115832188
1501,0,TN,-5.138492119688979,-3.7598765879656386
1502,0,TN,-6.02023131781879,3.6363161753927806
1503,0,TN,4.696691803259101,18.693657195062364
1505,1,TP,9.658013754199226,-1.488807115832188
1506,0,TN,4.683536571360845,18.61896231568944
1508,1,TP,9.658013754199226,-1.488807115832188
1510,0,FP,-6.02023131781879,3.6363161753927806
1512,0,TN,4.6532538534786445,18.78341605177052
1513,1,FN,9.658013754199226,-1.488807115832188
1514,1,FN,9.658013754199226,-1.488807115832188
1515,1,FN,-6.02023131781879,3.6363161753927806
1516,1,FN,-6.02023131781879,3.6363161753927806
1517,0,FP,-5.138492119688979,-3.7598765879656386
1519,0,FP,9.658013754199226,-1.488807115832188
1520,0,TN,9.658013754199226,-1.488807115832188
1522,0,TN,-5.138492119688979,-3.7598765879656386
1523,0,FP,-5.138492119688979,-3.7598765879656386
1525,1,TP,9.658013754199226,-1.488807115832188
1526,0,TN,9.658013754199226,-1.488807115832188
1527,1,FN,9.658013754199226,-1.488807115832188
1529,1,TP,9.658013754199226,-1.488807115832188
1530,1,FN,9.658013754199226,-1.488807115832188
1532,0,TN,9.658013754199226,-1.488807115832188
1533,1,TP,9.658013754199226,-1.488807115832188
1534,0,TN,-5.138492119688979,-3.7598765879656386
1536,1,FN,-5.138492119688979,-3.7598765879656386
1537,1,TP,9.658013754199226,-1.488807115832188
1538,1,FN,9.658013754199226,-1.488807115832188
1540,0,FP,9.658013754199226,-1.488807115832188
1542,1,TP,-5.138492119688979,-3.7598765879656386
1543,1,FN,-5.138492119688979,-3.7598765879656386
1545,1,TP,-6.02023131781879,3.6363161753927806
1546,1,FN,9.658013754199226,-1.488807115832188
1548,0,FP,-5.138492119688979,-3.7598765879656386
1550,1,TP,-5.138492119688979,-3.7598765879656386
1551,0,TN,-5.138492119688979,-3.7598765879656386
1552,0,TN,-5.138492119688979,-3.7598765879656386
1554,0,TN,-5.138492119688979,-3.7598765879656386
1555,1,FN,9.658013754199226,-1.488807115832188
1556,1,TP,9.658013754199226,-1.488807115832188
1557,0,TN,1.276206329159978,11.197847648942581
1558,1,FN,9.658013754199226,-1.488807115832188
1559,0,TN,-6.02023131781879,3.6363161753927806
1560,0,TN,-6.02023131781879,3.6363161753927806
1561,0,TN,-6.02023131781879,3.6363161753927806
1562,0,TN,-6.02023131781879,3.6363161753927806
1563,0,TN,9.658013754199226,-1.488807115832188
1564,0,TN,9.658013754199226,-1.488807115832188
1565,0,TN,9.658013754199226,-1.488807115832188
1567,1,TP,-5.138492119688979,-3.7598765879656386
1568,0,TN,9.658013754199226,-1.488807115832188
1569,0,TN,-5.138492119688979,-3.7598765879656386
1571,1,TP,-6.02023131781879,3.6363161753927806
1573,0,TN,-6.02023131781879,3.6363161753927806
1574,1,TP,-5.138492119688979,-3.7598765879656386
1575,1,FN,-5.138492119688979,-3.7598765879656386
1577,1,TP,9.658013754199226,-1.488807115832188
1579,1,TP,9.658013754199226,-1.488807115832188
1581,1,TP,-5.138492119688979,-3.7598765879656386
1583,0,FP,9.658013754199226,-1.488807115832188
1584,0,TN,4.696691803259101,18.693657195062364
1586,1,TP,-5.138492119688979,-3.7598765879656386
1588,1,TP,9.658013754199226,-1.488807115832188
1590,0,TN,-6.02023131781879,3.6363161753927806
1591,1,TP,-5.138492119688979,-3.7598765879656386
1593,1,TP,-5.138492119688979,-3.7598765879656386
1594,1,FN,9.658013754199226,-1.488807115832188
1596,1,TP,-5.138492119688935,-3.7598765879656115
1598,0,TN,9.658013754199288,-1.488807115832127
1599,1,TP,9.658013754199288,-1.488807115832127
