1,0,TN,-8.856815882839438,-0.5719402419412767
2,0,TN,-8.856815882838353,-0.5719402419412117
3,0,TN,-2.0589878001557347,-4.497838400181542
4,1,TP,3.8223396284003304,7.475872514741481
5,0,TN,-8.85681588283835,-0.5719402419411428
6,0,TN,-3.1290262965612397,3.5463077604067257
7,0,TN,-2.6364856986315144,2.1573894228760997
8,1,FN,0.35245501415203234,4.9720792640083715
9,1,FN,0.35245501415203234,4.972079264008371
11,0,TN,-2.0589878001557333,-4.497838400181632
13,0,TN,-3.1290262965612397,3.546307760406726
14,0,FP,12.324290884164926,5.061482435401939
15,0,TN,6.119927350238743,-7.622257254223709
16,0,TN,6.119927350238743,-7.622257254223709
17,1,TP,-2.461841816496185,0.6659994717361556
18,0,FP,4.306008228158603,6.019986082795963
19,0,TN,-8.856815882838347,-0.571940241941141
20,1,FN,7.604187385734751,-4.154885654337612
21,1,FN,7.5328806690549515,-3.547090869964796
23,0,FP,7.653722871910185,2.2177793672383994
24,0,TN,7.5328806690549515,-3.547090869964796
26,0,TN,6.646194513049686,3.7923838555453715
28,0,FP,7.653722871910185,2.2177793672383994
29,0,TN,-8.856815882838347,-0.571940241941141
30,1,FN,0.35245501415203234,4.9720792640083715
31,0,TN,1.171788574459693,-1.4984855190866548
33,0,TN,-2.0589878001557333,-4.497838400181632
34,1,FN,7.135099174691513,-2.395449473488779
35,0,TN,7.135099174691513,-2.395449473488779
36,1,FN,-2.636485698631515,2.1573894228760997
37,1,TP,8.690110714782708,-3.2895648247306672
39,0,TN,3.8223396284003313,7.475872514741477
42,0,TN,-2.636485698631515,2.1573894228760997
43,1,TP,1.171788574459693,-1.4984855190866548
44,0,FP,12.72285098146507,0.5764202316617342
45,0,TN,-3.1290262965612397,3.546307760406726
46,0,FP,2.3317985294623633,-2.643877405218126
47,0,TN,-8.856815882838347,-0.571940241941141
48,0,TN,8.43640625845642,-3.1341338283499716
49,0,TN,6.646194513049686,3.7923838555453715
50,0,TN,6.119927350238743,-7.622257254223709
51,0,TN,-8.856815882838347,-0.571940241941141
52,1,FN,6.646194513049686,3.7923838555453715
53,1,FN,6.646194513049686,3.7923838555453715
54,0,TN,6.119927350238743,-7.622257254223709
56,0,TN,-2.636485698631515,2.1573894228760997
57,0,FP,6.044008846543372,3.1690860450290694
58,0,TN,6.119927350238743,-7.622257254223709
60,1,FN,6.646194513049686,3.7923838555453715
62,0,TN,6.119927350238743,-7.622257254223709
64,0,TN,-3.1290262965612397,3.546307760406726
65,0,TN,6.835235524938558,7.0743950161890865
66,0,TN,6.835235524938558,7.0743950161890865
67,0,TN,6.646194513049686,3.7923838555453715
69,0,FP,-2.461841816496185,0.6659994717361556
70,1,TP,7.2039719946004555,0.6992018568659499
71,1,FN,-2.636485698631515,2.1573894228760997
72,0,TN,-2.0589878001557333,-4.497838400181632
73,0,TN,-2.0589878001557333,-4.497838400181632
74,0,TN,-8.856815882838347,-0.571940241941141
75,0,FP,5.662341892879564,8.146240917758817
78,1,FN,0.35245501415203234,4.9720792640083715
79,0,TN,-2.0589878001557333,-4.497838400181632
80,0,TN,6.119927350238743,-7.622257254223709
81,0,TN,6.646194513049686,3.7923838555453715
82,0,TN,7.385230468017412,-0.1739062205595969
83,0,TN,6.119927350238743,-7.622257254223709
84,0,TN,-8.856815882838347,-0.571940241941141
85,1,TP,-2.636485698631515,2.1573894228760997
87,1,TP,12.324290884164926,5.061482435401939
89,0,FP,4.306008228158603,6.019986082795963
90,0,TN,-8.856815882838347,-0.571940241941141
91,0,TN,6.119927350238743,-7.622257254223709
92,1,TP,12.324290884164926,5.061482435401939
93,0,FP,12.324290884164926,5.061482435401939
95,0,TN,3.8223396284003313,7.475872514741477
96,1,TP,-8.856815882838347,-0.571940241941141
97,0,TN,0.35245501415203234,4.9720792640083715
99,0,TN,-8.856815882838347,-0.571940241941141
100,1,FN,-2.636485698631515,2.1573894228760997
103,1,FN,-2.636485698631515,2.1573894228760997
104,0,TN,-2.0589878001557333,-4.497838400181632
105,0,TN,6.646194513049686,3.7923838555453715
106,0,TN,-2.0589878001557333,-4.497838400181632
107,0,TN,5.640739838632942,-0.47264983837784785
108,0,TN,-3.1290262965612397,3.546307760406726
109,1,FN,7.744019859898748,-5.148315581602445
110,0,TN,4.80941732737671,-0.018302726063085806
112,0,TN,-2.0589878001557333,-4.497838400181632
113,0,TN,-2.0589878001557333,-4.497838400181632
118,1,FN,-2.636485698631515,2.1573894228760997
120,1,FN,-8.856815882838347,-0.571940241941141
121,0,TN,-8.856815882838347,-0.571940241941141
123,0,TN,-8.856815882838347,-0.571940241941141
124,0,TN,-8.856815882838347,-0.571940241941141
125,0,TN,7.5328806690549515,-3.547090869964796
126,0,TN,6.119927350238743,-7.622257254223709
127,0,TN,1.2438567725224552,4.457279953123743
128,0,TN,1.2438567725224552,4.457279953123743
129,1,TP,7.5328806690549515,-3.547090869964796
130,0,TN,6.646194513049686,3.7923838555453715
131,0,TN,4.80941732737671,-0.018302726063085806
132,0,FP,-8.856815882838347,-0.571940241941141
133,0,FP,-8.856815882838347,-0.571940241941141
135,1,FN,-8.856815882838347,-0.571940241941141
136,0,TN,-2.0589878001557333,-4.497838400181632
137,0,TN,-8.856815882838347,-0.571940241941141
139,0,TN,6.119927350238743,-7.622257254223709
140,0,TN,6.119927350238743,-7.622257254223709
141,0,TN,-2.0589878001557333,-4.497838400181632
142,0,TN,-8.856815882838347,-0.571940241941141
143,1,TP,2.3317985294623633,-2.643877405218126
144,0,TN,6.646194513049686,3.7923838555453715
145,1,TP,2.3317985294623633,-2.643877405218126
146,0,TN,6.119927350238743,-7.622257254223709
147,0,TN,7.135099174691513,-2.395449473488779
148,0,TN,6.119927350238743,-7.622257254223709
151,1,TP,-2.0589878001557333,-4.497838400181632
152,0,FP,12.324290884164926,5.061482435401939
153,0,TN,1.171788574459693,-1.4984855190866548
154,0,TN,1.171788574459693,-1.4984855190866548
155,0,TN,7.135099174691513,-2.395449473488779
156,0,TN,7.135099174691513,-2.395449473488779
157,0,TN,7.135099174691513,-2.395449473488779
158,0,TN,7.135099174691513,-2.395449473488779
159,0,TN,-8.856815882838347,-0.571940241941141
160,1,FN,6.119927350238743,-7.622257254223709
161,0,TN,-8.856815882838347,-0.571940241941141
162,0,FP,12.754363227548168,0.688994210671403
164,0,TN,6.119927350238743,-7.622257254223709
165,0,TN,6.119927350238743,-7.622257254223709
166,0,TN,7.744019859898748,-5.148315581602445
167,0,TN,0.781387101697011,-0.3662125812426801
168,0,TN,6.646194513049686,3.7923838555453715
169,1,FN,0.35245501415203234,4.9720792640083715
170,0,FP,12.324290884164926,5.061482435401939
171,0,TN,-8.856815882838347,-0.571940241941141
174,1,TP,8.179565833273134,0.535753835026067
175,0,TN,6.646194513049686,3.7923838555453715
177,0,TN,6.646194513049686,3.7923838555453715
179,0,TN,-8.856815882838347,-0.571940241941141
180,0,TN,1.0806720251314506,2.3573943434387656
181,0,TN,1.0806720251314506,2.3573943434387656
182,0,TN,6.119927350238743,-7.622257254223709
183,0,TN,-8.856815882838347,-0.571940241941141
184,0,TN,-2.0589878001557333,-4.497838400181632
185,1,FN,-2.0589878001557333,-4.497838400181632
186,0,TN,7.744019859898748,-5.148315581602445
187,0,TN,7.744019859898748,-5.148315581602445
188,0,TN,-2.636485698631515,2.1573894228760997
189,0,TN,6.119927350238743,-7.622257254223709
190,0,TN,6.119927350238743,-7.622257254223709
191,0,TN,6.119927350238743,-7.622257254223709
192,1,FN,6.646194513049686,3.7923838555453715
193,0,TN,6.119927350238743,-7.622257254223709
196,0,TN,6.119927350238743,-7.622257254223709
198,1,TP,4.306008228158603,6.019986082795963
199,1,TP,5.745534195529922,-1.5144334859307287
200,0,TN,3.8223396284003313,7.475872514741477
201,1,TP,-2.636485698631515,2.1573894228760997
202,0,TN,6.119927350238743,-7.622257254223709
204,0,TN,7.759558535939838,3.706450427161321
205,1,FN,7.759558535939838,3.706450427161321
206,1,TP,5.662341892879564,8.146240917758817
207,1,TP,5.662341892879564,8.146240917758817
208,0,TN,6.119927350238743,-7.622257254223709
209,0,TN,6.119927350238743,-7.622257254223709
210,1,TP,5.662341892879564,8.146240917758817
211,1,TP,-8.856815882838347,-0.571940241941141
212,1,FN,-2.636485698631515,2.1573894228760997
213,1,TP,0.781387101697011,-0.3662125812426801
214,0,TN,1.171788574459693,-1.4984855190866548
215,1,FN,-3.1290262965612397,3.546307760406726
216,0,TN,8.27119585498632,-1.647610333106073
218,0,TN,-8.856815882838347,-0.571940241941141
219,0,TN,6.646194513049686,3.7923838555453715
220,0,TN,6.119927350238743,-7.622257254223709
222,0,TN,7.5328806690549515,-3.547090869964796
223,0,TN,-3.1290262965612397,3.546307760406726
227,1,TP,12.324290884164926,5.061482435401939
228,0,TN,-2.461841816496185,0.6659994717361556
231,1,TP,-8.856815882838347,-0.571940241941141
235,1,FN,-8.856815882838347,-0.571940241941141
236,1,FN,-8.856815882838347,-0.571940241941141
237,1,FN,-8.856815882838347,-0.571940241941141
238,1,FN,-8.856815882838347,-0.571940241941141
239,1,FN,-8.856815882838347,-0.571940241941141
240,1,FN,-8.856815882838347,-0.571940241941141
241,0,TN,-2.0589878001557333,-4.497838400181632
242,1,TP,-3.1290262965612397,3.546307760406726
243,1,FN,7.5328806690549515,-3.547090869964796
244,1,TP,3.8223396284003313,7.475872514741477
245,1,TP,3.8223396284003313,7.475872514741477
247,0,TN,-2.0589878001557333,-4.497838400181632
248,0,TN,-2.636485698631515,2.1573894228760997
249,1,FN,6.646194513049686,3.7923838555453715
251,1,TP,5.662341892879564,8.146240917758817
253,0,FP,-3.1290262965612397,3.546307760406726
254,0,TN,-2.0589878001557333,-4.497838400181632
256,0,TN,6.119927350238743,-7.622257254223709
258,0,TN,-8.856815882838347,-0.571940241941141
259,0,TN,6.777690054180146,2.45599681155199
260,1,TP,-3.1290262965612397,3.546307760406726
262,0,TN,-8.856815882838347,-0.571940241941141
265,0,FP,6.777690054180146,2.45599681155199
266,1,TP,5.937966656842351,6.434306053868745
267,0,TN,-8.856815882838347,-0.571940241941141
268,1,TP,-8.856815882838347,-0.571940241941141
269,1,TP,12.734176966674326,1.117732637492871
270,1,TP,4.306008228158603,6.019986082795963
272,1,TP,4.306008228158603,6.019986082795963
273,0,FP,0.35245501415203234,4.9720792640083715
274,0,TN,-8.856815882838347,-0.571940241941141
275,0,TN,6.119927350238743,-7.622257254223709
277,1,TP,12.734176966674326,1.117732637492871
278,1,TP,4.306008228158603,6.019986082795963
279,1,TP,4.902287869336324,2.0234117249931023
280,1,TP,-2.636485698631515,2.1573894228760997
281,1,TP,5.662341892879564,8.146240917758817
282,1,TP,4.306008228158603,6.019986082795963
283,0,TN,7.086072830032959,1.45364699222374
284,1,TP,-2.636485698631515,2.1573894228760997
287,1,TP,0.781387101697011,-0.3662125812426801
290,0,FP,5.662341892879564,8.146240917758817
292,0,FP,-3.1290262965612397,3.546307760406726
294,1,TP,1.511115748795167,-2.5633734026133146
295,1,TP,5.662341892879564,8.146240917758817
297,0,TN,-2.0589878001557333,-4.497838400181632
298,0,TN,-3.1290262965612397,3.546307760406726
299,0,TN,-3.1290262965612397,3.546307760406726
300,0,TN,-3.1290262965612397,3.546307760406726
302,1,TP,5.937966656842351,6.434306053868745
304,0,TN,-2.461841816496185,0.6659994717361556
305,0,TN,-8.856815882838347,-0.571940241941141
306,1,FN,8.218223264243445,1.322195121508283
307,0,TN,-2.0589878001557333,-4.497838400181632
308,1,FN,8.139365362475283,1.9228862489506582
310,1,FN,6.646194513049686,3.7923838555453715
311,1,FN,8.218223264243445,1.322195121508283
312,1,FN,6.119927350238743,-7.622257254223709
313,1,FN,7.744019859898748,-5.148315581602445
314,0,TN,6.119927350238743,-7.622257254223709
315,0,FP,-8.856815882838347,-0.571940241941141
316,1,TP,-8.856815882838347,-0.571940241941141
319,1,TP,6.777690054180146,2.45599681155199
321,1,TP,6.777690054180146,2.45599681155199
322,0,TN,-2.0589878001557333,-4.497838400181632
323,0,TN,-2.461841816496185,0.6659994717361556
324,1,FN,1.443957989085092,-2.400377180122839
327,1,TP,4.902287869336324,2.0234117249931023
328,0,FP,-8.856815882838347,-0.571940241941141
329,1,TP,3.8223396284003313,7.475872514741477
331,1,TP,4.902287869336324,2.0234117249931023
332,1,TP,4.902287869336324,2.0234117249931023
333,1,FN,6.119927350238743,-7.622257254223709
335,1,TP,5.745534195529922,-1.5144334859307287
336,1,TP,4.902287869336324,2.0234117249931023
337,1,TP,-8.856815882838347,-0.571940241941141
339,1,TP,4.902287869336324,2.0234117249931023
340,1,TP,11.947147965018305,7.14164379728874
341,1,TP,4.306008228158603,6.019986082795963
342,1,TP,-8.856815882838347,-0.571940241941141
343,1,TP,5.662341892879564,8.146240917758817
344,1,TP,5.662341892879564,8.146240917758817
345,1,TP,6.646194513049686,3.7923838555453715
347,1,TP,5.745534195529922,-1.5144334859307287
348,1,TP,4.902287869336324,2.0234117249931023
350,1,FN,-8.856815882838347,-0.571940241941141
351,1,TP,12.061017264166221,6.3535685660136885
352,1,FN,-8.856815882838347,-0.571940241941141
353,0,TN,-8.856815882838347,-0.571940241941141
354,0,FP,4.902287869336324,2.0234117249931023
355,1,TP,-8.856815882838347,-0.571940241941141
356,1,TP,5.745534195529922,-1.5144334859307287
357,0,FP,6.646194513049686,3.7923838555453715
358,1,TP,-8.856815882838347,-0.571940241941141
359,1,TP,12.061017264166221,6.3535685660136885
360,1,TP,6.044008846543372,3.1690860450290694
361,0,TN,-8.856815882838347,-0.571940241941141
363,0,TN,1.1249301066042452,1.8846670352709183
364,0,FP,12.061017264166221,6.3535685660136885
365,1,FN,8.166612846385553,0.5274337561483918
366,1,TP,-8.856815882838347,-0.571940241941141
367,1,FN,8.166612846385553,0.5274337561483918
368,0,TN,-8.856815882838347,-0.571940241941141
369,0,TN,7.744019859898748,-5.148315581602445
370,1,TP,-8.856815882838347,-0.571940241941141
371,0,TN,-3.1290262965612397,3.546307760406726
372,1,TP,5.662341892879564,8.146240917758817
373,1,TP,4.306008228158603,6.019986082795963
374,0,TN,7.135099174691513,-2.395449473488779
375,1,TP,4.902287869336324,2.0234117249931023
376,1,TP,4.902287869336324,2.0234117249931023
377,1,TP,5.379803779987427,0.6842992976197236
378,1,TP,-8.856815882838347,-0.571940241941141
379,1,TP,2.3317985294623633,-2.643877405218126
381,1,TP,7.1683806229699165,4.393004697701369
382,1,TP,5.662341892879564,8.146240917758817
383,1,TP,7.1683806229699165,4.393004697701369
384,1,TP,7.1683806229699165,4.393004697701369
386,1,FN,-3.1290262965612397,3.546307760406726
388,1,FN,-2.636485698631515,2.1573894228760997
391,1,TP,5.745534195529922,-1.5144334859307287
392,1,TP,5.662341892879564,8.146240917758817
393,0,TN,8.03582429300873,1.2578606779139243
394,0,TN,-8.856815882838347,-0.571940241941141
396,1,TP,4.902287869336324,2.0234117249931023
397,0,TN,4.80941732737671,-0.018302726063085806
398,1,TP,6.777690054180146,2.45599681155199
399,1,TP,6.777690054180146,2.45599681155199
400,0,TN,-8.856815882838347,-0.571940241941141
401,0,TN,4.80941732737671,-0.018302726063085806
402,1,TP,-2.461841816496185,0.6659994717361556
403,1,TP,6.777690054180146,2.45599681155199
405,0,TN,-8.856815882838347,-0.571940241941141
406,1,TP,1.171788574459693,-1.4984855190866548
407,1,TP,0.781387101697011,-0.3662125812426801
408,1,TP,-3.1290262965612397,3.546307760406726
409,1,TP,-8.856815882838347,-0.571940241941141
411,1,FN,7.5328806690549515,-3.547090869964796
412,0,TN,8.569379125444883,-2.5123298766132987
413,0,TN,-8.856815882838347,-0.571940241941141
414,1,TP,-8.856815882838347,-0.571940241941141
415,0,TN,6.119927350238743,-7.622257254223709
416,0,TN,4.80941732737671,-0.018302726063085806
417,1,TP,-8.856815882838347,-0.571940241941141
418,0,TN,7.5328806690549515,-3.547090869964796
419,1,TP,-3.1290262965612397,3.5463077604067172
420,0,TN,-3.1290262965612397,3.5463077604067177
421,1,TP,-8.856815882838347,-0.5719402419411412
422,1,TP,5.745534195529922,-1.5144334859307287
423,0,TN,3.8223396284003313,7.475872514741477
424,1,TP,-8.856815882838347,-0.571940241941141
425,0,TN,3.8223396284003313,7.475872514741477
426,1,TP,5.745534195529922,-1.5144334859307287
427,1,TP,7.134551934357736,-0.2820892347095875
430,1,FN,1.2135931343239341,0.7631208707524219
431,1,TP,-8.856815882838347,-0.571940241941141
432,0,TN,7.5328806690549515,-3.547090869964796
433,1,TP,4.902287869336324,2.0234117249931023
434,0,TN,7.086072830032959,1.45364699222374
435,1,TP,5.662341892879564,8.146240917758817
436,0,TN,7.086072830032959,1.45364699222374
438,1,TP,-3.1290262965612397,3.546307760406726
439,1,TP,5.662341892879564,8.146240917758817
440,0,TN,-3.1290262965612397,3.546307760406726
441,1,TP,5.662341892879564,8.146240917758817
442,1,TP,-8.856815882838347,-0.571940241941141
443,1,TP,4.902287869336324,2.0234117249931023
444,1,TP,-8.856815882838347,-0.571940241941141
445,1,TP,-8.856815882838347,-0.571940241941141
446,1,FN,-2.636485698631515,2.1573894228760997
447,0,FP,-3.1290262965612397,3.546307760406726
448,0,FP,6.119927350238743,-7.622257254223709
450,1,TP,-3.1290262965612397,3.546307760406726
451,1,TP,-3.1290262965612397,3.546307760406726
452,1,FN,5.640739838632942,-0.47264983837784785
454,1,TP,-8.856815882838347,-0.571940241941141
455,0,FP,-8.856815882838347,-0.571940241941141
456,1,TP,2.3317985294623633,-2.643877405218126
458,0,TN,-2.0589878001557333,-4.497838400181632
459,1,TP,-8.856815882838347,-0.571940241941141
460,0,TN,-8.856815882838347,-0.571940241941141
461,1,TP,-8.856815882838347,-0.571940241941141
462,0,TN,-2.461841816496185,0.6659994717361556
463,0,FP,-8.856815882838347,-0.571940241941141
464,0,TN,6.119927350238743,-7.622257254223709
465,1,TP,6.044008846543372,3.1690860450290694
466,0,FP,5.662341892879564,8.146240917758817
467,1,TP,-8.856815882838347,-0.571940241941141
468,1,TP,2.3317985294623633,-2.643877405218126
469,1,FN,7.134551934357736,-0.2820892347095875
470,0,TN,-2.0589878001557333,-4.497838400181632
471,0,FP,-3.1290262965612397,3.546307760406726
472,1,TP,6.777690054180146,2.45599681155199
473,1,TP,5.662341892879564,8.146240917758817
474,0,FP,-2.636485698631515,2.1573894228760997
475,1,TP,5.662341892879564,8.146240917758817
477,0,FP,6.044008846543372,3.1690860450290694
478,1,TP,4.306008228158603,6.019986082795963
481,0,FP,6.044008846543372,3.1690860450290694
482,1,TP,-8.856815882838347,-0.571940241941141
483,0,FP,4.306008228158603,6.019986082795963
484,0,FP,4.306008228158603,6.019986082795963
485,1,TP,2.3317985294623633,-2.643877405218126
486,0,TN,1.1249301066042452,1.8846670352709183
487,0,TN,1.1249301066042452,1.8846670352709183
488,1,FN,-2.636485698631515,2.1573894228760997
489,1,TP,5.662341892879564,8.146240917758817
490,1,TP,0.35245501415203234,4.9720792640083715
492,1,TP,2.3317985294623633,-2.643877405218126
493,1,TP,2.3317985294623633,-2.643877405218126
494,1,TP,6.777690054180146,2.45599681155199
495,1,TP,-8.856815882838347,-0.571940241941141
496,1,TP,-8.856815882838347,-0.571940241941141
498,0,FP,-8.856815882838347,-0.571940241941141
499,1,TP,-8.856815882838347,-0.571940241941141
500,1,TP,6.777690054180146,2.45599681155199
502,1,TP,-8.856815882838347,-0.571940241941141
503,1,TP,-8.856815882838347,-0.571940241941141
504,1,TP,4.306008228158603,6.019986082795963
505,1,TP,4.306008228158603,6.019986082795963
506,1,TP,4.902287869336324,2.0234117249931023
507,1,TP,4.306008228158603,6.019986082795963
508,1,FN,-2.461841816496185,0.6659994717361556
510,1,TP,-8.856815882838347,-0.571940241941141
513,1,TP,5.662341892879564,8.146240917758817
514,1,TP,-8.856815882838347,-0.571940241941141
515,1,TP,-8.856815882838347,-0.571940241941141
516,0,TN,4.80941732737671,-0.018302726063085806
517,1,TP,4.902287869336324,2.0234117249931023
518,0,TN,2.3317985294623633,-2.643877405218126
519,1,TP,-8.856815882838347,-0.571940241941141
520,0,FP,-8.856815882838347,-0.571940241941141
521,1,TP,5.662341892879564,8.146240917758817
522,0,TN,7.946014633883682,2.0927271477967557
523,0,FP,6.060413101255545,5.375151872822886
524,0,TN,6.119927350238743,-7.622257254223709
525,0,TN,6.119927350238743,-7.622257254223709
527,0,FP,-8.856815882838347,-0.571940241941141
528,1,TP,-8.856815882838347,-0.571940241941141
529,1,FN,5.745534195529922,-1.5144334859307287
530,0,TN,-2.461841816496185,0.6659994717361556
531,1,TP,-2.636485698631515,2.1573894228760997
532,0,FP,-3.1290262965612397,3.546307760406726
533,0,FP,-3.1290262965612397,3.546307760406726
534,1,TP,4.902287869336324,2.0234117249931023
536,1,TP,-2.636485698631515,2.1573894228760997
537,0,TN,-2.461841816496185,0.6659994717361556
539,1,TP,4.902287869336324,2.0234117249931023
540,0,FP,6.119927350238743,-7.622257254223709
542,1,TP,-2.0589878001557333,-4.497838400181632
543,0,TN,0.7676105936825584,2.445699689071881
544,1,TP,6.646194513049686,3.7923838555453715
545,1,TP,3.8223396284003313,7.475872514741477
546,0,TN,6.119927350238743,-7.622257254223709
548,1,TP,-2.636485698631515,2.1573894228760997
549,1,TP,-3.1290262965612397,3.546307760406726
551,1,FN,6.646194513049686,3.7923838555453715
554,0,TN,3.8223396284003313,7.475872514741477
555,0,FP,4.902287869336324,2.0234117249931023
556,0,FP,4.902287869336324,2.0234117249931023
557,1,TP,4.902287869336324,2.0234117249931023
558,0,FP,4.902287869336324,2.0234117249931023
559,1,TP,4.902287869336324,2.0234117249931023
560,1,TP,4.902287869336324,2.0234117249931023
561,0,FP,4.902287869336324,2.0234117249931023
562,0,TN,6.119927350238743,-7.622257254223709
563,0,TN,6.119927350238743,-7.622257254223709
565,1,TP,4.902287869336324,2.0234117249931023
566,0,FP,4.902287869336324,2.0234117249931023
567,1,FN,-8.856815882838347,-0.571940241941141
568,1,FN,-8.856815882838347,-0.571940241941141
569,1,TP,8.12751857114159,-0.03454867840751925
570,1,TP,-8.856815882838347,-0.571940241941141
571,1,TP,6.646194513049686,3.7923838555453715
572,1,TP,-8.856815882838347,-0.571940241941141
573,0,FP,-3.1290262965612397,3.546307760406726
574,0,TN,1.0488295125286007,2.4965093019438234
575,1,TP,-3.1290262965612397,3.546307760406726
576,1,TP,5.662341892879564,8.146240917758817
578,0,TN,6.119927350238743,-7.622257254223709
579,0,TN,7.744019859898748,-5.148315581602445
580,1,TP,-3.1290262965612397,3.546307760406726
581,0,TN,-2.636485698631515,2.1573894228760997
582,0,TN,-2.636485698631515,2.1573894228760997
583,0,TN,7.086072830032959,1.45364699222374
584,1,TP,5.937966656842351,6.434306053868745
585,1,TP,4.4871031238308055,4.237637302281997
587,1,TP,4.306008228158603,6.019986082795963
588,0,TN,-8.856815882838347,-0.571940241941141
589,1,TP,2.3317985294623633,-2.643877405218126
590,1,TP,-3.1290262965612397,3.546307760406726
591,0,TN,8.569379125444883,-2.5123298766132987
592,1,FN,12.359113792600409,3.1756761535469074
593,0,TN,8.569379125444883,-2.5123298766132987
594,0,TN,7.134551934357736,-0.2820892347095875
595,0,TN,-8.856815882838347,-0.571940241941141
596,0,TN,6.119927350238743,-7.622257254223709
597,1,TP,6.044008846543372,3.1690860450290694
598,1,TP,12.380871296887271,2.1929460029671684
599,1,FN,-2.636485698631515,2.1573894228760997
600,1,TP,12.359113792600409,3.1756761535469074
601,0,TN,-8.856815882838347,-0.571940241941141
602,1,FN,5.612856877375346,-0.4819513763847607
603,0,TN,-8.856815882838347,-0.571940241941141
604,1,FN,5.612856877375346,-0.4819513763847607
605,1,FN,-2.0589878001557333,-4.497838400181632
606,1,FN,-2.461841816496185,0.6659994717361556
607,1,TP,-8.856815882838347,-0.571940241941141
610,1,TP,-8.856815882838347,-0.5719402419411393
611,0,TN,7.086072830032959,1.453646992223746
612,0,FP,6.0440088465433695,3.169086045029128
615,1,TP,5.379803779987427,0.6842992976197237
616,0,TN,1.575407236177312,-3.138410113479413
617,0,TN,1.575407236177312,-3.138410113479413
618,1,TP,5.662341892879564,8.146240917758817
619,0,FP,0.781387101697011,-0.3662125812426801
620,0,FP,6.044008846543372,3.1690860450290694
621,0,TN,6.119927350238743,-7.622257254223709
622,0,TN,6.119927350238743,-7.622257254223709
623,0,TN,1.0806720251314506,2.3573943434387656
624,1,TP,-8.856815882838347,-0.571940241941141
625,0,TN,0.6672741690653673,3.509685389484033
626,0,TN,0.6672741690653673,3.509685389484033
627,0,TN,-8.856815882838347,-0.571940241941141
628,0,TN,-8.856815882838347,-0.571940241941141
630,0,TN,-8.856815882838347,-0.571940241941141
632,0,FP,6.044008846543372,3.1690860450290694
634,0,TN,4.80941732737671,-0.018302726063085806
635,0,TN,7.135099174691513,-2.395449473488779
636,0,TN,-8.856815882838347,-0.571940241941141
637,0,TN,4.80941732737671,-0.018302726063085806
638,0,TN,4.80941732737671,-0.018302726063085806
639,1,FN,3.8223396284003313,7.475872514741477
640,1,TP,4.306008228158603,6.019986082795963
642,0,TN,1.443957989085092,-2.400377180122839
644,0,TN,1.443957989085092,-2.400377180122839
647,0,TN,0.35245501415203234,4.9720792640083715
648,0,FP,7.744019859898748,-5.148315581602445
649,1,TP,-2.0589878001557333,-4.497838400181632
650,1,FN,12.359113792600409,3.1756761535469074
651,0,TN,8.139365362475283,1.9228862489506582
652,0,TN,4.80941732737671,-0.018302726063085806
653,0,FP,2.3317985294623633,-2.643877405218126
654,1,TP,-8.856815882838347,-0.571940241941141
655,0,TN,6.646194513049686,3.7923838555453715
656,0,TN,1.443957989085092,-2.400377180122839
657,0,TN,8.139365362475283,1.9228862489506582
658,1,TP,6.777690054180146,2.45599681155199
659,1,TP,12.734176966674326,1.117732637492871
660,0,TN,6.835235524938558,7.0743950161890865
661,1,TP,12.734176966674326,1.117732637492871
662,0,TN,6.734642295065063,2.441554780825534
663,1,FN,-3.1290262965612397,3.546307760406726
664,1,TP,6.044008846543372,3.1690860450290694
665,0,FP,-3.1290262965612397,3.546307760406726
666,0,TN,1.0488295125286007,2.4965093019438234
668,1,TP,6.044008846543372,3.1690860450290694
669,0,FP,6.777690054180146,2.45599681155199
670,1,TP,6.044008846543372,3.1690860450290694
672,0,TN,-8.856815882838347,-0.571940241941141
673,0,TN,1.2438567725224552,4.457279953123743
674,0,TN,-8.856815882838347,-0.571940241941141
675,1,TP,6.044008846543372,3.1690860450290694
677,1,TP,6.044008846543372,3.1690860450290694
678,0,TN,-2.636485698631515,2.1573894228760997
679,0,TN,-2.0589878001557333,-4.497838400181632
680,0,FP,3.8223396284003313,7.475872514741477
681,0,TN,7.744019859898748,-5.148315581602445
684,0,FP,6.119927350238743,-7.622257254223709
685,0,TN,4.80941732737671,-0.018302726063085806
686,0,FP,6.119927350238743,-7.622257254223709
687,0,TN,-8.856815882838347,-0.571940241941141
688,0,TN,1.0300672265666337,2.4817495318194704
689,0,TN,-2.461841816496185,0.6659994717361556
690,0,FP,4.306008228158603,6.019986082795963
691,0,TN,3.8223396284003313,7.475872514741477
692,0,TN,4.80941732737671,-0.018302726063085806
693,0,TN,5.640739838632942,-0.47264983837784785
694,0,TN,6.119927350238743,-7.622257254223709
695,0,TN,6.119927350238743,-7.622257254223709
696,1,TP,-8.856815882838347,-0.571940241941141
697,1,FN,-3.1290262965612397,3.546307760406726
698,1,FN,-3.1290262965612397,3.546307760406726
699,0,TN,1.171788574459693,-1.4984855190866548
700,1,TP,-3.1290262965612397,3.546307760406726
701,1,FN,4.80941732737671,-0.018302726063085806
702,1,FN,-3.1290262965612397,3.546307760406726
703,1,FN,-3.1290262965612397,3.546307760406726
704,0,TN,7.744019859898748,-5.148315581602445
705,0,TN,-2.461841816496185,0.6659994717361556
706,0,TN,-8.856815882838347,-0.571940241941141
707,0,TN,-3.1290262965612397,3.546307760406726
709,1,TP,6.119927350238743,-7.622257254223709
710,1,TP,-3.1290262965612397,3.546307760406726
711,0,TN,4.80941732737671,-0.018302726063085806
712,0,TN,6.119927350238743,-7.622257254223709
713,0,TN,-8.856815882838347,-0.571940241941141
714,0,TN,6.646194513049686,3.7923838555453715
715,0,TN,-2.0589878001557333,-4.497838400181632
716,1,FN,6.646194513049686,3.7923838555453715
717,0,TN,6.646194513049686,3.7923838555453715
719,0,TN,-2.636485698631515,2.1573894228760997
720,0,TN,-3.1290262965612397,3.546307760406726
721,0,TN,-2.636485698631515,2.1573894228760997
722,0,TN,6.119927350238743,-7.622257254223709
724,0,FP,12.324290884164926,5.061482435401939
725,0,TN,3.8223396284003313,7.475872514741477
728,0,TN,0.413112716601003,3.4524530484616687
729,0,TN,0.413112716601003,3.4524530484616687
730,1,TP,5.745534195529922,-1.5144334859307287
731,0,TN,7.385230468017412,-0.1739062205595969
732,0,FP,6.119927350238743,-7.622257254223709
733,0,TN,-8.856815882838347,-0.571940241941141
734,0,TN,8.27119585498632,-1.647610333106073
735,0,TN,0.6672741690653673,3.509685389484033
736,0,TN,-8.856815882838347,-0.571940241941141
737,0,TN,-8.856815882838347,-0.571940241941141
738,1,FN,0.6672741690653673,3.509685389484033
739,0,TN,6.119927350238743,-7.622257254223709
740,0,TN,-8.856815882838347,-0.571940241941141
741,1,TP,6.119927350238743,-7.622257254223709
742,0,TN,6.119927350238743,-7.622257254223709
743,0,TN,-8.856815882838347,-0.571940241941141
744,0,TN,7.744019859898748,-5.148315581602445
745,0,TN,7.744019859898748,-5.148315581602445
747,1,FN,5.379803779987427,0.6842992976197236
748,0,TN,7.086072830032959,1.45364699222374
751,0,TN,-2.636485698631515,2.1573894228760997
752,0,TN,-2.636485698631515,2.1573894228760997
754,0,TN,-2.636485698631515,2.1573894228760997
755,1,FN,5.745534195529922,-1.5144334859307287
756,1,FN,3.8223396284003313,7.475872514741477
757,1,FN,3.8223396284003313,7.475872514741477
758,0,TN,-8.856815882838347,-0.571940241941141
759,0,TN,-8.856815882838347,-0.571940241941141
760,0,TN,6.119927350238743,-7.622257254223709
761,0,TN,7.5328806690549515,-3.547090869964796
762,0,TN,-2.636485698631515,2.1573894228760997
763,1,FN,-2.636485698631515,2.1573894228760997
764,0,TN,-2.636485698631515,2.1573894228760997
765,1,FN,-2.0589878001557333,-4.497838400181632
766,1,FN,-2.0589878001557333,-4.497838400181632
767,0,TN,7.5328806690549515,-3.547090869964796
768,0,TN,7.135099174691513,-2.395449473488779
769,1,FN,7.5328806690549515,-3.547090869964796
770,0,TN,-8.856815882838347,-0.571940241941141
771,1,FN,7.5328806690549515,-3.547090869964796
772,0,TN,4.80941732737671,-0.018302726063085806
773,0,TN,6.119927350238743,-7.622257254223709
776,0,TN,-8.856815882838347,-0.571940241941141
777,1,FN,-3.1290262965612397,3.546307760406726
780,0,TN,0.781387101697011,-0.3662125812426801
781,1,FN,-3.1290262965612397,3.546307760406726
783,0,TN,-2.0589878001557333,-4.497838400181632
785,0,TN,0.781387101697011,-0.3662125812426801
786,0,TN,7.5328806690549515,-3.547090869964796
787,0,TN,7.5328806690549515,-3.547090869964796
790,0,TN,6.119927350238743,-7.622257254223709
791,1,FN,8.27119585498632,-1.647610333106073
792,0,TN,6.119927350238743,-7.622257254223709
793,1,FN,-2.0589878001557333,-4.497838400181632
794,0,FP,8.690110714782708,-3.2895648247306672
795,1,TP,4.902287869336324,2.0234117249931023
796,0,FP,11.947147965018305,7.14164379728874
798,1,TP,-2.636485698631515,2.1573894228760997
799,1,TP,0.781387101697011,-0.3662125812426801
800,1,TP,0.781387101697011,-0.3662125812426801
801,0,TN,6.119927350238743,-7.622257254223709
802,0,TN,1.0300672265666337,2.4817495318194704
803,1,TP,-8.856815882838347,-0.571940241941141
806,1,TP,-8.856815882838347,-0.571940241941141
807,1,TP,-8.856815882838314,-0.571940241941137
808,1,TP,-8.856815882838314,-0.5719402419411371
811,0,FP,1.5754072361773273,-3.1384101134794284
812,1,TP,4.902287869336324,2.0234117249931023
813,0,FP,-3.1290262965612397,3.546307760406726
814,0,FP,-8.856815882838347,-0.571940241941141
815,1,TP,-8.856815882838347,-0.571940241941141
816,0,FP,-3.1290262965612397,3.546307760406726
818,1,TP,-8.856815882838347,-0.571940241941141
819,0,TN,-8.856815882838347,-0.571940241941141
820,0,TN,-2.0589878001557333,-4.497838400181632
821,0,TN,-3.1290262965612397,3.546307760406726
822,1,TP,2.3317985294623633,-2.643877405218126
823,0,TN,0.35245501415203234,4.9720792640083715
824,0,TN,0.35245501415203234,4.9720792640083715
827,1,TP,-8.856815882838347,-0.571940241941141
829,1,TP,-8.856815882838347,-0.571940241941141
830,1,TP,7.5328806690549515,-3.547090869964796
831,0,FP,8.690110714782708,-3.2895648247306672
832,1,TP,7.5328806690549515,-3.547090869964796
833,0,FP,5.662341892879564,8.146240917758817
834,0,FP,7.1683806229699165,4.393004697701369
835,0,TN,-8.856815882838347,-0.571940241941141
836,0,TN,-8.856815882838347,-0.571940241941141
837,1,TP,-8.856815882838347,-0.571940241941141
838,1,TP,-8.856815882838347,-0.571940241941141
839,1,TP,-8.856815882838347,-0.571940241941141
840,0,TN,6.646194513049686,3.7923838555453715
841,1,TP,-8.856815882838347,-0.571940241941141
842,0,TN,0.35245501415203234,4.9720792640083715
844,0,TN,-8.856815882838347,-0.571940241941141
845,1,TP,-3.1290262965612397,3.546307760406726
846,0,TN,-3.1290262965612397,3.546307760406726
847,0,TN,-3.1290262965612397,3.546307760406726
848,1,FN,0.35245501415203234,4.9720792640083715
849,0,TN,-3.1290262965612397,3.546307760406726
850,0,TN,-3.1290262965612397,3.546307760406726
853,0,FP,6.060413101255545,5.375151872822886
854,1,TP,-2.461841816496185,0.6659994717361556
855,1,TP,-2.461841816496185,0.6659994717361556
856,1,TP,6.119927350238743,-7.622257254223709
857,1,TP,-2.461841816496185,0.6659994717361556
858,1,TP,-8.856815882838347,-0.571940241941141
859,1,TP,-3.1290262965612397,3.546307760406726
860,1,TP,7.2039719946004555,0.6992018568659499
861,0,TN,7.135099174691513,-2.395449473488779
862,1,FN,3.8223396284003313,7.475872514741477
864,0,TN,-2.0589878001557333,-4.497838400181632
865,0,TN,7.135099174691513,-2.395449473488779
866,0,TN,-2.0589878001557333,-4.497838400181632
867,1,TP,6.119927350238743,-7.622257254223709
868,1,TP,7.5328806690549515,-3.547090869964796
869,1,TP,7.2039719946004555,0.6992018568659499
871,1,TP,5.745534195529922,-1.5144334859307287
874,1,TP,-8.856815882838347,-0.571940241941141
875,1,TP,-8.856815882838347,-0.571940241941141
876,1,TP,-8.856815882838347,-0.571940241941141
877,0,FP,-2.0589878001557333,-4.497838400181632
878,1,TP,5.745534195529922,-1.5144334859307287
879,1,FN,1.171788574459693,-1.4984855190866548
880,0,TN,7.135099174691513,-2.395449473488779
882,1,TP,7.744019859898748,-5.148315581602445
883,1,TP,-8.856815882838347,-0.571940241941141
884,0,TN,7.135099174691513,-2.395449473488779
885,1,FN,1.171788574459693,-1.4984855190866548
888,1,TP,-8.856815882838347,-0.571940241941141
889,1,TP,7.134551934357736,-0.2820892347095875
890,0,TN,-8.856815882838347,-0.571940241941141
892,0,TN,-2.0589878001557333,-4.497838400181632
894,0,TN,-2.0589878001557333,-4.497838400181632
895,1,FN,-2.0589878001557333,-4.497838400181632
897,1,TP,-8.856815882838347,-0.571940241941141
899,1,TP,-8.856815882838347,-0.571940241941141
900,0,TN,3.8223396284003313,7.475872514741477
901,0,FP,-8.856815882838347,-0.571940241941141
904,1,TP,8.690110714782708,-3.2895648247306672
905,1,TP,8.690110714782708,-3.2895648247306672
906,0,TN,6.119927350238743,-7.622257254223709
908,1,TP,6.119927350238743,-7.622257254223709
910,1,TP,-8.856815882838347,-0.571940241941141
911,1,TP,2.3317985294623633,-2.643877405218126
912,1,TP,-8.856815882838347,-0.571940241941141
913,1,TP,-8.856815882838347,-0.571940241941141
914,1,TP,-8.856815882838347,-0.571940241941141
915,1,TP,-8.856815882838347,-0.571940241941141
916,1,TP,-8.856815882838347,-0.571940241941141
919,1,TP,-8.856815882838347,-0.571940241941141
920,1,TP,5.379803779987427,0.6842992976197236
921,0,FP,0.781387101697011,-0.3662125812426801
922,1,TP,-8.856815882838347,-0.571940241941141
923,1,TP,5.379803779987427,0.6842992976197236
925,0,FP,6.646194513049686,3.7923838555453715
926,1,TP,-8.856815882838347,-0.571940241941141
927,1,TP,5.662341892879564,8.146240917758817
928,0,TN,-8.856815882838347,-0.571940241941141
929,0,FP,6.646194513049686,3.7923838555453715
930,1,TP,-8.856815882838347,-0.571940241941141
936,1,TP,-8.856815882838347,-0.571940241941141
937,1,TP,-8.856815882838347,-0.571940241941141
939,1,TP,-8.856815882838347,-0.571940241941141
940,0,FP,-8.856815882838347,-0.571940241941141
941,1,TP,-8.856815882838347,-0.571940241941141
942,1,TP,4.902287869336324,2.0234117249931023
945,1,TP,-8.856815882838347,-0.571940241941141
946,1,TP,6.646194513049686,3.7923838555453715
947,1,TP,-8.856815882838347,-0.571940241941141
948,1,TP,-8.856815882838347,-0.571940241941141
949,1,TP,-8.856815882838347,-0.571940241941141
950,1,TP,-8.856815882838347,-0.571940241941141
951,1,TP,-8.856815882838347,-0.571940241941141
952,1,TP,-8.856815882838347,-0.571940241941141
953,1,TP,-8.856815882838347,-0.571940241941141
954,1,TP,-8.856815882838347,-0.571940241941141
955,1,TP,-8.856815882838347,-0.571940241941141
956,0,FP,-2.0589878001557333,-4.497838400181632
957,1,TP,-8.856815882838347,-0.571940241941141
958,1,TP,-8.856815882838347,-0.571940241941141
959,1,TP,7.5328806690549515,-3.547090869964796
961,1,TP,6.646194513049686,3.7923838555453715
962,0,TN,-3.1290262965612397,3.546307760406726
963,0,TN,0.413112716601003,3.4524530484616687
964,1,TP,-8.856815882838347,-0.571940241941141
965,1,TP,6.646194513049686,3.7923838555453715
966,1,TP,-8.856815882838347,-0.571940241941141
967,1,TP,-8.856815882838347,-0.571940241941141
968,0,TN,6.119927350238743,-7.622257254223709
969,1,TP,-8.856815882838347,-0.571940241941141
971,1,TP,-8.856815882838347,-0.571940241941141
972,1,TP,-8.856815882838347,-0.571940241941141
973,1,TP,-8.856815882838347,-0.571940241941141
974,0,FP,-2.0589878001557333,-4.497838400181632
975,1,TP,-8.856815882838347,-0.571940241941141
976,0,TN,7.5328806690549515,-3.547090869964796
977,0,TN,7.5328806690549515,-3.547090869964796
978,0,TN,6.119927350238743,-7.622257254223709
979,1,TP,-8.856815882838347,-0.571940241941141
980,0,FP,12.380871296887271,2.1929460029671684
981,1,TP,0.781387101697011,-0.3662125812426801
982,0,TN,-2.461841816496185,0.6659994717361556
983,1,TP,-8.856815882838347,-0.571940241941141
984,1,TP,0.781387101697011,-0.3662125812426801
985,0,FP,12.380871296887271,2.1929460029671684
986,1,TP,6.119927350238743,-7.622257254223709
987,1,TP,-8.856815882838347,-0.571940241941141
988,0,TN,6.646194513049686,3.7923838555453715
989,0,TN,6.646194513049686,3.7923838555453715
990,1,TP,-3.1290262965612397,3.546307760406726
991,0,TN,6.646194513049686,3.7923838555453715
992,0,TN,7.5328806690549515,-3.547090869964796
993,1,FN,6.646194513049686,3.7923838555453715
994,0,TN,7.5328806690549515,-3.547090869964796
995,0,TN,6.119927350238743,-7.622257254223709
997,1,TP,-8.856815882838347,-0.571940241941141
998,1,TP,-8.856815882838347,-0.571940241941141
999,1,FN,-8.856815882838347,-0.571940241941141
1000,1,TP,-8.856815882838347,-0.571940241941141
1001,1,TP,-8.856815882838347,-0.571940241941141
1002,1,TP,-2.636485698631515,2.1573894228760997
1003,1,TP,-8.856815882838347,-0.571940241941141
1004,1,TP,-8.856815882838347,-0.571940241941141
1006,1,TP,-8.856815882838347,-0.571940241941141
1007,1,TP,-8.856815882838347,-0.571940241941141
1008,1,TP,-8.856815882838347,-0.571940241941141
1009,1,TP,-8.856815882838314,-0.571940241941137
1011,1,TP,-8.856815882838314,-0.5719402419411371
1012,1,TP,-2.058987800155731,-4.497838400181653
1013,0,TN,-8.856815882838347,-0.571940241941141
1014,1,FN,-2.636485698631515,2.1573894228760997
1015,1,TP,6.119927350238743,-7.622257254223709
1016,1,TP,-8.856815882838347,-0.571940241941141
1017,1,TP,-8.856815882838347,-0.571940241941141
1018,1,TP,-8.856815882838347,-0.571940241941141
1019,1,TP,-8.856815882838347,-0.571940241941141
1021,1,TP,-8.856815882838347,-0.571940241941141
1022,1,TP,-8.856815882838347,-0.571940241941141
1023,0,FP,1.575407236177312,-3.138410113479413
1024,1,TP,-8.856815882838347,-0.571940241941141
1025,1,TP,8.690110714782708,-3.2895648247306672
1027,1,TP,-8.856815882838347,-0.571940241941141
1028,0,FP,7.134551934357736,-0.2820892347095875
1029,1,TP,1.1420305732133744,1.3749328945497186
1030,1,TP,8.690110714782708,-3.2895648247306672
1031,1,TP,6.119927350238743,-7.622257254223709
1032,1,TP,7.744019859898748,-5.148315581602445
1033,0,TN,-8.856815882838347,-0.571940241941141
1035,1,FN,-2.0589878001557333,-4.497838400181632
1036,1,TP,-3.1290262965612397,3.546307760406726
1037,1,TP,-8.856815882838347,-0.571940241941141
1038,0,TN,-8.856815882838347,-0.571940241941141
1039,1,TP,-8.856815882838347,-0.571940241941141
1040,1,TP,6.646194513049686,3.7923838555453715
1041,0,TN,3.8223396284003313,7.475872514741477
1043,1,TP,6.646194513049686,3.7923838555453715
1044,1,TP,-2.636485698631515,2.1573894228760997
1045,1,TP,-8.856815882838347,-0.571940241941141
1046,1,TP,-8.856815882838347,-0.571940241941141
1049,1,TP,7.5328806690549515,-3.547090869964796
1050,1,TP,7.5328806690549515,-3.547090869964796
1052,0,FP,4.306008228158603,6.019986082795963
1053,0,FP,-8.856815882838347,-0.571940241941141
1054,1,TP,-8.856815882838347,-0.571940241941141
1055,1,FN,-8.856815882838347,-0.571940241941141
1056,1,FN,-8.856815882838347,-0.571940241941141
1057,1,TP,-8.856815882838347,-0.571940241941141
1058,0,TN,6.119927350238743,-7.622257254223709
1059,1,TP,-8.856815882838347,-0.571940241941141
1060,1,TP,-8.856815882838347,-0.571940241941141
1061,1,TP,6.044008846543372,3.1690860450290694
1062,1,TP,-8.856815882838347,-0.571940241941141
1063,1,TP,-8.856815882838347,-0.571940241941141
1064,1,TP,-8.856815882838347,-0.571940241941141
1065,1,TP,6.119927350238743,-7.622257254223709
1067,1,TP,-8.856815882838347,-0.571940241941141
1068,1,TP,-3.1290262965612397,3.546307760406726
1069,1,TP,-3.1290262965612397,3.546307760406726
1071,1,TP,-8.856815882838347,-0.571940241941141
1072,0,TN,-8.856815882838347,-0.571940241941141
1073,1,FN,7.5328806690549515,-3.547090869964796
1075,0,TN,-8.856815882838347,-0.571940241941141
1076,1,TP,5.662341892879564,8.146240917758817
1077,1,TP,-8.856815882838347,-0.571940241941141
1078,0,FP,-2.0589878001557333,-4.497838400181632
1079,0,FP,-2.0589878001557333,-4.497838400181632
1080,1,FN,12.891232842879573,-1.9101096195517624
1081,1,TP,-8.856815882838347,-0.571940241941141
1082,1,FN,12.891232842879573,-1.9101096195517624
1083,1,FN,8.27119585498632,-1.647610333106073
1084,1,TP,-8.856815882838347,-0.571940241941141
1085,1,FN,8.27119585498632,-1.647610333106073
1086,0,TN,6.646194513049686,3.7923838555453715
1087,1,TP,-8.856815882838347,-0.571940241941141
1088,1,TP,-8.856815882838347,-0.571940241941141
1089,1,TP,7.1683806229699165,4.393004697701369
1090,1,TP,7.1683806229699165,4.393004697701369
1091,1,TP,-8.856815882838347,-0.571940241941141
1092,1,TP,-8.856815882838347,-0.571940241941141
1093,1,TP,6.119927350238743,-7.622257254223709
1094,1,TP,-8.856815882838347,-0.571940241941141
1095,1,FN,0.35245501415203234,4.9720792640083715
1096,0,FP,0.781387101697011,-0.3662125812426801
1097,1,FN,0.35245501415203234,4.9720792640083715
1098,0,TN,-2.636485698631515,2.1573894228760997
1099,1,TP,-8.856815882838347,-0.571940241941141
1100,0,TN,-2.636485698631515,2.1573894228760997
1101,1,TP,-8.856815882838347,-0.571940241941141
1102,1,TP,-8.856815882838347,-0.571940241941141
1103,1,TP,-2.0589878001557333,-4.497838400181632
1104,1,TP,-8.856815882838347,-0.571940241941141
1105,1,TP,-8.856815882838347,-0.571940241941141
1106,0,FP,-8.856815882838347,-0.571940241941141
1107,1,TP,-8.856815882838347,-0.571940241941141
1108,1,TP,-8.856815882838347,-0.571940241941141
1109,0,TN,-8.856815882838347,-0.571940241941141
1110,1,TP,-3.1290262965612397,3.546307760406726
1112,1,TP,-8.856815882838347,-0.571940241941141
1113,1,TP,-8.856815882838347,-0.571940241941141
1114,1,TP,6.044008846543372,3.1690860450290694
1115,1,TP,2.3317985294623633,-2.643877405218126
1116,1,TP,6.119927350238743,-7.622257254223709
1117,1,TP,6.119927350238743,-7.622257254223709
1118,1,TP,6.119927350238743,-7.622257254223709
1119,1,TP,2.3317985294623633,-2.643877405218126
1120,0,FP,-8.856815882838347,-0.571940241941141
1121,1,TP,2.3317985294623633,-2.643877405218126
1122,1,TP,-8.856815882838347,-0.571940241941141
1123,1,TP,-8.856815882838347,-0.571940241941141
1124,1,TP,-8.856815882838347,-0.571940241941141
1125,0,FP,6.119927350238743,-7.622257254223709
1126,1,TP,-8.856815882838347,-0.571940241941141
1127,1,TP,2.3317985294623633,-2.643877405218126
1128,1,TP,7.134551934357736,-0.2820892347095875
1130,1,TP,0.35245501415203234,4.9720792640083715
1131,1,TP,8.27119585498632,-1.647610333106073
1132,0,TN,6.119927350238743,-7.622257254223709
1133,1,TP,2.3317985294623633,-2.643877405218126
1134,1,TP,6.119927350238743,-7.622257254223709
1135,1,TP,-8.856815882838347,-0.571940241941141
1136,1,TP,-8.856815882838347,-0.571940241941141
1137,1,TP,6.119927350238743,-7.622257254223709
1138,1,TP,6.119927350238743,-7.622257254223709
1139,0,TN,6.119927350238743,-7.622257254223709
1140,1,FN,7.5328806690549515,-3.547090869964796
1141,1,FN,8.27119585498632,-1.647610333106073
1142,1,TP,-2.636485698631515,2.1573894228760997
1143,1,TP,-8.856815882838347,-0.571940241941141
1144,1,TP,-2.636485698631515,2.1573894228760997
1145,0,FP,1.1420305732133744,1.3749328945497186
1146,1,TP,-2.636485698631515,2.1573894228760997
1147,1,TP,7.7071980717735356,1.8121999776811175
1148,1,TP,-8.856815882838347,-0.571940241941141
1149,1,TP,-8.856815882838347,-0.571940241941141
1150,1,TP,-8.856815882838347,-0.571940241941141
1151,1,TP,-8.856815882838347,-0.571940241941141
1152,1,TP,-8.856815882838347,-0.571940241941141
1153,0,TN,1.0488295125286007,2.4965093019438234
1154,1,TP,-3.1290262965612397,3.546307760406726
1155,1,TP,5.29947370811647,-0.5774886090151763
1156,0,TN,1.0488295125286007,2.4965093019438234
1157,1,TP,-8.856815882838347,-0.571940241941141
1158,1,TP,-8.856815882838347,-0.571940241941141
1159,1,TP,4.306008228158603,6.019986082795963
1160,0,FP,-3.1290262965612397,3.546307760406726
1161,1,TP,-8.856815882838347,-0.571940241941141
1163,1,TP,-8.856815882838347,-0.571940241941141
1166,0,FP,4.306008228158603,6.019986082795963
1167,0,FP,12.147534619427985,5.742013042547955
1168,1,TP,-8.856815882838347,-0.571940241941141
1169,1,TP,-8.856815882838347,-0.571940241941141
1170,1,TP,-8.856815882838347,-0.571940241941141
1171,1,TP,0.781387101697011,-0.3662125812426801
1173,1,TP,-8.856815882838347,-0.571940241941141
1176,1,TP,5.29947370811647,-0.5774886090151763
1177,0,TN,3.8223396284003313,7.475872514741477
1178,1,TP,5.745534195529922,-1.5144334859307287
1179,0,TN,3.8223396284003313,7.475872514741477
1180,1,TP,-8.856815882838347,-0.571940241941141
1181,1,TP,-8.856815882838347,-0.571940241941141
1182,0,FP,-8.856815882838347,-0.571940241941141
1183,1,TP,-2.636485698631515,2.1573894228760997
1184,0,TN,-8.856815882838347,-0.571940241941141
1185,0,TN,7.352995576381089,3.2321515156990297
1186,1,TP,-8.856815882838347,-0.571940241941141
1187,0,FP,6.119927350238743,-7.622257254223709
1188,1,TP,-8.856815882838347,-0.571940241941141
1189,0,TN,7.352995576381089,3.2321515156990297
1190,0,TN,-8.856815882838347,-0.571940241941141
1191,1,TP,-8.856815882838314,-0.571940241941137
1192,0,TN,3.822339628400359,7.47587251474145
1193,1,TP,-8.856815882838314,-0.5719402419411371
1194,0,TN,3.8223396284003313,7.475872514741477
1195,1,FN,-8.856815882838347,-0.571940241941141
1196,1,FN,7.135099174691513,-2.395449473488779
1197,1,FN,7.5328806690549515,-3.547090869964796
1199,1,TP,-8.856815882838347,-0.571940241941141
1200,1,FN,7.5328806690549515,-3.547090869964796
1202,1,TP,-8.856815882838347,-0.571940241941141
1203,1,TP,-8.856815882838347,-0.571940241941141
1204,0,TN,-8.856815882838347,-0.571940241941141
1205,1,TP,-8.856815882838347,-0.571940241941141
1206,1,TP,-8.856815882838347,-0.571940241941141
1207,1,TP,-8.856815882838347,-0.571940241941141
1208,0,TN,1.575407236177312,-3.138410113479413
1209,1,TP,-8.856815882838347,-0.571940241941141
1210,1,TP,-8.856815882838347,-0.571940241941141
1212,0,TN,7.135099174691513,-2.395449473488779
1214,1,TP,-2.0589878001557333,-4.497838400181632
1215,1,TP,6.044008846543372,3.1690860450290694
1216,1,TP,-8.856815882838347,-0.571940241941141
1217,1,FN,0.781387101697011,-0.3662125812426801
1218,1,TP,-8.856815882838347,-0.571940241941141
1219,1,TP,1.511115748795167,-2.5633734026133146
1220,1,TP,-2.636485698631515,2.1573894228760997
1221,1,TP,-8.856815882838347,-0.571940241941141
1222,1,TP,-8.856815882838347,-0.571940241941141
1223,1,FN,7.5328806690549515,-3.547090869964796
1224,1,TP,-8.856815882838347,-0.571940241941141
1225,1,TP,-3.1290262965612397,3.546307760406726
1226,0,TN,7.5328806690549515,-3.547090869964796
1227,0,TN,-2.636485698631515,2.1573894228760997
1229,1,TP,2.3317985294623633,-2.643877405218126
1231,1,TP,-8.856815882838347,-0.571940241941141
1232,0,TN,0.781387101697011,-0.3662125812426801
1234,0,FP,6.044008846543372,3.1690860450290694
1235,1,TP,5.745534195529922,-1.5144334859307287
1236,0,FP,-8.856815882838347,-0.571940241941141
1238,1,TP,5.745534195529922,-1.5144334859307287
1239,0,TN,-8.856815882838347,-0.571940241941141
1240,0,FP,5.745534195529922,-1.5144334859307287
1241,0,TN,-2.636485698631515,2.1573894228760997
1243,1,TP,-8.856815882838347,-0.571940241941141
1244,0,TN,-2.0589878001557333,-4.497838400181632
1245,1,FN,6.119927350238743,-7.622257254223709
1247,0,TN,-2.636485698631515,2.1573894228760997
1249,1,TP,-2.636485698631515,2.1573894228760997
1252,0,TN,0.781387101697011,-0.3662125812426801
1253,0,TN,-3.1290262965612397,3.546307760406726
1254,0,TN,-2.461841816496185,0.6659994717361556
1256,0,FP,8.166612846385553,0.5274337561483918
1257,0,TN,-2.636485698631515,2.1573894228760997
1259,1,TP,7.2039719946004555,0.6992018568659499
1260,1,TP,7.2039719946004555,0.6992018568659499
1261,0,TN,-1.9897377470807622,-0.023799629516063407
1262,0,TN,3.8223396284003313,7.475872514741477
1264,0,TN,-8.856815882838347,-0.571940241941141
1265,1,TP,-8.856815882838347,-0.571940241941141
1268,1,TP,-8.856815882838347,-0.571940241941141
1269,1,FN,6.646194513049686,3.7923838555453715
1270,1,TP,2.3317985294623633,-2.643877405218126
1271,1,TP,2.3317985294623633,-2.643877405218126
1272,1,TP,-8.856815882838347,-0.571940241941141
1273,0,FP,-2.461841816496185,0.6659994717361556
1274,0,TN,-2.636485698631515,2.1573894228760997
1275,1,TP,8.690110714782708,-3.2895648247306672
1276,1,FN,-8.856815882838347,-0.571940241941141
1277,0,FP,-8.856815882838347,-0.571940241941141
1278,1,FN,-3.1290262965612397,3.546307760406726
1279,1,FN,-8.856815882838347,-0.571940241941141
1280,1,TP,-8.856815882838347,-0.571940241941141
1283,1,TP,8.690110714782708,-3.2895648247306672
1286,0,FP,-3.1290262965612397,3.546307760406726
1287,1,TP,-8.856815882838347,-0.571940241941141
1288,0,FP,-8.856815882838347,-0.571940241941141
1289,0,TN,7.135099174691513,-2.395449473488779
1290,0,TN,7.135099174691513,-2.395449473488779
1291,0,FP,7.744019859898748,-5.148315581602445
1293,1,TP,-8.856815882838347,-0.571940241941141
1294,0,TN,-3.1290262965612397,3.546307760406726
1296,0,TN,7.135099174691513,-2.395449473488779
1297,0,TN,7.135099174691513,-2.395449473488779
1298,1,TP,-8.856815882838347,-0.571940241941141
1299,1,TP,6.119927350238743,-7.622257254223709
1300,0,TN,1.2438567725224552,4.457279953123743
1301,1,TP,6.119927350238743,-7.622257254223709
1302,1,TP,7.134551934357736,-0.2820892347095875
1303,1,TP,-8.856815882838347,-0.571940241941141
1304,0,FP,-8.856815882838347,-0.571940241941141
1305,0,TN,-8.856815882838347,-0.571940241941141
1306,0,TN,7.5328806690549515,-3.547090869964796
1307,0,TN,-2.0589878001557333,-4.497838400181632
1308,0,FP,8.690110714782708,-3.2895648247306672
1309,0,TN,-2.0589878001557333,-4.497838400181632
1310,0,TN,-8.856815882838347,-0.571940241941141
1311,0,TN,7.5328806690549515,-3.547090869964796
1312,1,TP,-8.856815882838347,-0.571940241941141
1313,0,TN,3.8223396284003313,7.475872514741477
1314,1,FN,8.12751857114159,-0.03454867840751925
1315,1,FN,8.12751857114159,-0.03454867840751925
1316,1,FN,-2.0589878001557333,-4.497838400181632
1317,1,TP,5.745534195529922,-1.5144334859307287
1318,1,TP,-8.856815882838347,-0.571940241941141
1319,1,FN,-2.0589878001557333,-4.497838400181632
1320,1,FN,-8.856815882838347,-0.571940241941141
1321,0,TN,1.1920781203040256,-2.442381506524593
1322,1,TP,5.745534195529922,-1.5144334859307287
1323,0,FP,-8.856815882838347,-0.571940241941141
1324,1,TP,-8.856815882838347,-0.571940241941141
1329,0,TN,6.646194513049686,3.7923838555453715
1330,1,FN,7.5328806690549515,-3.547090869964796
1331,1,FN,7.5328806690549515,-3.547090869964796
1332,0,TN,-8.856815882838347,-0.571940241941141
1333,1,FN,6.646194513049686,3.7923838555453715
1334,0,TN,-8.856815882838347,-0.571940241941141
1335,0,TN,-2.461841816496185,0.6659994717361556
1336,1,TP,-8.856815882838347,-0.571940241941141
1337,0,TN,6.646194513049686,3.7923838555453715
1338,0,TN,6.646194513049686,3.7923838555453715
1339,0,TN,6.646194513049686,3.7923838555453715
1345,0,FP,-3.1290262965612397,3.546307760406726
1347,0,FP,6.119927350238743,-7.622257254223709
1348,0,TN,-2.636485698631515,2.1573894228760997
1349,0,TN,-2.636485698631515,2.1573894228760997
1351,0,TN,1.171788574459693,-1.4984855190866548
1352,1,TP,5.745534195529922,-1.5144334859307287
1356,0,TN,6.646194513049686,3.7923838555453715
1357,0,TN,6.646194513049686,3.7923838555453715
1358,1,TP,-2.461841816496185,0.6659994717361556
1359,0,TN,7.5328806690549515,-3.547090869964796
1362,0,TN,-2.0589878001557333,-4.497838400181632
1364,0,TN,-8.856815882838347,-0.571940241941141
1365,1,TP,5.745534195529922,-1.5144334859307287
1367,0,TN,-2.636485698631515,2.1573894228760997
1368,1,TP,5.379803779987427,0.6842992976197236
1369,1,FN,-2.0589878001557333,-4.497838400181632
1370,0,TN,0.35245501415203234,4.9720792640083715
1371,0,TN,-8.856815882838347,-0.571940241941141
1372,1,TP,5.379803779987427,0.6842992976197236
1373,0,TN,-8.856815882838347,-0.571940241941141
1374,0,TN,-8.856815882838347,-0.571940241941141
1375,0,TN,-3.1290262965612397,3.546307760406726
1376,0,TN,7.5328806690549515,-3.547090869964796
1377,0,TN,-8.856815882838347,-0.571940241941141
1378,1,TP,-8.856815882838347,-0.571940241941141
1379,1,FN,6.646194513049686,3.7923838555453715
1382,0,TN,-8.856815882838347,-0.571940241941141
1383,0,TN,7.5328806690549515,-3.547090869964796
1384,0,TN,7.5328806690549515,-3.547090869964796
1385,0,TN,-2.0589878001557333,-4.497838400181632
1386,0,TN,-8.856815882838347,-0.571940241941141
1387,0,TN,-3.1290262965612397,3.546307760406726
1388,0,TN,-3.1290262965612397,3.546307760406726
1390,0,TN,7.135099174691513,-2.395449473488779
1391,1,TP,-8.856815882838347,-0.571940241941141
1393,0,TN,-2.636485698631515,2.1573894228760997
1395,0,TN,7.135099174691513,-2.395449473488779
1396,1,FN,-2.461841816496185,0.6659994717361556
1397,0,TN,-2.461841816496185,0.6659994717361556
1398,0,TN,7.5328806690549515,-3.547090869964796
1400,1,TP,7.744019859898748,-5.148315581602445
1401,0,TN,4.80941732737671,-0.018302726063085806
1402,0,TN,4.809417327376734,-0.018302726063090326
1403,1,TP,-8.856815882838314,-0.5719402419411371
1404,1,TP,4.306008228158618,6.019986082795987
1406,1,TP,-8.856815882838347,-0.571940241941141
1407,1,TP,-8.856815882838347,-0.571940241941141
1408,1,TP,7.2039719946004555,0.6992018568659499
1409,1,TP,-8.856815882838347,-0.571940241941141
1410,1,TP,7.2039719946004555,0.6992018568659499
1411,1,FN,3.8223396284003313,7.475872514741477
1412,1,TP,1.171788574459693,-1.4984855190866548
1413,1,TP,-8.856815882838347,-0.571940241941141
1415,0,FP,7.1683806229699165,4.393004697701369
1416,0,TN,-3.1290262965612397,3.546307760406726
1417,0,FP,7.1683806229699165,4.393004697701369
1418,1,TP,-8.856815882838347,-0.571940241941141
1419,0,TN,0.35245501415203234,4.9720792640083715
1420,0,TN,6.119927350238743,-7.622257254223709
1421,0,TN,0.35245501415203234,4.9720792640083715
1423,1,TP,6.853876054878419,1.3976009145300654
1424,0,FP,8.690110714782708,-3.2895648247306672
1425,1,TP,7.653722871910185,2.2177793672383994
1426,1,TP,7.653722871910185,2.2177793672383994
1427,1,TP,-8.856815882838347,-0.571940241941141
1428,0,FP,-8.856815882838347,-0.571940241941141
1429,0,FP,7.7694224699679575,2.0155947930605342
1430,0,FP,-8.856815882838347,-0.571940241941141
1432,1,FN,8.12751857114159,-0.03454867840751925
1433,1,TP,-8.856815882838347,-0.571940241941141
1435,1,FN,6.119927350238743,-7.622257254223709
1436,1,FN,6.119927350238743,-7.622257254223709
1437,0,TN,2.3317985294623633,-2.643877405218126
1438,0,TN,3.8223396284003313,7.475872514741477
1439,0,TN,0.7676105936825584,2.445699689071881
1440,1,TP,7.134551934357736,-0.2820892347095875
1441,1,TP,-8.856815882838347,-0.571940241941141
1442,1,FN,-2.0589878001557333,-4.497838400181632
1443,0,TN,-3.1290262965612397,3.546307760406726
1444,0,FP,6.119927350238743,-7.622257254223709
1445,1,TP,7.134551934357736,-0.2820892347095875
1446,1,FN,-2.0589878001557333,-4.497838400181632
1447,0,TN,-3.1290262965612397,3.546307760406726
1448,0,TN,-3.1290262965612397,3.546307760406726
1450,1,TP,-8.856815882838347,-0.571940241941141
1451,1,TP,-8.856815882838347,-0.571940241941141
1452,1,TP,-8.856815882838347,-0.571940241941141
1453,1,TP,5.29947370811647,-0.5774886090151763
1454,0,TN,6.119927350238743,-7.622257254223709
1455,1,TP,6.777690054180146,2.45599681155199
1456,1,FN,3.8223396284003313,7.475872514741477
1457,1,FN,8.12751857114159,-0.03454867840751925
1458,0,TN,6.119927350238743,-7.622257254223709
1459,0,FP,-2.0589878001557333,-4.497838400181632
1460,1,TP,-8.856815882838347,-0.571940241941141
1461,1,TP,1.1420305732133744,1.3749328945497186
1462,0,TN,3.8223396284003313,7.475872514741477
1465,0,TN,0.35245501415203234,4.9720792640083715
1466,0,TN,0.35245501415203234,4.9720792640083715
1468,0,TN,3.8223396284003313,7.475872514741477
1470,0,TN,-8.856815882838347,-0.571940241941141
1471,0,TN,-2.636485698631515,2.1573894228760997
1472,0,FP,6.119927350238743,-7.622257254223709
1473,1,TP,-8.856815882838347,-0.571940241941141
1475,0,TN,6.119927350238743,-7.622257254223709
1476,1,TP,2.3317985294623633,-2.643877405218126
1477,0,TN,6.119927350238743,-7.622257254223709
1478,1,TP,2.3317985294623633,-2.643877405218126
1479,0,TN,3.8223396284003313,7.475872514741477
1480,0,FP,-2.0589878001557333,-4.497838400181632
1481,0,TN,-3.1290262965612397,3.546307760406726
1482,0,FP,-2.0589878001557333,-4.497838400181632
1484,0,FP,-2.0589878001557333,-4.497838400181632
1485,0,TN,3.8223396284003313,7.475872514741477
1486,0,TN,-3.1290262965612397,3.546307760406726
1487,0,TN,0.35245501415203234,4.9720792640083715
1489,0,FP,6.119927350238743,-7.622257254223709
1490,1,TP,7.5328806690549515,-3.547090869964796
1491,1,TP,-8.856815882838347,-0.571940241941141
1492,0,FP,6.119927350238743,-7.622257254223709
1493,0,FP,5.745534195529922,-1.5144334859307287
1494,0,TN,6.119927350238743,-7.622257254223709
1496,1,TP,1.1249301066042452,1.8846670352709183
1497,0,TN,6.119927350238743,-7.622257254223709
1498,1,TP,6.119927350238743,-7.622257254223709
1499,1,FN,3.8223396284003313,7.475872514741477
1500,1,TP,6.119927350238743,-7.622257254223709
1501,0,TN,-8.856815882838347,-0.571940241941141
1502,0,TN,-8.856815882838347,-0.571940241941141
1503,0,TN,8.12751857114159,-0.03454867840751925
1504,1,TP,-2.0589878001557333,-4.497838400181632
1505,1,TP,-8.856815882838347,-0.571940241941141
1506,0,TN,-3.1290262965612397,3.546307760406726
1508,1,TP,-8.856815882838347,-0.571940241941141
1509,1,TP,-2.0589878001557333,-4.497838400181632
1510,0,FP,-8.856815882838347,-0.571940241941141
1512,0,TN,-3.1290262965612397,3.546307760406726
1513,1,FN,-3.1290262965612397,3.546307760406726
1515,1,FN,-8.856815882838347,-0.571940241941141
1516,1,FN,-8.856815882838347,-0.571940241941141
1517,0,FP,4.306008228158603,6.019986082795963
1519,0,FP,1.511115748795167,-2.5633734026133146
1520,0,TN,-3.1290262965612397,3.546307760406726
1522,0,TN,5.379803779987427,0.6842992976197236
1523,0,FP,4.306008228158603,6.019986082795963
1528,1,TP,8.690110714782708,-3.2895648247306672
1530,1,FN,0.35245501415203234,4.9720792640083715
1531,1,TP,-8.856815882838347,-0.571940241941141
1532,0,TN,-3.1290262965612397,3.546307760406726
1534,0,TN,6.119927350238743,-7.622257254223709
1535,1,TP,6.119927350238743,-7.622257254223709
1536,1,FN,0.35245501415203234,4.9720792640083715
1538,1,FN,0.35245501415203234,4.9720792640083715
1539,0,FP,5.745534195529922,-1.5144334859307287
1541,1,TP,-8.856815882838347,-0.571940241941141
1542,1,TP,-8.856815882838347,-0.571940241941141
1543,1,FN,3.8223396284003313,7.475872514741477
1544,1,TP,0.781387101697011,-0.3662125812426801
1545,1,TP,-8.856815882838347,-0.571940241941141
1546,1,FN,0.35245501415203234,4.9720792640083715
1548,0,FP,-8.856815882838347,-0.571940241941141
1549,0,FP,0.781387101697011,-0.3662125812426801
1550,1,TP,-8.856815882838347,-0.571940241941141
1551,0,TN,-3.1290262965612397,3.546307760406726
1552,0,TN,-8.856815882838347,-0.571940241941141
1553,1,TP,7.134551934357736,-0.2820892347095875
1554,0,TN,-8.856815882838347,-0.571940241941141
1555,1,FN,3.8223396284003313,7.475872514741477
1557,0,TN,3.8223396284003313,7.475872514741477
1558,1,FN,3.8223396284003313,7.475872514741477
1559,0,TN,6.119927350238743,-7.622257254223709
1560,0,TN,6.119927350238743,-7.622257254223709
1561,0,TN,6.119927350238743,-7.622257254223709
1562,0,TN,6.119927350238743,-7.622257254223709
1563,0,TN,-2.636485698631515,2.1573894228760997
1564,0,TN,-2.636485698631515,2.1573894228760997
1565,0,TN,-2.636485698631515,2.1573894228760997
1566,1,TP,7.2039719946004555,0.6992018568659499
1567,1,TP,-8.856815882838347,-0.571940241941141
1568,0,TN,-2.636485698631515,2.1573894228760997
1569,0,TN,-3.1290262965612397,3.546307760406726
1570,1,TP,6.119927350238743,-7.622257254223709
1571,1,TP,-8.856815882838347,-0.571940241941141
1572,1,TP,-8.856815882838347,-0.571940241941141
1573,0,TN,6.119927350238743,-7.622257254223709
1574,1,TP,-8.856815882838347,-0.571940241941141
1575,1,FN,12.470691190916153,1.5153034771601857
1576,1,TP,-8.856815882838347,-0.571940241941141
1577,1,TP,-2.636485698631515,2.1573894228760997
1578,1,TP,6.119927350238743,-7.622257254223709
1579,1,TP,6.119927350238743,-7.622257254223709
1580,0,FP,8.690110714782708,-3.2895648247306672
1581,1,TP,-8.856815882838347,-0.571940241941141
1582,0,FP,8.690110714782708,-3.2895648247306672
1583,0,FP,5.745534195529922,-1.5144334859307287
1584,0,TN,7.135099174691513,-2.395449473488779
1585,1,TP,-8.856815882838347,-0.571940241941141
1586,1,TP,-8.856815882838347,-0.571940241941141
1587,1,TP,-8.856815882838347,-0.571940241941141
1588,1,TP,8.690110714782708,-3.2895648247306672
1589,1,TP,-8.856815882838347,-0.571940241941141
1590,0,TN,-8.856815882838347,-0.571940241941141
1591,1,TP,5.379803779987427,0.6842992976197236
1592,1,TP,6.119927350238743,-7.622257254223709
1594,1,FN,-3.1290262965612397,3.546307760406726
1596,1,TP,7.045901384123894,0.4957839490476508
1598,0,TN,-3.129026296561241,3.546307760406676
1599,1,TP,-8.856815882838314,-0.571940241941137
